Account ID,Status,State,Account Name,Revenue Last Year,Create Date,Terms,Zip Code,Standard Discount %,Average Margin % This Year,Sales Rep,Address,Average Margin % All Time,Type,Revenue This Year,Account Review Date,All Time Revenue,Average Margin % Last Year
A-10353,Active,WA,Amelia Bailey,0.00,2021-11-04,50/50,98402,0.0000,,Devon Hale,"7443 Lincoln Ln, Tacoma",0.6020,Direct Individual,0.00,2025-10-06,426.79,
A-10558,Active,FL,Amelia Collins,1585.92,2021-12-21,100% Prepay,32801,0.0000,,Devon Hale,"7088 Commerce Ave, Orlando",0.5958,Direct Individual,0.00,2026-01-29,9078.24,0.6003
A-10568,Active,HI,Amelia Foster,1322.02,2022-06-22,100% Prepay,96813,0.0000,,Devon Hale,"4791 Pine St, Honolulu",0.5925,Direct Individual,0.00,2026-08-13,13901.80,0.5925
A-10479,Active,MN,Amelia Murphy,0.00,2026-09-09,100% Prepay,55401,0.0000,,Devon Hale,"5912 Meadow Ln, Minneapolis",,Direct Individual,0.00,2026-09-10,0.00,
A-10485,Active,TX,Amelia Nguyen,1615.68,2022-02-11,100% Prepay,78701,0.0000,0.5949,Devon Hale,"5953 River Dr, Austin",0.5964,Direct Individual,9412.56,2025-12-20,21009.06,0.6068
A-10516,Active,IN,Amelia Price,1370.04,2023-04-24,100% Prepay,46204,0.0000,,Devon Hale,"1909 Main Ave, Indianapolis",0.5988,Direct Individual,0.00,2025-04-05,1499.31,0.5979
A-11034,Active,AZ,Amelia Price,0.00,2026-07-28,100% Prepay,85701,0.0000,,Devon Hale,"2333 Maple Pkwy, Tucson",,Direct Individual,0.00,2026-08-21,0.00,
A-10402,Active,AZ,Aspen Business Furnishings,83093.29,2024-01-03,100% Prepay,85004,0.1000,0.4674,Marcus Chen,"663 Cedar Dr, Phoenix",0.4855,Direct Business,47367.66,2026-02-24,130460.95,0.4958
A-10225,Active,FL,Aspen Commercial Interiors,53720.80,2022-04-25,50/50,33128,0.2000,0.4987,Luis Romero,"3082 Oak Rd, Miami",0.4809,Direct Business,8694.70,2025-07-26,375180.15,0.4880
A-10253,Active,DC,Aspen Community Center,0.00,2022-03-22,100% Prepay,20001,0,0.4947,Marcus Chen,"5109 Harbor Ln, Washington",0.4741,Direct Business,32459.95,2025-03-19,407800.52,
A-10589,Active,AK,Aspen Conference Services,41709.44,2025-04-18,Net 30,99501,0.1000,,Natalie Price,"5043 Industrial Way, Anchorage",0.5225,Direct Business,0.00,2026-06-07,41709.44,0.5225
A-10178,Active,WY,Aspen Education Services,0.00,2022-04-08,Net 30,82001,0,0.5437,Jordan Kim,"4538 Cedar Ln, Cheyenne",0.5159,Direct Business,43043.36,2025-07-06,128469.91,
A-10562,Active,TX,Aspen Event Services,43876.96,2023-07-08,100% Prepay,78701,0.1000,0.4865,Carla Mendes,"6932 Market Way, Austin",0.4988,Direct Business,47483.96,2026-05-11,219134.51,0.5433
A-10585,Active,TX,Aspen Facilities,152091.52,2021-11-24,100% Prepay,75201,0.1500,0.4781,Priya Nair,"8443 Oak St, Dallas",0.4945,Direct Business,187354.44,2025-06-17,562928.42,0.4916
A-11046,Active,KY,Aspen Facility Services,0.00,2026-07-24,Net 30,40202,0,,Elena Ruiz,"7138 Broadway Ave, Louisville",,Direct Business,0.00,2026-09-07,0.00,
A-10859,Active,WY,Aspen Office Supply,91010.51,2022-01-04,Net 30,82001,0,,Luis Romero,"1562 Pine Ave, Cheyenne",0.5096,Direct Business,0.00,2026-01-22,127033.65,0.5132
A-11215,Active,MN,Aspen Purchasing Group,158793.42,2021-11-30,100% Prepay,55401,0.1000,,Luis Romero,"3334 Lakeview Ave, Minneapolis",0.4898,Direct Business,0.00,2025-05-25,526232.92,0.4732
A-10160,Active,TN,Aspen School Supply,0.00,1/15/2023,100% Prepay,37203,0,0.4616,Elena Ruiz,"4901 Sunset Pkwy, Nashville",0.4777,Direct Business,193460.17,2/23/2025,283533.65,
A-11174,Active,SD,Aspen Workplace Group,146010.30,2022-04-23,100% Prepay,57104,0.2000,0.5057,Natalie Price,"4403 Main Way, Sioux Falls",0.4873,Direct Business,44268.26,2025-05-14,545745.36,0.5011
A-10369,Active,NY,Atlas Home Goods Store #0292,9432.30,2023-08-03,Net 30,10001,0.1500,0.4926,Natalie Price,"2479 Park Ave, New York",0.4460,Big Box Store,10996.44,2026-03-28,165994.48,0.5149
A-10260,Active,MO,Atlas Home Goods Store #0407,54200.16,2024-06-14,Net 30,64106,0.2500,0.4700,Owen Brooks,"2008 Park Dr, Kansas City",0.4667,Big Box Store,162426.25,2026-08-26,216626.41,0.4567
A-10513,Active,IA,Atlas Home Goods Store #0853,11869.20,2021-10-11,Net 30,50309,0.2500,,Natalie Price,"5163 Meadow Rd, Des Moines",0.4339,Big Box Store,0.00,2026-02-25,460284.02,0.4561
A-10311,Active,GA,Atlas Home Goods Store #1598,175281.51,2021-12-11,50/50,30303,0.3000,,Marcus Chen,"2059 River Rd, Atlanta",0.4233,Big Box Store,0.00,2025-07-18,692634.34,0.4189
A-10504,Active,CT,Atlas Home Goods Store #1727,0.00,2021-11-09,Net 30,06103,0.2500,0.4691,Jordan Kim,"7799 Harbor Blvd, Hartford",0.4386,Big Box Store,103449.75,2025-04-09,288982.78,
A-10184,Active,AZ,Atlas Home Goods Store #1813,0.00,2026-07-10,Net 30,85004,0.2500,,Natalie Price,"2076 Market Blvd, Phoenix",,Big Box Store,0.00,2026-07-29,0.00,
A-10289,Active,CA,Atlas Home Goods Store #1873,6140.64,2025-08-14,100% Prepay,92101,0.2000,0.5083,Priya Nair,"8841 Center St, San Diego",0.5088,Big Box Store,18512.26,2026-08-24,24652.90,0.5102
A-10910,Active,IA,Atlas Home Goods Store #1979,0.00,2025-12-11,Net 30,50309,0.1500,0.4592,Jordan Kim,"2252 Commerce Rd, Des Moines",0.4592,Big Box Store,122705.83,2026-06-24,122705.83,
A-10544,Active,AR,Atlas Home Goods Store #2321,259986.79,2021-10-13,Net 30,72201,0.2000,0.4521,Carla Mendes,"857 Main St, Little Rock",0.4460,Big Box Store,109153.62,2026-07-07,1133647.11,0.4628
A-10218,Active,FL,Atlas Home Goods Store #2543,161874.15,2021-12-23,Net 30,33602,0.2000,0.4612,Luis Romero,"3778 Broadway Ln, Tampa",0.4413,Big Box Store,105001.75,2025-05-16,763165.63,0.4490
A-10789,Active,IN,Atlas Home Goods Store #2630,96617.73,2024-07-25,50/50,46204,0.2000,,Luis Romero,"2066 Market Blvd, Indianapolis",0.4234,Big Box Store,0.00,2026-02-04,101570.65,0.4188
A-10037,Active,WA,Atlas Home Goods Store #2633,90431.66,2021-12-11,Net 30,98101,0.3000,0.4307,Natalie Price,"7421 Oak Ln, Seattle",0.4290,Big Box Store,111280.89,2025-05-21,279047.28,0.4315
A-10718,Active,OH,Atlas Home Goods Store #2757,0.00,2025-06-07,Net 30,43215,0.2000,,Jordan Kim,"739 Maple Rd, Columbus",,Big Box Store,0.00,2025-09-27,0.00,
A-11101,Active,WV,Atlas Home Goods Store #2782,34399.82,2023-09-13,Net 30,25301,0.1500,0.4335,Owen Brooks,"939 Pine Pkwy, Charleston",0.4474,Big Box Store,47263.62,2026-03-17,241968.35,0.4738
A-10141,Active,WV,Atlas Home Goods Store #3599,0.00,2026-08-24,Net 30,25301,0.2000,,Luis Romero,"5878 Lincoln Dr, Charleston",,Big Box Store,0.00,2026-09-01,0.00,
A-10456,Active,LA,Atlas Home Goods Store #4213,0.00,2026-08-08,Net 30,70112,0.1500,,Marcus Chen,"3897 Lincoln Blvd, New Orleans",,Big Box Store,0.00,2026-09-03,0.00,
A-10296,Active,WA,Atlas Home Goods Store #4813,54768.40,2022-12-13,Net 30,98402,0.2000,0.4564,Natalie Price,"7773 Market Way, Tacoma",0.4449,Big Box Store,202752.31,2026-07-04,869949.72,0.4367
A-10124,Active,IA,Atlas Home Goods Store #4979,77107.75,2024-11-01,Net 30,50309,0.2500,,Elena Ruiz,"8467 Meadow Ave, Des Moines",0.4382,Big Box Store,0.00,2025-07-15,77107.75,0.4382
A-10156,Active,WV,Atlas Home Goods Store #5151,18775.44,2025-03-10,50/50,25301,0.2000,0.4368,Owen Brooks,"4746 Pine Way, Charleston",0.4454,Big Box Store,33682.14,2025-03-24,52457.58,0.4608
A-10416,Active,ID,Atlas Home Goods Store #5162,297743.72,2024-10-25,Net 30,83702,0.2000,0.4383,Elena Ruiz,"8776 Industrial Dr, Boise",0.4532,Big Box Store,170356.12,2025-10-25,468099.84,0.4617
A-10476,Active,KY,Atlas Home Goods Store #5269,261842.65,2022-09-18,Net 30,40202,0.3000,,Natalie Price,"2066 Main St, Louisville",0.4229,Big Box Store,0.00,2025-03-05,660383.24,0.4186
A-11014,Active,TX,Atlas Home Goods Store #5452,0.00,2026-03-19,Net 30,75201,0.1500,,Jordan Kim,"326 Hill St, Dallas",,Big Box Store,0.00,2026-04-11,0.00,
A-10843,Active,HI,Atlas Home Goods Store #5809,44618.26,2021-10-04,Net 30,96813,0.2000,0.4343,Carla Mendes,"815 Lakeview St, Honolulu",0.4424,Big Box Store,158857.07,2026-05-08,890108.87,0.4101
A-10064,Active,CO,Atlas Home Goods Store #6224,0.00,2021-09-26,Net 30,80202,0.3000,0.4239,Owen Brooks,"4018 Broadway Pkwy, Denver",0.4238,Big Box Store,119240.85,2026-04-17,530189.11,
A-10374,Active,WI,Atlas Home Goods Store #6254,102608.75,2023-11-02,Net 30,53202,0.3000,,Priya Nair,"8877 Washington St, Milwaukee",0.4235,Big Box Store,0.00,2025-02-23,239922.51,0.4171
A-10975,Active,MN,Atlas Home Goods Store #6451,0.00,2026-06-08,Net 30,55401,0.2000,,Owen Brooks,"2029 Lincoln Pkwy, Minneapolis",,Big Box Store,0.00,2026-08-14,0.00,
A-11198,Active,MD,Atlas Home Goods Store #6902,43188.57,2024-09-06,Net 30,21201,0.2500,0.4806,Priya Nair,"8147 Industrial Rd, Baltimore",0.4770,Big Box Store,62745.94,2026-05-23,105934.51,0.4718
A-10468,Active,AZ,Atlas Home Goods Store #7326,0.00,2025-09-28,Net 30,85004,0.2000,,Carla Mendes,"378 Lincoln Ave, Phoenix",,Big Box Store,0.00,2026-04-16,0.00,
A-11234,Active,CO,Atlas Home Goods Store #7579,0.00,2025-11-17,Net 30,80202,0.2500,,Natalie Price,"629 Washington Blvd, Denver",,Big Box Store,0.00,2026-08-05,0.00,
A-10788,Active,WA,Atlas Home Goods Store #8491,0.00,2026-02-04,Net 30,98402,0.1000,0.5482,Marcus Chen,"4384 Main St, Tacoma",0.5482,Big Box Store,371.70,2026-06-21,371.70,
A-10321,Active,FL,Atlas Home Goods Store #8866,132827.23,2024-02-17,Net 30,33128,0.1500,0.4833,Carla Mendes,"2328 Commerce Ln, Miami",0.4494,Big Box Store,22429.03,2026-04-26,155256.26,0.4436
A-10761,Active,AZ,Atlas Home Goods Store #8873,274229.58,2024-08-10,Net 30,85701,0.2000,0.4228,Owen Brooks,"8233 Main Ln, Tucson",0.4340,Big Box Store,104794.20,2025-07-01,379023.78,0.4383
A-11197,Active,PA,Atlas Home Goods Store #9000,161943.53,2022-09-30,Net 30,15222,0.3000,0.4337,Elena Ruiz,"8175 Harbor Blvd, Pittsburgh",0.4278,Big Box Store,350107.36,2025-04-05,1105304.15,0.4267
A-10356,Active,UT,Audrey Gray,0.00,2026-07-17,100% Prepay,84101,0.0000,,Devon Hale,"5665 Center Dr, Salt Lake City",,Direct Individual,0.00,2026-07-29,0.00,
A-11016,Active,GA,Audrey Long,1967.04,2022-12-27,100% Prepay,30303,0.0000,0.6113,Devon Hale,"8439 Lincoln Blvd, Atlanta",0.6015,Direct Individual,899.00,2026-06-23,8224.17,0.5896
A-10228,Active,WA,Audrey Stewart,2100.98,2022-08-05,100% Prepay,98101,0.0000,0.5885,Devon Hale,"1474 Lakeview Pkwy, Seattle",0.5989,Direct Individual,780.00,2026-08-04,5336.16,0.5945
A-10133,Active,CT,Avery Bell,0.00,2025-06-14,100% Prepay,06103,0.0000,0.5964,Devon Hale,"3518 Valley Blvd, Hartford",0.5964,Direct Individual,489.02,2025-12-25,489.02,
A-10502,Active,ND,Avery Bennett,0.00,2021-11-11,100% Prepay,58102,0.0000,,Devon Hale,"5113 Lakeview Pkwy, Fargo",0.6010,Direct Individual,0.00,2026-04-02,7499.17,
A-10175,Active,NY,Avery Cooper,0.00,2021-11-25,100% Prepay,14202,0.0000,0.5851,Carla Mendes,"8425 River Rd, Buffalo",0.6008,Direct Individual,499.00,2026-04-17,3511.79,
A-10272,Active,VT,Avery Kim,2777.88,2021-12-25,100% Prepay,05401,0.0000,,Devon Hale,"441 Main Blvd, Burlington",0.6007,Direct Individual,0.00,2025-06-11,7604.26,0.5885
A-10361,Active,TN,Avery Price,1055.04,2021-11-20,100% Prepay,37203,0.0000,,Devon Hale,"5772 Hill St, Nashville",0.6001,Direct Individual,0.00,2025-08-12,3853.34,0.5932
A-11249,Active,WA,BluePeak Home #4758,78547.15,2022-02-06,Net 30,98402,0.3000,,Luis Romero,"4573 Industrial Pkwy, Tacoma",0.4242,Big Box Store,0.00,2025-04-20,344370.74,0.4102
A-10916,Active,DE,BluePeak Home Store #0025,13713.12,2021-12-22,100% Prepay,19801,0.2500,0.4498,Luis Romero,"6850 River Blvd, Wilmington",0.4422,Big Box Store,318619.24,2026-03-10,782981.41,0.4568
A-10645,Active,IA,BluePeak Home Store #0469,0.00,2026-06-20,Net 30,50309,0.1500,,Carla Mendes,"3386 Lakeview Way, Des Moines",,Big Box Store,0.00,2026-07-17,0.00,
A-10914,Active,NE,BluePeak Home Store #0607,0.00,2026-02-27,Net 30,68102,0.2500,0.4547,Jordan Kim,"7424 Hill St, Omaha",0.4547,Big Box Store,29108.25,2026-07-03,29108.25,
A-11238,Active,WI,BluePeak Home Store #0859,203622.80,2022-12-11,Net 30,53202,0.2000,,Carla Mendes,"2120 Broadway Pkwy, Milwaukee",0.4545,Big Box Store,0.00,2026-09-02,464660.93,0.4560
A-10387,Active,PA,BluePeak Home Store #1115,93311.72,2021-09-29,Net 30,15222,0.2500,0.4742,Elena Ruiz,"3944 River Ln, Pittsburgh",0.4490,Big Box Store,35868.46,2025-10-31,445133.65,0.4150
A-10701,Active,IA,BluePeak Home Store #1135,15506.04,2024-06-12,Net 30,50309,0.2000,0.4116,Natalie Price,"405 Main Ave, Des Moines",0.4278,Big Box Store,126133.44,2025-08-15,435059.31,0.4919
A-11145,Active,AL,BluePeak Home Store #1137,208745.31,2024-07-09,Net 30,35203,0.2000,0.4630,Natalie Price,"1639 Meadow Way, Birmingham",0.4673,Big Box Store,47990.17,2025-06-15,256735.48,0.4683
A-10332,Active,MS,BluePeak Home Store #2286,7924.40,2023-07-16,Net 30,39201,0.2000,0.4688,Elena Ruiz,"7601 Center Blvd, Jackson",0.4709,Big Box Store,77517.30,2025-10-26,244392.51,0.4681
A-10936,Active,IA,BluePeak Home Store #2314,0.00,2022-03-11,Net 30,50309,0.3000,0.4241,Jordan Kim,"8058 Oak St, Des Moines",0.4253,Big Box Store,292458.24,2025-05-10,465235.35,
A-10509,Active,NY,BluePeak Home Store #3042,0.00,2025-07-09,Net 30,10001,0.3000,0.4198,Carla Mendes,"956 Cedar Pkwy, New York",0.4198,Big Box Store,113849.31,2026-09-08,113849.31,
A-11225,Active,WA,BluePeak Home Store #3125,271416.20,2022-07-05,Net 30,98402,0.2000,0.5028,Jordan Kim,"1933 Commerce Pkwy, Tacoma",0.4643,Big Box Store,5850.67,2026-05-24,863490.83,0.4790
A-10525,Active,IL,BluePeak Home Store #3318,14205.15,2024-06-28,Net 30,60601,0.2000,0.4605,Jordan Kim,"3646 Industrial Dr, Chicago",0.4616,Big Box Store,117298.05,2026-03-25,131503.20,0.4708
A-10817,Active,IL,BluePeak Home Store #3550,0.00,2026-02-16,Net 30,60601,0.2500,0.4574,Carla Mendes,"1402 Commerce Pkwy, Chicago",0.4574,Big Box Store,226889.25,2026-03-22,226889.25,
A-10776,Active,AZ,BluePeak Home Store #4157,0.00,2022-01-08,Net 30,85701,0.1000,0.4194,Luis Romero,"5799 River Way, Tucson",0.4393,Big Box Store,68820.72,2025-06-29,736078.94,
A-10044,Active,WA,BluePeak Home Store #4758,321495.30,2021-11-04,Net 30,98402,0.3000,0.4279,Luis Romero,"4573 Industrial Pkwy, Tacoma",0.4263,Big Box Store,282236.97,2025-04-20,1109476.05,0.4271
A-10669,Active,FL,BluePeak Home Store #5207,33219.90,2021-10-26,Net 30,33602,0.2000,0.4334,Natalie Price,"2403 Broadway Blvd, Tampa",0.4533,Big Box Store,58281.30,2025-01-05,535814.99,0.4604
A-11222,Active,FL,BluePeak Home Store #5525,273747.30,2021-10-29,Net 30,32801,0.2000,0.4625,Elena Ruiz,"6179 Commerce Dr, Orlando",0.4482,Big Box Store,76295.80,2025-07-02,617493.61,0.4348
A-10677,Active,NV,BluePeak Home Store #6715,188163.83,2021-10-29,Net 30,89501,0.1500,,Jordan Kim,"8794 Oak Blvd, Reno",0.4481,Big Box Store,0.00,2026-04-01,839452.27,0.4491
A-11154,Active,KY,BluePeak Home Store #7164,228034.44,2022-07-29,Net 30,40202,0.2000,,Jordan Kim,"7171 Washington St, Louisville",0.4531,Big Box Store,0.00,2025-06-20,735176.99,0.4587
A-10081,Inactive,KY,BluePeak Home Store #7612,0.00,2021-10-06,Net 30,40202,0.2000,0.4963,Carla Mendes,"1551 Valley Blvd, Louisville",0.4429,Big Box Store,25186.49,2024-02-18,139068.03,
A-10055,Active,DE,BluePeak Home Store #8310,33404.26,2022-02-01,Net 30,19801,0.2500,0.4630,Priya Nair,"3670 Maple St, Wilmington",0.4392,Big Box Store,127785.00,2025-05-23,514461.31,0.4179
A-10600,Active,NJ,BluePeak Home Store #8462,262781.42,2022-09-11,100% Prepay,07102,0.2000,,Natalie Price,"6633 Oak Blvd, Newark",0.4520,Big Box Store,0.00,2026-02-07,299209.08,0.4486
A-11169,Active,ND,BluePeak Home Store #8693,0.00,2021-12-26,Net 30,58102,0.2500,0.4196,Jordan Kim,"1034 Center St, Fargo",0.4450,Big Box Store,159837.30,2025-12-29,565997.17,
A-11168,Active,WA,BluePeak Home Store #8940,0.00,2026-03-24,100% Prepay,99201,0.2000,0.4545,Jordan Kim,"4478 Sunset Blvd, Spokane",0.4545,Big Box Store,44255.25,2026-04-29,44255.25,
A-10454,Active,NY,BluePeak Home Store #9183,497799.42,2022-05-31,Net 30,10001,0.2500,0.4397,Elena Ruiz,"8080 Meadow Pkwy, New York",0.4369,Big Box Store,63514.58,2026-04-14,846386.57,0.4319
A-11149,Active,AZ,BluePeak Home Store #9730,335381.91,2021-12-13,100% Prepay,85701,0.1500,0.5154,Marcus Chen,"1879 Main Rd, Tucson",0.4519,Big Box Store,16073.08,2025-08-17,773543.04,0.4318
A-10291,Active,DC,Bluewater Commercial Interiors,290551.93,2023-06-14,100% Prepay,20001,0.1000,,Owen Brooks,"7437 Meadow Ln, Washington",0.5053,Direct Business,0.00,2025-04-13,525138.74,0.5084
A-10783,Active,CA,Bluewater Community Center,64578.47,2023-03-06,100% Prepay,93721,0.0500,0.5137,Devon Hale,"6480 Main Blvd, Fresno",0.4840,Direct Business,36843.44,2025-11-30,294255.66,0.4923
A-10235,Active,MN,Bluewater Conference Services,131224.45,2021-10-29,50/50,55401,0.0500,0.5028,Elena Ruiz,"5588 Industrial St, Minneapolis",0.5100,Direct Business,65294.40,2025-07-27,413111.26,0.5145
A-11212,Active,PA,Bluewater Corporate Services,9162.20,2024-06-22,Net 30,15222,0.0500,,Jordan Kim,"3300 Market Dr, Pittsburgh",0.5173,Direct Business,0.00,2026-03-03,9162.20,0.5173
A-10880,Active,DE,Bluewater Education Services,0.00,2026-03-12,Net 30,19801,0,,Elena Ruiz,"5934 River Ln, Wilmington",,Direct Business,0.00,2026-03-27,0.00,
A-10193,Active,WA,Bluewater Facilities,123323.56,2021-12-26,Net 30,98201,0.1000,0.5148,Marcus Chen,"1479 Market Blvd, Everett",0.5198,Direct Business,21786.35,2025-09-11,282066.00,0.5069
A-10654,Active,WY,Bluewater Facility Services,101728.38,2023-05-19,50/50,82001,0.0500,0.4715,Carla Mendes,"6272 Maple Dr, Cheyenne",0.4931,Direct Business,37358.30,2025-03-17,402302.22,0.5025
A-10691,Active,GA,Bluewater Hospitality Group,60427.96,2021-09-15,Net 30,30303,0,0.4931,Priya Nair,"736 Washington Ln, Atlanta",0.4987,Direct Business,37648.80,2026-06-21,576016.35,0.4482
A-11206,Active,NC,Bluewater Office Interiors,0.00,2025-10-24,50/50,28202,0,0.5745,Elena Ruiz,"6022 Lakeview Blvd, Charlotte",0.5745,Direct Business,10453.91,2026-05-16,10453.91,
A-10501,Active,CT,Bluewater Operations,0.00,2024-01-14,100% Prepay,06103,0.0500,,Jordan Kim,"5571 River Pkwy, Hartford",0.5289,Direct Business,0.00,2025-06-18,6994.93,
A-10749,Active,TX,Bluewater Purchasing Group,0.00,2021-12-15,100% Prepay,78701,0,0.5761,Priya Nair,"5807 Meadow Rd, Austin",0.5177,Direct Business,1716.65,2025-05-09,203529.38,
A-10822,Active,PA,Bluewater Training Center,0.00,2023-05-28,Net 30,15222,0,,Jordan Kim,"4082 Center Rd, Pittsburgh",0.5212,Direct Business,0.00,2026-09-10,30436.28,
A-10357,Active,ID,Bluewater Venue Services,0.00,2026-05-21,Net 30,83702,0.1000,,Priya Nair,"2868 Pine Rd, Boise",,Direct Business,0.00,2026-07-26,0.00,
A-10103,Active,ME,Bluewater Workspace Solutions,0.00,2021-10-29,50/50,04101,0.1500,0.5267,Natalie Price,"2479 Broadway Ln, Portland",0.5106,Direct Business,31264.96,2026-09-07,254070.64,
A-10009,Active,CA,Brighton Business Furnishings,20176.27,2022-08-30,Net 30,95814,0,0.5941,Natalie Price,"7605 Meadow Rd, Sacramento",0.5299,Direct Business,11120.67,2026-07-27,207186.17,0.5276
A-10998,Active,NY,Brighton Church Supply,0.00,2026-05-07,100% Prepay,14202,0,,Priya Nair,"3700 Market St, Buffalo",,Direct Business,0.00,2026-08-03,0.00,
A-10732,Active,CA,Brighton Commercial Interiors,80563.52,2023-06-06,Net 30,95113,0,0.5006,Priya Nair,"1130 Hill Pkwy, San Jose",0.4993,Direct Business,171835.12,2026-05-03,446702.45,0.5118
A-10795,Active,IN,Brighton Community Center,24835.98,2023-10-18,100% Prepay,46204,0,,Marcus Chen,"3098 Valley St, Indianapolis",0.5716,Direct Business,0.00,2025-08-28,24835.98,0.5716
A-10702,Active,FL,Brighton Corporate Services,0.00,2026-03-29,100% Prepay,33128,0.1000,0.4734,Owen Brooks,"4974 Lincoln Ln, Miami",0.4734,Direct Business,280069.64,2026-09-14,280069.64,
A-11051,Active,NE,Brighton Design Studio,56019.46,2023-11-23,Net 30,68102,0.1500,0.4882,Carla Mendes,"7775 Pine Blvd, Omaha",0.4933,Direct Business,20277.50,2025-04-06,79185.17,0.4951
A-10150,Active,NE,Brighton Facilities,0.00,2025-12-17,50/50,68102,0.0500,,Marcus Chen,"7896 Pine Dr, Omaha",,Direct Business,0.00,2026-07-13,0.00,
A-10861,Active,MD,Brighton Facility Services,0.00,2021-10-31,Net 30,21201,0,0.4923,Marcus Chen,"4104 Lincoln Rd, Baltimore",0.5134,Direct Business,38808.20,2025-12-29,237794.14,
A-10410,Active,GA,Brighton Hospitality Group,0.00,2024-05-18,Net 30,30303,0.1000,0.5057,Marcus Chen,"264 Washington Ln, Atlanta",0.5057,Direct Business,62803.00,2026-01-10,62803.00,
A-10461,Active,CT,Brighton Office Interiors,95118.50,2024-08-07,100% Prepay,06103,0.1500,0.4766,Natalie Price,"6071 Washington Rd, Hartford",0.4746,Direct Business,143181.31,2025-01-01,261947.48,0.4714
A-10197,Active,WA,Brighton Office Supply,33564.34,2021-09-19,50/50,98402,0.1000,0.5069,Priya Nair,"1659 Oak Blvd, Tacoma",0.5051,Direct Business,22103.59,2025-07-20,173087.40,0.5051
A-10030,Active,NY,Brighton Procurement,41136.97,2024-11-12,100% Prepay,12207,0.1500,,Elena Ruiz,"1720 Oak Dr, Albany",0.5286,Direct Business,0.00,2025-05-15,41136.97,0.5286
A-10339,Active,NH,Brighton Property Group,21694.05,2023-09-19,50/50,03101,0.1000,,Luis Romero,"5465 Harbor St, Manchester",0.5289,Direct Business,0.00,2025-01-17,92158.15,0.5158
A-10624,Active,NY,Brighton School Supply,0.00,2022-12-20,100% Prepay,12207,0.1500,0.5315,Priya Nair,"3812 Main Pkwy, Albany",0.5026,Direct Business,30340.01,2025-12-03,429940.60,
A-10101,Active,PA,Brighton Training Center,0.00,2026-06-18,Net 30,19102,0.0500,,Luis Romero,"8297 Harbor Ave, Philadelphia",,Direct Business,0.00,2026-06-27,0.00,
A-10437,Active,TN,Brighton Venue Services,0.00,2026-01-11,Net 30,37203,0,0.4828,Devon Hale,"2697 Center St, Nashville",0.4828,Direct Business,197622.86,2026-03-07,197622.86,
A-11086,Active,AZ,Brighton Workplace Group,0.00,2025-06-15,100% Prepay,85004,0.1000,0.4918,Marcus Chen,"7650 River Blvd, Phoenix",0.4918,Direct Business,77781.15,2025-10-31,77781.15,
A-10189,Active,CA,Brighton Workspace Solutions,46867.88,2022-08-06,50/50,92101,0.1500,0.5137,Carla Mendes,"5682 Park Ave, San Diego",0.5068,Direct Business,11760.69,2025-03-29,217257.71,0.5175
A-11157,Active,OR,Brooke Gray,0.00,2026-05-21,100% Prepay,97301,0.0000,,Devon Hale,"6031 Cedar St, Salem",,Direct Individual,0.00,2026-07-20,0.00,
A-11021,Active,NH,Brookfield Business Furnishings,0.00,2026-06-08,Net 30,03101,0.0500,,Carla Mendes,"6181 Sunset Way, Manchester",,Direct Business,0.00,2026-07-17,0.00,
A-10429,Active,WY,Brookfield Campus Services,0.00,2022-09-23,100% Prepay,82001,0.0500,0.5212,Elena Ruiz,"1400 River Dr, Cheyenne",0.5185,Direct Business,73059.99,2025-02-06,146652.97,
A-10595,Active,TX,Brookfield Church Supply,0.00,2024-10-21,Net 30,75201,0.1500,0.4512,Marcus Chen,"6200 River Ln, Dallas",0.4512,Direct Business,101426.25,2025-03-28,101426.25,
A-10114,Active,GA,Brookfield Commercial Interiors,117478.09,2022-03-11,Net 30,30303,0.1000,,Elena Ruiz,"2096 Pine St, Atlanta",0.4803,Direct Business,0.00,2026-01-18,428010.13,0.4918
A-10885,Active,PA,Brookfield Community Center,0.00,2022-02-01,50/50,19102,0,,Luis Romero,"825 Center Ln, Philadelphia",0.5171,Direct Business,0.00,2026-09-11,252475.74,
A-11132,Active,MD,Brookfield Corporate Services,0.00,2025-02-23,100% Prepay,21201,0,,Owen Brooks,"1944 Meadow Dr, Baltimore",,Direct Business,0.00,2025-11-20,0.00,
A-10921,Active,WA,Brookfield Education Services,26102.08,2021-12-02,Net 30,98402,0.1500,0.4761,Carla Mendes,"8046 Park Rd, Tacoma",0.4967,Direct Business,148614.96,2026-09-08,473496.16,0.5290
A-10786,Active,AZ,Brookfield Event Group,153046.87,2024-10-21,50/50,85004,0.2000,0.4734,Priya Nair,"294 Maple Ln, Phoenix",0.4840,Direct Business,118416.20,2025-08-18,271463.07,0.4921
A-10832,Active,GA,Brookfield Event Services,75767.25,2022-10-22,Net 30,30303,0.0500,0.5375,Priya Nair,"4303 Maple Ln, Atlanta",0.5175,Direct Business,41830.94,2026-05-21,117598.19,0.5066
A-11213,Active,PA,Brookfield Office Interiors,53951.78,2025-04-25,100% Prepay,19102,0.0500,0.5779,Luis Romero,"8079 Washington Pkwy, Philadelphia",0.4684,Direct Business,2071.00,2025-06-12,56022.78,0.4642
A-10923,Active,NV,Brookfield Office Supply,215356.77,2021-11-12,50/50,89101,0.0500,,Natalie Price,"5342 Industrial Dr, Las Vegas",0.4935,Direct Business,0.00,2025-09-21,550596.01,0.4616
A-11205,Active,MD,Brookfield Operations,8909.19,2021-10-19,Net 30,21201,0,,Priya Nair,"2849 Lincoln Way, Baltimore",0.5156,Direct Business,0.00,2026-05-08,104485.34,0.5282
A-10418,Active,NY,Brookfield Procurement,248021.36,2024-06-30,50/50,14202,0.2000,0.4703,Elena Ruiz,"3683 Lakeview Way, Buffalo",0.4770,Direct Business,89158.84,2025-05-28,337180.20,0.4795
A-10269,Active,VT,Brookfield Property Group,0.00,2024-07-19,100% Prepay,05401,0.1500,,Priya Nair,"2247 Main Dr, Burlington",,Direct Business,0.00,2026-03-13,0.00,
A-10536,Active,TX,Brookfield School Supply,17600.02,2024-04-20,Net 30,77002,0,0.4738,Carla Mendes,"471 Cedar St, Houston",0.4781,Direct Business,168480.59,2025-09-13,186080.61,0.5194
A-11094,Active,OR,Brookfield Workplace Group,126051.20,2024-04-06,50/50,97301,0.0500,0.5581,Carla Mendes,"718 Park Dr, Salem",0.4941,Direct Business,18771.30,2025-08-15,280991.74,0.4769
A-10583,Active,CT,Caleb Cook,636.02,2021-11-29,100% Prepay,06103,0.0000,0.5933,Devon Hale,"7273 Hill Blvd, Hartford",0.5970,Direct Individual,1092.00,2026-04-13,11178.48,0.6073
A-11112,Active,NY,Caleb Davis,3231.06,2022-12-12,100% Prepay,12207,0.0000,0.5890,Devon Hale,"8580 River Ln, Albany",0.5985,Direct Individual,2324.62,2025-02-15,6009.77,0.6053
A-11162,Active,SD,Caleb Davis,881.02,2024-11-17,100% Prepay,57104,0.0000,0.5883,Devon Hale,"685 Hill Ave, Sioux Falls",0.5975,Direct Individual,1780.02,2025-04-20,4749.14,0.6049
A-10895,Active,OR,Caleb Nguyen,636.02,2024-08-18,50/50,97301,0.0000,0.6016,Devon Hale,"8873 Market Ln, Salem",0.5998,Direct Individual,903.52,2025-02-16,1453.64,0.5974
A-10056,Active,TN,Caleb Price,5669.18,2021-11-02,100% Prepay,37203,0.0000,0.6092,Devon Hale,"8008 Industrial St, Nashville",0.5984,Direct Individual,879.00,2025-05-30,19278.09,0.5961
A-10678,Active,IA,Caleb Ward,0.00,2025-09-01,100% Prepay,50309,0.0000,0.6116,Devon Hale,"7890 Center St, Des Moines",0.6116,Direct Individual,775.17,2026-08-25,775.17,
A-10523,Active,SD,Caleb Wood,1150.08,2021-12-19,100% Prepay,57104,0.0000,,Devon Hale,"4233 Harbor Ln, Sioux Falls",0.5971,Direct Individual,0.00,2025-11-23,8445.34,0.6037
A-11050,Active,WA,Canyon Business Furnishings,78699.30,2023-01-18,50/50,98101,0.1500,,Luis Romero,"7883 Pine Ln, Seattle",0.5189,Direct Business,0.00,2025-10-04,273370.34,0.5151
A-10421,Active,MS,Canyon Campus Services,42851.93,2024-04-25,100% Prepay,39201,0.1500,,Devon Hale,"2859 Hill Ln, Jackson",0.5112,Direct Business,0.00,2026-02-27,42851.93,0.5112
A-11065,Active,CT,Canyon Church Supply,0.00,2026-07-31,Net 30,06103,0,,Owen Brooks,"6407 Park Blvd, Hartford",,Direct Business,0.00,2026-08-30,0.00,
A-10952,Inactive,AZ,Canyon Conference Services,0.00,2023-01-04,100% Prepay,85701,0.1500,0.5223,Jordan Kim,"8865 Hill Ave, Tucson",0.5223,Direct Business,58208.59,2025-01-11,58208.59,
A-10530,Active,NY,Canyon Corporate Services,0.00,2021-10-10,Net 30,10001,0.1000,0.5411,Luis Romero,"2900 Maple Ln, New York",0.5078,Direct Business,44154.60,2026-09-04,337625.65,
A-11166,Active,MT,Canyon Design Studio,2854.46,2021-11-10,Net 30,59101,0,0.5347,Elena Ruiz,"5256 River Way, Billings",0.5324,Direct Business,25267.10,2025-09-28,222992.32,0.5847
A-10166,Active,ND,Canyon Education Services,5628.48,2021-12-26,50/50,58102,0,0.4706,Owen Brooks,"4114 Main Rd, Fargo",0.4933,Direct Business,133819.15,2025-04-17,439272.99,0.5890
A-10440,Active,FL,Canyon Event Group,0.00,2021-09-19,Net 30,33602,0.0500,,Luis Romero,"6870 Main Ave, Tampa",0.4987,Direct Business,0.00,2026-04-19,383839.93,
A-10947,Active,KY,Canyon Facilities,0.00,2022-05-10,50/50,40202,0,0.5217,Priya Nair,"4153 Meadow Dr, Louisville",0.5210,Direct Business,159146.72,2025-07-04,316521.63,
A-10631,Active,CA,Canyon Hospitality Group,110206.96,2024-04-19,100% Prepay,95113,0.1500,0.4902,Owen Brooks,"4479 Maple St, San Jose",0.4760,Direct Business,19275.57,2026-03-09,129482.53,0.4735
A-10529,Active,WV,Canyon Meeting Solutions,27564.88,2022-05-30,50/50,25301,0.0500,0.5608,Elena Ruiz,"8752 Park Ln, Charleston",0.5307,Direct Business,54596.35,2025-11-14,112214.64,0.4676
A-10080,Active,ME,Canyon Office Interiors,119784.62,2025-02-28,100% Prepay,04101,0,0.4921,Jordan Kim,"7952 Harbor Pkwy, Portland",0.4940,Direct Business,136166.74,2026-06-23,255951.36,0.4962
A-11184,Active,NV,Canyon Office Supply,0.00,2025-08-28,100% Prepay,89501,0.0500,0.5171,Natalie Price,"8264 Park Blvd, Reno",0.5171,Direct Business,73358.40,2026-09-13,73358.40,
A-10097,Active,PA,Canyon Property Group,44280.62,2024-02-04,Net 30,15222,0.1000,0.5080,Jordan Kim,"5014 Pine Rd, Pittsburgh",0.5207,Direct Business,91358.54,2025-01-26,261709.97,0.4922
A-10745,Active,KY,Canyon Purchasing Group,0.00,2025-08-20,100% Prepay,40202,0.0500,,Luis Romero,"7813 Market Ave, Louisville",,Direct Business,0.00,2026-04-16,0.00,
A-10045,Active,DC,Canyon School Supply,0.00,2026-03-10,50/50,20001,0,0.5091,Marcus Chen,"2480 Washington Ln, Washington",0.5091,Direct Business,209554.28,2026-03-14,209554.28,
A-11052,Active,WI,Canyon Training Center,67615.90,2024-06-19,50/50,53202,0,0.5289,Carla Mendes,"1965 Meadow Rd, Milwaukee",0.5254,Direct Business,41405.07,2025-07-28,130649.74,0.5259
A-10520,Active,NJ,Canyon Workplace Group,0.00,2024-12-09,100% Prepay,07102,0,,Elena Ruiz,"1288 Industrial Blvd, Newark",,Direct Business,0.00,2026-05-16,0.00,
A-10557,Active,HI,Cascade Campus Services,0.00,2024-12-18,Net 30,96813,0.1500,0.4351,Owen Brooks,"8340 Lakeview Blvd, Honolulu",0.4351,Direct Business,66839.45,2025-05-31,66839.45,
A-10748,Active,CA,Cascade Church Supply,24043.56,2024-01-08,50/50,95814,0,0.5003,Owen Brooks,"4703 Sunset Ave, Sacramento",0.5082,Direct Business,106610.45,2025-04-15,130654.01,0.5432
A-10481,Active,MD,Cascade Commercial Interiors,0.00,2024-03-04,100% Prepay,21201,0,0.5499,Elena Ruiz,"430 Oak St, Baltimore",0.5492,Direct Business,58797.75,2026-03-06,150355.46,
A-10006,Active,HI,Cascade Corporate Services,0.00,2024-03-31,Net 30,96813,0.1000,0.5053,Priya Nair,"4394 Pine Ave, Honolulu",0.4943,Direct Business,108086.87,2026-04-12,184290.09,
A-11192,Active,CT,Cascade Event Services,0.00,2021-12-04,100% Prepay,06103,0,0.5250,Marcus Chen,"1162 Maple Pkwy, Hartford",0.5141,Direct Business,9654.63,2025-03-28,134211.75,
A-11125,Active,CT,Cascade Facilities,15904.30,2021-12-06,Net 30,06103,0.0500,0.5038,Carla Mendes,"3359 Maple Ln, Hartford",0.4923,Direct Business,78092.27,2025-10-18,252207.87,0.5109
A-10223,Active,GA,Cascade Facility Services,0.00,2025-12-20,50/50,30303,0.2000,,Carla Mendes,"2052 Hill Ave, Atlanta",,Direct Business,0.00,2026-09-10,0.00,
A-10388,Inactive,TX,Cascade Hospitality Group,85721.56,2021-11-01,50/50,77002,0,0.5246,Carla Mendes,"2658 Commerce Ave, Houston",0.4940,Direct Business,45984.01,2023-10-15,271489.18,0.5213
A-10486,Active,GA,Cascade Meeting Solutions,96565.07,2022-08-24,Net 30,30303,0.1500,,Marcus Chen,"7601 Center Dr, Atlanta",0.5163,Direct Business,0.00,2025-09-15,199257.23,0.5321
A-10151,Active,KY,Cascade Office Interiors,0.00,2025-04-07,50/50,40202,0,,Carla Mendes,"7756 Main Rd, Louisville",,Direct Business,0.00,2025-09-24,0.00,
A-11148,Active,OK,Cascade Office Supply,71808.00,2024-10-18,Net 30,73102,0.0500,0.5125,Carla Mendes,"4373 Oak St, Oklahoma City",0.5157,Direct Business,173080.63,2026-07-23,244888.63,0.5234
A-10368,Active,OR,Cascade Operations,48161.64,2025-01-20,Net 30,97205,0.1000,,Carla Mendes,"2879 Washington St, Portland",0.5331,Direct Business,0.00,2026-06-30,48161.64,0.5331
A-10956,Inactive,WA,Cascade Property Group,25530.72,2023-05-26,50/50,98201,0.2000,0.4898,Carla Mendes,"6592 Valley St, Everett",0.4893,Direct Business,33158.08,2023-08-12,67510.12,0.4845
A-10261,Active,NH,Cascade Purchasing Group,153385.90,2023-09-09,Net 30,03101,0.0500,0.5412,Carla Mendes,"7141 Park Ave, Manchester",0.5113,Direct Business,13095.74,2026-01-24,314692.85,0.5162
A-10652,Active,WY,Cascade School Supply,0.00,2024-12-21,50/50,82001,0.1500,,Elena Ruiz,"589 Main Dr, Cheyenne",,Direct Business,0.00,2026-02-12,0.00,
A-10543,Active,KS,Cascade Workspace Solutions,123353.88,2022-12-30,100% Prepay,67202,0.1000,0.4780,Owen Brooks,"2848 Washington Dr, Wichita",0.4948,Direct Business,49288.65,2025-02-26,172642.53,0.5014
A-10270,Active,PA,Cedar & Main Store #0035,237907.66,2021-10-06,Net 30,19102,0.2000,0.5068,Owen Brooks,"574 Meadow Pkwy, Philadelphia",0.4484,Big Box Store,75844.57,2025-04-24,1245045.10,0.4469
A-10073,Active,OH,Cedar & Main Store #0146,383816.03,2023-06-28,Net 30,43215,0.2500,0.4576,Natalie Price,"8753 River Dr, Columbus",0.4234,Big Box Store,113932.73,2026-03-04,599574.40,0.4146
A-10147,Inactive,TX,Cedar & Main Store #0307,0.00,2021-11-21,Net 30,78701,0.2000,,Carla Mendes,"2237 Industrial Ln, Austin",0.4200,Big Box Store,0.00,2024-05-04,47769.13,
A-10415,Active,FL,Cedar & Main Store #0495,169940.91,2023-08-25,Net 30,33602,0.2500,,Marcus Chen,"8573 Commerce Rd, Tampa",0.4320,Big Box Store,0.00,2026-05-26,180621.84,0.4321
A-10689,Active,WA,Cedar & Main Store #0686,0.00,2022-02-21,Net 30,98402,0.2000,0.4388,Luis Romero,"4177 Harbor Way, Tacoma",0.4675,Big Box Store,51860.10,2026-03-04,280711.42,
A-10548,Active,CA,Cedar & Main Store #0850,35588.52,2022-10-11,50/50,95113,0.3000,0.4170,Luis Romero,"1558 Broadway Rd, San Jose",0.4269,Big Box Store,13125.75,2025-02-04,486738.35,0.4206
A-10878,Active,KY,Cedar & Main Store #1069,0.00,2024-03-03,Net 30,40202,0.2000,,Carla Mendes,"6221 Lincoln Rd, Louisville",0.4315,Big Box Store,0.00,2026-07-23,37433.97,
A-10708,Active,AL,Cedar & Main Store #1098,236938.32,2021-12-08,Net 30,35203,0.2500,0.4662,Natalie Price,"1192 Cedar Ln, Birmingham",0.4441,Big Box Store,73121.36,2026-04-21,724362.64,0.4739
A-10010,Active,PA,Cedar & Main Store #1179,177376.35,2023-10-17,Net 30,19102,0.2500,,Luis Romero,"1888 Center Blvd, Philadelphia",0.4348,Big Box Store,0.00,2025-08-06,320294.01,0.4266
A-10615,Active,OH,Cedar & Main Store #2814,295917.99,2023-07-23,Net 30,43215,0.3000,0.4240,Natalie Price,"3633 Meadow St, Columbus",0.4221,Big Box Store,36664.98,2025-02-20,382478.35,0.4209
A-11008,Active,NJ,Cedar & Main Store #3883,0.00,2023-10-21,Net 30,07102,0.2500,0.4423,Owen Brooks,"6266 Lincoln Rd, Newark",0.4390,Big Box Store,58434.18,2026-06-13,100103.94,
A-10120,Active,CO,Cedar & Main Store #3964,33213.96,2021-09-15,Net 30,80202,0.2000,,Natalie Price,"7404 Hill Ln, Denver",0.4465,Big Box Store,0.00,2025-04-23,1144264.17,0.4902
A-10782,Active,MD,Cedar & Main Store #4364,0.00,2026-07-25,Net 30,21201,0.2500,,Priya Nair,"8912 Commerce Dr, Baltimore",,Big Box Store,0.00,2026-09-02,0.00,
A-10887,Active,NY,Cedar & Main Store #4627,127625.06,2023-06-07,Net 30,14202,0.2000,0.4484,Elena Ruiz,"1740 Maple Pkwy, Buffalo",0.4321,Big Box Store,147628.40,2026-07-11,586277.79,0.4222
A-10829,Active,OK,Cedar & Main Store #5172,0.00,2025-09-05,Net 30,73102,0.2500,0.4235,Owen Brooks,"5724 Oak Ave, Oklahoma City",0.4235,Big Box Store,340743.20,2026-07-17,340743.20,
A-10463,Active,FL,Cedar & Main Store #5418,48835.88,2024-01-01,Net 30,33128,0.2000,,Elena Ruiz,"7670 Hill Ave, Miami",0.4599,Big Box Store,0.00,2025-08-10,48835.88,0.4599
A-10153,Active,IA,Cedar & Main Store #7208,50354.64,2021-10-30,50/50,50309,0.2500,,Natalie Price,"3293 Pine Way, Des Moines",0.4507,Big Box Store,0.00,2025-01-29,341474.46,0.4705
A-10857,Active,IA,Cedar & Main Store #7584,190111.74,2021-12-20,Net 30,50309,0.3000,0.4250,Natalie Price,"4360 Sunset Blvd, Des Moines",0.4275,Big Box Store,197199.78,2025-01-03,1121111.22,0.4239
A-10935,Active,PA,Cedar & Main Store #7659,16878.36,2025-01-18,Net 30,15222,0.2000,,Elena Ruiz,"3559 Center Dr, Pittsburgh",0.4563,Big Box Store,0.00,2026-05-01,16878.36,0.4563
A-10679,Active,NC,Cedar & Main Store #8053,11536.53,2022-11-16,Net 30,28202,0.2000,,Devon Hale,"820 Sunset Blvd, Charlotte",0.4440,Big Box Store,0.00,2025-12-12,251794.17,0.4558
A-10818,Active,WV,Cedar & Main Store #8182,0.00,2026-08-27,Net 30,25301,0.3000,,Natalie Price,"6371 Pine Ave, Charleston",,Big Box Store,0.00,2026-09-03,0.00,
A-10629,Active,DE,Cedar & Main Store #8283,20504.88,2022-09-05,Net 30,19801,0.2500,,Jordan Kim,"7362 Oak St, Wilmington",0.4493,Big Box Store,0.00,2025-05-07,203369.47,0.4650
A-10145,Active,FL,Cedar & Main Store #8284,56288.02,2021-10-24,50/50,32801,0.2000,0.4597,Priya Nair,"1044 Oak Pkwy, Orlando",0.4601,Big Box Store,240709.32,2026-08-04,409439.15,0.4887
A-10618,Active,CT,Cedar & Main Store #8475,0.00,2026-01-20,Net 30,06103,0.2000,0.4786,Owen Brooks,"400 Harbor Pkwy, Hartford",0.4786,Big Box Store,74417.65,2026-06-07,74417.65,
A-10512,Active,NY,Cedar & Main Store #8618,0.00,2025-08-17,Net 30,10001,0.2500,0.4252,Luis Romero,"8345 Lincoln Dr, New York",0.4252,Big Box Store,160996.32,2025-11-29,160996.32,
A-10621,Active,PA,Cedar & Main Store #9172,102200.40,2023-09-24,100% Prepay,19102,0.2500,,Elena Ruiz,"3203 Pine Ln, Philadelphia",0.4264,Big Box Store,0.00,2026-03-03,422037.99,0.4726
A-10190,Active,KS,Cedar & Main Store #9553,0.00,2025-11-15,100% Prepay,67202,0.1500,,Priya Nair,"2592 Center St, Wichita",,Big Box Store,0.00,2026-08-27,0.00,
A-10144,Active,TX,Cedar & Main Store #9883,30537.50,2025-08-18,Net 30,78205,0.1500,,Owen Brooks,"7846 Market Rd, San Antonio",0.4804,Big Box Store,0.00,2025-09-25,30537.50,0.4804
A-10252,Active,WA,Cedar Ridge Business Furnishings,4378.32,2023-10-11,Net 30,98201,0.1500,0.5306,Marcus Chen,"2860 Washington Ln, Everett",0.5324,Direct Business,9081.44,2026-01-07,13459.76,0.5362
A-10327,Inactive,AL,Cedar Ridge Church Supply,0.00,2023-06-27,100% Prepay,35203,0.1000,,Jordan Kim,"6509 Cedar Ln, Birmingham",0.5260,Direct Business,0.00,2023-09-07,44618.64,
A-10459,Active,KY,Cedar Ridge Commercial Interiors,0.00,2026-01-19,Net 30,40202,0.0500,0.5426,Owen Brooks,"2535 Hill Dr, Louisville",0.5426,Direct Business,58413.20,2026-02-11,58413.20,
A-10741,Inactive,WA,Cedar Ridge Conference Services,0.00,2023-04-01,50/50,98201,0,0.5206,Carla Mendes,"7213 Industrial St, Everett",0.5371,Direct Business,16536.35,2023-09-05,72697.26,
A-10016,Active,LA,Cedar Ridge Design Studio,0.00,2025-11-18,100% Prepay,70112,0.1500,0.4627,Marcus Chen,"3469 Hill Rd, New Orleans",0.4627,Direct Business,32515.76,2026-06-20,32515.76,
A-10083,Active,CA,Cedar Ridge Event Group,378838.14,2024-04-08,Net 30,92101,0.0500,,Carla Mendes,"480 Main St, San Diego",0.4797,Direct Business,0.00,2025-08-30,571716.91,0.4729
A-10773,Active,LA,Cedar Ridge Facilities,98877.96,2021-11-07,50/50,70112,0,0.5220,Jordan Kim,"4285 Pine Rd, New Orleans",0.4924,Direct Business,66217.86,2026-01-06,713927.63,0.5323
A-10143,Active,ME,Cedar Ridge Facility Services,162876.08,2023-04-03,50/50,04101,0.1000,,Natalie Price,"5574 Meadow Pkwy, Portland",0.4959,Direct Business,0.00,2025-12-21,256489.53,0.4981
A-10159,Active,LA,Cedar Ridge Hospitality Group,0.00,2026-04-22,Net 30,70112,0.0500,,Elena Ruiz,"3845 Industrial Pkwy, New Orleans",,Direct Business,0.00,2026-04-23,0.00,
A-10435,Active,LA,Cedar Ridge Meeting Solutions,0.00,2025-03-03,100% Prepay,70112,0.1000,,Natalie Price,"8560 River Pkwy, New Orleans",,Direct Business,0.00,2025-04-16,0.00,
A-10100,Active,NH,Cedar Ridge Office Interiors,0.00,2025-03-12,Net 30,03101,0,,Elena Ruiz,"1336 Meadow St, Manchester",,Direct Business,0.00,2026-02-23,0.00,
A-10324,Active,ME,Cedar Ridge Office Supply,6390.56,2025-02-23,50/50,04101,0,0.5080,Luis Romero,"7822 Commerce Dr, Portland",0.5148,Direct Business,19169.07,2025-03-15,25559.63,0.5350
A-10550,Active,MO,Cedar Ridge Procurement,101345.19,2021-12-31,Net 30,64106,0.1000,0.4791,Carla Mendes,"7440 Washington Blvd, Kansas City",0.4854,Direct Business,125869.93,2026-01-02,689278.84,0.5313
A-10284,Active,SC,Cedar Ridge School Supply,239260.24,2022-01-23,Net 30,29201,0,,Natalie Price,"1592 Broadway Way, Columbia",0.4750,Direct Business,0.00,2025-02-07,522699.25,0.4635
A-11040,Active,NE,Cedar Ridge Training Center,43558.66,2023-06-17,50/50,68102,0.0500,0.5141,Priya Nair,"5242 Park Ave, Omaha",0.4997,Direct Business,129824.60,2026-06-01,294717.44,0.4996
A-11100,Active,NV,Cedar Ridge Workplace Group,49704.30,2023-03-04,Net 30,89101,0.0500,0.5081,Jordan Kim,"8481 Meadow Ave, Las Vegas",0.5129,Direct Business,88597.25,2026-06-13,143366.75,0.5159
A-10334,Active,OK,Cedar Ridge Workspace Solutions,7625.90,2021-12-07,50/50,73102,0.0500,,Carla Mendes,"5641 Broadway Ln, Oklahoma City",0.5388,Direct Business,0.00,2026-07-20,75362.94,0.5480
A-10881,Active,NM,Chloe Bell,0.00,2025-08-02,100% Prepay,87102,0.0000,,Devon Hale,"1213 Maple St, Albuquerque",,Direct Individual,0.00,2025-09-11,0.00,
A-10925,Active,TX,Chloe Parker,671.04,2024-07-20,100% Prepay,78701,0.0000,0.5901,Devon Hale,"2897 Broadway Pkwy, Austin",0.5924,Direct Individual,5430.02,2025-12-20,6101.06,0.6110
A-10944,Active,TN,Chloe Parker,6424.32,2024-10-06,100% Prepay,37203,0.0000,0.6021,Devon Hale,"7873 Main St, Nashville",0.6032,Direct Individual,2778.93,2025-09-20,10038.30,0.6030
A-10853,Active,UT,Chloe Santos,1734.08,2021-09-20,100% Prepay,84101,0.0000,0.6069,Devon Hale,"5242 Industrial St, Salt Lake City",0.5946,Direct Individual,2198.00,2025-09-28,16972.57,0.5905
A-10662,Active,NC,Chloe Ward,0.00,2022-10-24,100% Prepay,28202,0.0000,,Devon Hale,"6502 Pine Way, Charlotte",0.5983,Direct Individual,0.00,2026-01-15,2679.99,
A-10965,Active,MN,Clearwater Church Supply,0.00,2026-05-25,Net 30,55401,0,,Marcus Chen,"278 Valley Way, Minneapolis",,Direct Business,0.00,2026-06-18,0.00,
A-10767,Active,NM,Clearwater Commercial Interiors,79366.80,2021-12-18,Net 30,87102,0.1000,0.5081,Priya Nair,"5930 Valley Pkwy, Albuquerque",0.5064,Direct Business,42543.40,2025-01-04,378123.65,0.4971
A-10626,Active,NE,Clearwater Community Center,14323.36,2024-06-24,50/50,68102,0,0.5275,Owen Brooks,"5398 Harbor Ln, Omaha",0.5460,Direct Business,68659.16,2026-05-10,122300.88,0.5848
A-10196,Inactive,KS,Clearwater Conference Services,41194.50,2021-10-19,50/50,67202,0.0500,,Elena Ruiz,"2261 Maple Pkwy, Wichita",0.5006,Direct Business,0.00,2022-02-11,82469.58,0.5293
A-10268,Active,OR,Clearwater Education Services,0.00,2026-06-28,Net 30,97301,0.1000,,Elena Ruiz,"1671 Maple St, Salem",,Direct Business,0.00,2026-08-12,0.00,
A-10554,Active,CA,Clearwater Event Group,128498.08,2021-09-30,Net 30,95814,0.0500,0.5577,Elena Ruiz,"307 Lakeview Ave, Sacramento",0.4883,Direct Business,36364.42,2026-04-03,620211.07,0.5167
A-10059,Active,AZ,Clearwater Event Services,0.00,2026-01-05,50/50,85701,0.0500,0.5630,Priya Nair,"2310 Washington Dr, Tucson",0.5630,Direct Business,12594.60,2026-09-02,12594.60,
A-10532,Active,AR,Clearwater Facilities,0.00,2023-10-24,Net 30,72201,0.1000,0.5619,Natalie Price,"2253 Lakeview St, Little Rock",0.5619,Direct Business,723.52,2025-01-06,723.52,
A-10290,Active,CA,Clearwater Hospitality Group,76304.86,2021-09-24,Net 30,95814,0,,Natalie Price,"622 Main Blvd, Sacramento",0.5136,Direct Business,0.00,2025-12-11,285597.51,0.5102
A-11070,Active,ID,Clearwater Meeting Solutions,134627.41,2021-11-18,Net 30,83702,0.0500,,Owen Brooks,"3238 Maple Ln, Boise",0.5368,Direct Business,0.00,2025-08-19,210146.24,0.5238
A-11201,Active,SD,Clearwater Operations,10497.72,2021-10-13,Net 30,57104,0.0500,,Marcus Chen,"5340 Park Ave, Sioux Falls",0.5191,Direct Business,0.00,2025-11-01,389997.30,0.5402
A-10825,Active,NM,Clearwater Procurement,55163.66,2023-09-04,Net 30,87102,0.0500,0.5477,Jordan Kim,"3122 Pine Rd, Albuquerque",0.5206,Direct Business,43445.20,2026-03-07,168059.44,0.5346
A-10559,Active,AL,Clearwater Property Group,103196.42,2021-12-30,100% Prepay,35203,0,0.4902,Marcus Chen,"1726 Washington Ln, Birmingham",0.5190,Direct Business,99946.60,2025-05-21,464963.14,0.5496
A-10927,Active,NH,Clearwater Purchasing Group,18029.22,2024-04-23,Net 30,03101,0,0.5188,Natalie Price,"4739 Broadway Ln, Manchester",0.5006,Direct Business,139510.24,2025-04-29,290234.78,0.5531
A-10248,Active,FL,Clearwater Workplace Group,147768.44,2024-06-10,Net 30,32801,0.0500,0.5619,Marcus Chen,"7124 Park Ln, Orlando",0.4996,Direct Business,41543.09,2025-11-03,434808.61,0.5193
A-10533,Active,OH,Clearwater Workspace Solutions,0.00,2025-08-25,50/50,43215,0.0500,0.5487,Owen Brooks,"2151 Cedar Pkwy, Columbus",0.5487,Direct Business,3468.86,2026-04-30,3468.86,
A-10007,Active,WI,Copper Hill Business Furnishings,0.00,2026-08-01,50/50,53202,0,,Elena Ruiz,"7369 Commerce Ave, Milwaukee",,Direct Business,0.00,2026-08-02,0.00,
A-11156,Active,NE,Copper Hill Community Center,0.00,2025-08-02,50/50,68102,0,0.5375,Jordan Kim,"1989 Oak Way, Omaha",0.5375,Direct Business,41330.81,2025-09-18,41330.81,
A-10566,Active,FL,Copper Hill Corporate Services,16804.72,2023-04-13,50/50,33602,0.0500,0.5643,Carla Mendes,"5369 Center Rd, Tampa",0.5007,Direct Business,4691.95,2026-02-06,139961.47,0.5017
A-10978,Active,CA,Copper Hill Design Studio,75076.66,2024-12-01,Net 30,95113,0,,Natalie Price,"7995 Sunset Dr, San Jose",0.5025,Direct Business,0.00,2025-10-31,75076.66,0.5025
A-11232,Active,SC,Copper Hill Education Services,239164.70,2022-06-02,Net 30,29201,0,,Carla Mendes,"2177 River Ln, Columbia",0.4866,Direct Business,0.00,2025-07-24,384778.72,0.4680
A-10426,Active,ME,Copper Hill Event Services,97487.50,2021-10-28,Net 30,04101,0.1000,,Jordan Kim,"2981 Park Blvd, Portland",0.4897,Direct Business,0.00,2026-06-04,335000.96,0.4554
A-10046,Active,AZ,Copper Hill Meeting Solutions,7654.94,2021-09-23,50/50,85701,0,0.4919,Natalie Price,"5941 Harbor Dr, Tucson",0.5187,Direct Business,76740.92,2026-05-27,256740.18,0.5519
A-10449,Active,NC,Copper Hill Office Supply,0.00,2023-02-07,100% Prepay,28202,0.1000,0.5193,Jordan Kim,"3573 Washington Rd, Charlotte",0.4957,Direct Business,25811.26,2026-03-18,130809.62,
A-10838,Active,LA,Copper Hill Operations,18754.04,2021-09-28,100% Prepay,70112,0,,Luis Romero,"8578 Commerce St, New Orleans",0.5028,Direct Business,0.00,2026-05-31,581347.77,0.5607
A-10181,Active,MO,Copper Hill Procurement,30467.02,2025-05-23,Net 30,64106,0.0500,,Priya Nair,"2988 Hill Blvd, Kansas City",0.5078,Direct Business,0.00,2025-11-26,30467.02,0.5078
A-11202,Active,ID,Copper Hill Property Group,39642.32,2021-12-08,100% Prepay,83702,0.1000,0.4606,Natalie Price,"7779 Hill St, Boise",0.4818,Direct Business,155100.12,2025-12-30,613454.04,0.5249
A-10891,Active,ID,Copper Hill Purchasing Group,0.00,2025-08-21,100% Prepay,83702,0.1500,,Natalie Price,"7705 Main St, Boise",,Direct Business,0.00,2025-12-15,0.00,
A-10865,Active,NH,Copper Hill Training Center,4284.58,2022-05-01,100% Prepay,03101,0.1000,0.4505,Marcus Chen,"2320 Meadow Way, Manchester",0.4965,Direct Business,60105.32,2026-06-04,148444.51,0.5322
A-10570,Active,KY,Copper Hill Workspace Solutions,42945.08,2025-09-14,50/50,40202,0,0.4417,Priya Nair,"5688 Industrial St, Louisville",0.4568,Direct Business,104459.70,2026-05-30,147404.78,0.4936
A-11059,Active,FL,Cornerstone Home Store #0360,154332.13,2023-08-17,Net 30,33602,0.3000,0.4362,Natalie Price,"8359 Center Rd, Tampa",0.4257,Big Box Store,73684.80,2025-04-03,468909.08,0.4240
A-10603,Active,KS,Cornerstone Home Store #1014,0.00,2025-10-02,Net 30,67202,0.3000,0.4143,Owen Brooks,"7201 Oak Ln, Wichita",0.4143,Big Box Store,315768.63,2026-06-10,315768.63,
A-10137,Inactive,MD,Cornerstone Home Store #1062,3457.80,2022-08-22,50/50,21201,0.2000,0.4401,Natalie Price,"5367 River Way, Baltimore",0.4389,Big Box Store,168462.37,2022-12-11,333729.47,0.4964
A-11054,Active,HI,Cornerstone Home Store #2019,0.00,2023-10-25,Net 30,96813,0.2000,,Devon Hale,"5023 Lakeview Rd, Honolulu",,Big Box Store,0.00,2026-02-23,0.00,
A-10484,Active,OR,Cornerstone Home Store #2098,101001.60,2022-04-03,Net 30,97301,0.2000,0.4503,Carla Mendes,"2298 Center Ave, Salem",0.4421,Big Box Store,128393.32,2025-03-04,583057.17,0.4378
A-11186,Active,MA,Cornerstone Home Store #2596,72968.18,2023-10-03,Net 30,02108,0.2500,,Marcus Chen,"1062 Cedar Ave, Boston",0.4305,Big Box Store,0.00,2026-04-19,315350.54,0.4273
A-10576,Active,ID,Cornerstone Home Store #3373,6434.73,2022-02-13,Net 30,83702,0.2000,0.4211,Jordan Kim,"7071 Oak St, Boise",0.4251,Big Box Store,255837.64,2025-05-24,837872.19,0.4887
A-10251,Active,PA,Cornerstone Home Store #4502,37799.92,2021-12-29,Net 30,15222,0.2500,,Luis Romero,"8788 Maple Ave, Pittsburgh",0.4380,Big Box Store,0.00,2025-04-30,448387.98,0.4289
A-10319,Active,WY,Cornerstone Home Store #4546,112888.08,2024-07-10,Net 30,82001,0.2500,,Marcus Chen,"7647 Broadway Pkwy, Cheyenne",0.4776,Big Box Store,0.00,2025-12-06,112888.08,0.4776
A-10793,Active,KS,Cornerstone Home Store #5278,0.00,2022-02-17,Net 30,67202,0.2500,0.4647,Owen Brooks,"1479 Lakeview Way, Wichita",0.4537,Big Box Store,49480.50,2026-07-20,421917.65,
A-10494,Active,UT,Cornerstone Home Store #5721,0.00,2025-09-07,Net 30,84101,0.2000,0.4383,Priya Nair,"6395 Park Rd, Salt Lake City",0.4383,Big Box Store,191366.66,2026-05-08,191366.66,
A-10478,Active,LA,Cornerstone Home Store #6114,0.00,2023-11-17,Net 30,70112,0.1500,0.4726,Marcus Chen,"3618 Maple St, New Orleans",0.4787,Big Box Store,292092.34,2026-03-11,334082.90,
A-10087,Active,WI,Cornerstone Home Store #6470,0.00,2026-02-28,Net 30,53202,0.2000,,Carla Mendes,"454 Hill Pkwy, Milwaukee",,Big Box Store,0.00,2026-08-19,0.00,
A-10577,Active,OR,Cornerstone Home Store #6764,0.00,2025-09-15,Net 30,97301,0.2500,,Carla Mendes,"688 Park Ave, Salem",,Big Box Store,0.00,2026-05-14,0.00,
A-10688,Active,CA,Cornerstone Home Store #6997,448497.42,2021-09-22,Net 30,95113,0.3000,,Marcus Chen,"2993 Harbor Way, San Jose",0.4268,Big Box Store,0.00,2025-11-08,884211.25,0.4366
A-10649,Active,AR,Cornerstone Home Store #7078,0.00,2021-10-31,Net 30,72201,0.2500,0.4566,Priya Nair,"6902 Center Ln, Little Rock",0.4607,Big Box Store,13623.72,2025-02-04,285966.31,
A-10946,Active,LA,Cornerstone Home Store #7264,61221.12,2024-10-19,Net 30,70112,0.2500,0.4707,Priya Nair,"6243 Center Way, New Orleans",0.4589,Big Box Store,136027.05,2025-10-27,197248.17,0.4326
A-10900,Active,CA,Cornerstone Home Store #7901,2886.51,2022-01-17,Net 30,92101,0.2500,0.4679,Priya Nair,"5290 Commerce Way, San Diego",0.4568,Big Box Store,91550.83,2025-03-19,744953.90,0.4463
A-10837,Active,MO,Cornerstone Home Store #8404,20546.56,2021-10-30,Net 30,64106,0.2000,0.4506,Priya Nair,"765 Industrial Ln, Kansas City",0.4454,Big Box Store,103631.81,2025-04-11,732847.61,0.4633
A-10790,Active,OK,Cornerstone Home Store #8447,0.00,2026-04-12,Net 30,73102,0.3000,0.4347,Luis Romero,"1283 Market Pkwy, Oklahoma City",0.4347,Big Box Store,39144.81,2026-05-20,39144.81,
A-10070,Active,NV,Cornerstone Home Store #9215,224447.34,2021-09-28,Net 30,89501,0.3000,0.4195,Carla Mendes,"5797 Park St, Reno",0.4285,Big Box Store,19788.24,2025-07-27,1010927.13,0.4288
A-10889,Active,SC,Cornerstone Home Store #9438,12298.96,2024-08-05,Net 30,29201,0.2500,0.4396,Natalie Price,"4531 Market Pkwy, Columbia",0.4414,Big Box Store,216659.33,2025-11-02,228958.29,0.4724
A-10526,Active,WA,Crescent Business Furnishings,0.00,2026-02-25,Net 30,98402,0.1500,0.4975,Natalie Price,"8011 Washington Pkwy, Tacoma",0.4975,Direct Business,102126.80,2026-06-19,102126.80,
A-10439,Active,NY,Crescent Church Supply,13865.10,2021-11-01,Net 30,12207,0,0.5004,Priya Nair,"8571 Broadway Dr, Albany",0.5100,Direct Business,148201.54,2026-06-24,192016.21,0.5187
A-10820,Active,VA,Crescent Commercial Interiors,0.00,2021-10-21,100% Prepay,23219,0.1500,0.4605,Priya Nair,"2813 River Blvd, Richmond",0.4730,Direct Business,175523.93,2025-03-18,298160.30,
A-10414,Active,UT,Crescent Community Center,132969.28,2023-10-04,100% Prepay,84101,0.0500,0.4940,Carla Mendes,"8728 Lakeview Way, Salt Lake City",0.5100,Direct Business,53416.67,2026-07-05,232602.53,0.5084
A-10542,Active,OK,Crescent Design Studio,42871.40,2025-01-18,Net 30,73102,0.0500,0.5745,Marcus Chen,"2125 Industrial St, Oklahoma City",0.5069,Direct Business,5631.72,2026-06-16,48503.12,0.4980
A-10325,Active,CA,Crescent Education Services,0.00,2023-06-29,Net 30,92101,0,,Priya Nair,"2904 Washington Rd, San Diego",0.4861,Direct Business,0.00,2025-11-17,83835.46,
A-11074,Active,RI,Crescent Event Group,38164.18,2023-06-16,50/50,02903,0.1000,,Jordan Kim,"3444 River Pkwy, Providence",0.5139,Direct Business,0.00,2025-03-26,180771.11,0.5290
A-11037,Active,MO,Crescent Hospitality Group,44130.24,2025-06-16,100% Prepay,64106,0.1000,0.4600,Priya Nair,"1620 Pine Dr, Kansas City",0.4912,Direct Business,51876.66,2025-09-28,96006.90,0.5278
A-10896,Active,NY,Crescent Meeting Solutions,61370.80,2024-05-30,100% Prepay,12207,0.0500,0.5307,Carla Mendes,"6671 Center St, Albany",0.5009,Direct Business,53994.40,2026-06-30,132918.92,0.4742
A-10259,Active,WV,Crescent Operations,0.00,2021-12-20,Net 30,25301,0,,Elena Ruiz,"6106 Harbor Rd, Charleston",0.4837,Direct Business,0.00,2025-06-04,244369.36,
A-10716,Active,DC,Crescent Purchasing Group,0.00,2026-01-07,50/50,20001,0,,Carla Mendes,"4178 Industrial Ave, Washington",,Direct Business,0.00,2026-03-01,0.00,
A-10299,Active,NY,Crescent School Supply,0.00,2023-07-27,100% Prepay,12207,0.0500,0.5471,Owen Brooks,"4460 Valley St, Albany",0.5207,Direct Business,11014.58,2026-05-08,23914.54,
A-11121,Active,IA,Crescent Training Center,5474.38,2025-03-25,Net 30,50309,0,0.5882,Carla Mendes,"6429 Maple Ave, Des Moines",0.5769,Direct Business,8952.51,2026-08-11,14426.89,0.5585
A-10303,Active,NJ,Crescent Workspace Solutions,0.00,2026-08-27,100% Prepay,07102,0.1000,,Carla Mendes,"7293 Meadow Ln, Newark",,Direct Business,0.00,2026-09-14,0.00,
A-10460,Active,CA,Dylan Bell,0.00,2024-08-20,100% Prepay,93721,0.0000,,Devon Hale,"1628 River Rd, Fresno",,Direct Individual,0.00,2026-05-16,0.00,
A-10997,Active,WA,Dylan Carter,0.00,2025-12-04,100% Prepay,99201,0.0000,0.5976,Devon Hale,"1136 Hill Dr, Spokane",0.5976,Direct Individual,899.27,2026-05-25,899.27,
A-10089,Active,CO,Dylan Davis,0.00,2025-12-27,100% Prepay,80202,0.0000,0.5988,Devon Hale,"2902 Commerce Way, Denver",0.5988,Direct Individual,3583.80,2026-07-23,3583.80,
A-10062,Active,NV,Dylan Foster,978.04,2023-02-12,100% Prepay,89101,0.0000,0.5842,Devon Hale,"6804 Valley St, Las Vegas",0.5885,Direct Individual,2176.02,2025-04-28,6917.77,0.5874
A-10682,Active,UT,Dylan Miller,97.02,2025-02-28,100% Prepay,84101,0.0000,0.5916,Devon Hale,"2426 Main St, Salt Lake City",0.5912,Direct Individual,1562.22,2025-08-15,1659.24,0.5855
A-10534,Active,ME,Dylan Price,411.84,2023-05-15,100% Prepay,04101,0.0000,0.6055,Devon Hale,"1009 Broadway Ave, Portland",0.6055,Direct Individual,2644.04,2025-04-13,6672.81,0.6074
A-10651,Active,CA,Elise Collins,55.86,2024-04-14,100% Prepay,95814,0.0000,,Devon Hale,"4530 Valley Ln, Sacramento",0.6102,Direct Individual,0.00,2026-08-03,1077.93,0.5945
A-11211,Active,ME,Elise Cooper,0.00,2025-12-25,100% Prepay,04101,0.0000,,Devon Hale,"7484 Harbor Ln, Portland",,Direct Individual,0.00,2025-12-31,0.00,
A-11111,Active,VA,Elise Davis,6076.14,2024-04-10,100% Prepay,23219,0.0000,0.5980,Devon Hale,"6332 Sunset Ln, Richmond",0.6000,Direct Individual,1805.76,2025-06-26,10708.15,0.6052
A-10346,Active,AZ,Elise Gray,3165.12,2022-01-03,100% Prepay,85004,0.0000,,Devon Hale,"4872 River St, Phoenix",0.5992,Direct Individual,0.00,2025-01-21,6517.36,0.5944
A-10633,Active,MO,Elise Morgan,636.02,2025-01-04,100% Prepay,64106,0.0000,0.6046,Jordan Kim,"2259 Market Blvd, Kansas City",0.6039,Direct Individual,1309.77,2025-04-01,1945.79,0.6024
A-10578,Active,MD,Elise Murphy,1295.04,2023-08-08,100% Prepay,21201,0.0000,0.6087,Devon Hale,"982 Valley Ave, Baltimore",0.6017,Direct Individual,1780.02,2025-10-22,6984.54,0.5950
A-10217,Inactive,NJ,Elise Nguyen,1077.02,2022-11-07,100% Prepay,07102,0.0000,0.6065,Devon Hale,"378 Park Dr, Newark",0.5941,Direct Individual,2176.02,2023-07-23,8833.11,0.5916
A-11173,Active,MI,Elise Nguyen,3036.48,2021-09-28,100% Prepay,48226,0.0000,0.5920,Devon Hale,"2311 Sunset Rd, Detroit",0.5960,Direct Individual,988.02,2025-12-09,6722.96,0.5969
A-10417,Active,IL,Elise Ward,0.00,2026-04-18,100% Prepay,60601,0.0000,0.6067,Devon Hale,"8347 Harbor Blvd, Chicago",0.6067,Direct Individual,649.00,2026-06-13,649.00,
A-10572,Active,WA,Elise Wood,0.00,2025-11-06,100% Prepay,98101,0.0000,0.5908,Devon Hale,"7791 Cedar Blvd, Seattle",0.5908,Direct Individual,4352.04,2026-03-26,4352.04,
A-10814,Active,SD,Elliot Hayes,2996.42,2021-12-03,100% Prepay,57104,0.0000,0.5993,Devon Hale,"6827 Meadow Rd, Sioux Falls",0.5980,Direct Individual,642.51,2025-08-05,8734.89,0.5917
A-10995,Active,RI,Elliot Nguyen,1055.04,2021-10-19,100% Prepay,02903,0.0000,0.6065,Devon Hale,"7813 Broadway Pkwy, Providence",0.5933,Direct Individual,1088.01,2025-09-20,3648.21,0.5872
A-10088,Inactive,OH,Elmwood Business Furnishings,0.00,10/30/2021,100% Prepay,43215,0.0500,,Jordan Kim,"1855 Park Blvd, Columbus",0.4832,Direct Business,0.00,11/7/2022,90544.96,
A-10894,Active,NY,Elmwood Campus Services,90070.50,2023-02-27,Net 30,14202,0.0500,0.5359,Priya Nair,"2282 Sunset Ave, Buffalo",0.5102,Direct Business,29515.61,2025-03-24,123385.01,0.5015
A-10169,Active,NH,Elmwood Church Supply,0.00,2021-12-17,Net 30,03101,0,,Owen Brooks,"875 River Ave, Manchester",0.4832,Direct Business,0.00,2025-03-18,288579.16,
A-10780,Active,IL,Elmwood Commercial Interiors,192108.90,2023-05-11,100% Prepay,60601,0,0.4901,Natalie Price,"3838 Lincoln Pkwy, Chicago",0.4928,Direct Business,126307.86,2025-09-16,318633.36,0.4944
A-10267,Active,OR,Elmwood Community Center,0.00,2025-06-23,100% Prepay,97205,0.2000,0.5055,Marcus Chen,"1998 Hill Pkwy, Portland",0.5055,Direct Business,103389.07,2026-02-12,103389.07,
A-10142,Active,MA,Elmwood Corporate Services,0.00,2026-04-23,Net 30,02108,0,0.5029,Carla Mendes,"5741 Center Ln, Boston",0.5029,Direct Business,68633.60,2026-06-06,68633.60,
A-11196,Active,NY,Elmwood Design Studio,44351.28,2025-02-21,50/50,12207,0.1500,0.4811,Marcus Chen,"5520 Lincoln Dr, Albany",0.4875,Direct Business,112994.78,2025-09-02,157346.06,0.5037
A-10671,Active,FL,Elmwood Event Group,0.00,2026-03-08,50/50,33128,0.1000,0.5434,Marcus Chen,"7868 Valley Pkwy, Miami",0.5434,Direct Business,21122.10,2026-07-10,21122.10,
A-11004,Active,PA,Elmwood Facilities,0.00,2022-11-08,50/50,15222,0.1500,0.5309,Marcus Chen,"1904 Lakeview Rd, Pittsburgh",0.5235,Direct Business,118980.96,2026-01-09,185547.08,
A-10757,Active,IA,Elmwood Office Interiors,35870.63,2021-11-16,50/50,50309,0.0500,0.5558,Jordan Kim,"8083 Pine Pkwy, Des Moines",0.5186,Direct Business,5201.70,2025-01-05,190431.96,0.5583
A-11031,Active,DC,Elmwood Operations,0.00,2023-09-26,50/50,20001,0,,Priya Nair,"2817 Lakeview Ln, Washington",0.5169,Direct Business,0.00,2026-07-17,29664.34,
A-10657,Active,FL,Elmwood Property Group,5287.84,2024-07-03,Net 30,33128,0.1000,,Priya Nair,"4250 Market Rd, Miami",0.5608,Direct Business,0.00,2026-06-08,18023.39,0.5573
A-10054,Active,WV,Elmwood School Supply,73693.20,2023-03-13,100% Prepay,25301,0.1000,0.4484,Jordan Kim,"2857 Lakeview Blvd, Charleston",0.4565,Direct Business,92977.31,2025-06-30,179893.67,0.4599
A-11130,Active,SD,Elmwood Training Center,15614.09,2024-08-17,Net 30,57104,0.1000,0.5328,Carla Mendes,"7416 Meadow Pkwy, Sioux Falls",0.5110,Direct Business,28761.00,2025-05-11,44375.09,0.4710
A-10457,Active,NV,Ethan Bailey,0.00,2023-06-17,100% Prepay,89101,0.0000,0.6053,Devon Hale,"3681 Pine Pkwy, Las Vegas",0.5976,Direct Individual,2176.02,2025-09-16,6827.22,
A-10723,Active,RI,Ethan Brooks,1974.30,2024-08-12,100% Prepay,02903,0.0000,0.5893,Marcus Chen,"2488 River Blvd, Providence",0.5934,Direct Individual,3483.02,2025-03-30,5457.32,0.6006
A-10112,Active,HI,Ethan Long,0.00,2021-12-08,100% Prepay,96813,0.0000,0.6018,Devon Hale,"6313 Center Rd, Honolulu",0.5978,Direct Individual,649.00,2026-03-16,10972.65,
A-11025,Active,NV,Evergreen Business Furnishings,0.00,2021-12-19,50/50,89101,0,,Marcus Chen,"6495 Industrial St, Las Vegas",0.4868,Direct Business,0.00,2025-11-28,266933.80,
A-11110,Active,SD,Evergreen Church Supply,46627.78,2021-10-09,Net 30,57104,0.0500,0.5658,Natalie Price,"4942 Market Rd, Sioux Falls",0.5242,Direct Business,31816.95,2026-06-12,186950.02,0.5421
A-10118,Active,UT,Evergreen Commercial Interiors,73291.16,2022-01-14,100% Prepay,84101,0.1000,,Marcus Chen,"7518 Sunset Blvd, Salt Lake City",0.5181,Direct Business,0.00,2025-12-29,93980.70,0.5244
A-10871,Active,AR,Evergreen Community Center,36763.24,2021-11-26,50/50,72201,0.1000,0.5275,Luis Romero,"1805 River Dr, Little Rock",0.5240,Direct Business,12722.21,2026-01-27,159188.38,0.5163
A-10443,Active,MS,Evergreen Conference Services,435007.49,2021-12-16,100% Prepay,39201,0,0.5057,Luis Romero,"5299 Center Ln, Jackson",0.4781,Direct Business,11581.40,2026-04-23,689355.93,0.4585
A-11191,Inactive,MT,Evergreen Design Studio,198194.40,2023-08-25,Net 30,59101,0,0.5880,Luis Romero,"7240 River Rd, Billings",0.4623,Direct Business,24349.45,2024-02-28,222543.85,0.4469
A-10986,Active,ME,Evergreen Event Services,86280.78,2024-05-17,100% Prepay,04101,0,0.4968,Natalie Price,"2125 Broadway Ave, Portland",0.4939,Direct Business,119725.80,2026-07-26,206006.58,0.4898
A-11189,Active,TX,Evergreen Facilities,46878.93,2024-11-13,Net 30,77002,0.1000,,Priya Nair,"6840 Washington Ave, Houston",0.5375,Direct Business,0.00,2026-02-17,46878.93,0.5375
A-10312,Active,LA,Evergreen Hospitality Group,0.00,2021-11-15,100% Prepay,70112,0,0.5000,Jordan Kim,"8586 Broadway Way, New Orleans",0.5164,Direct Business,74738.05,2025-03-13,202896.43,
A-11006,Active,WI,Evergreen Meeting Solutions,497.16,2025-02-04,100% Prepay,53202,0.0500,0.5677,Luis Romero,"6931 Cedar Blvd, Milwaukee",0.5675,Direct Business,10288.11,2026-06-13,10785.27,0.5636
A-11188,Active,ID,Evergreen Office Interiors,88251.39,2024-07-04,50/50,83702,0,0.5318,Marcus Chen,"8243 Maple Way, Boise",0.5180,Direct Business,25756.31,2026-08-21,114007.70,0.5140
A-10972,Active,MI,Evergreen Office Supply,5269.81,2022-11-30,Net 30,48226,0.0500,,Priya Nair,"6610 Broadway Pkwy, Detroit",0.5338,Direct Business,0.00,2026-01-22,63578.12,0.5255
A-10473,Inactive,AZ,Evergreen Operations,22886.04,2022-03-19,Net 30,85701,0.1500,0.5002,Owen Brooks,"8204 River Way, Tucson",0.5010,Direct Business,13389.80,2022-11-19,116042.87,0.5341
A-10381,Active,NM,Evergreen Procurement,0.00,2022-08-19,100% Prepay,87102,0.1000,0.5045,Priya Nair,"979 Park Blvd, Albuquerque",0.4999,Direct Business,244667.08,2025-07-07,281516.03,
A-10924,Active,FL,Evergreen Property Group,0.00,2023-08-30,50/50,33128,0,0.5056,Priya Nair,"7646 Market Rd, Miami",0.5049,Direct Business,96780.80,2025-06-03,191584.12,
A-10233,Active,CT,Evergreen Purchasing Group,0.00,2021-12-29,50/50,06103,0,,Carla Mendes,"6228 Commerce Pkwy, Hartford",0.5011,Direct Business,0.00,2025-08-12,338125.74,
A-10796,Active,PA,Evergreen School Supply,0.00,2026-05-13,Net 30,19102,0.1000,,Marcus Chen,"2498 Oak Dr, Philadelphia",,Direct Business,0.00,2026-09-14,0.00,
A-11075,Active,CA,Evergreen Training Center,0.00,2025-03-26,50/50,95814,0.2000,,Luis Romero,"844 Park St, Sacramento",,Direct Business,0.00,2025-07-11,0.00,
A-10593,Active,PA,Evergreen Workspace Solutions,166016.34,2023-10-10,Net 30,19102,0.1000,0.5302,Jordan Kim,"247 Hill Pkwy, Philadelphia",0.5176,Direct Business,46635.21,2026-02-12,212651.55,0.5141
A-10471,Active,DE,Fairview Business Furnishings,0.00,2025-07-03,Net 30,19801,0,0.4809,Marcus Chen,"1093 Pine Way, Wilmington",0.4809,Direct Business,64150.91,2026-03-29,64150.91,
A-10005,Active,MI,Fairview Campus Services,51176.30,2024-02-06,100% Prepay,48226,0.0500,0.5701,Jordan Kim,"683 River Rd, Detroit",0.4708,Direct Business,18131.77,2026-05-15,196671.45,0.4789
A-10758,Active,OR,Fairview Church Supply,51978.00,2021-11-26,50/50,97205,0,0.5514,Luis Romero,"2167 Main Ave, Portland",0.4707,Direct Business,7662.64,2025-01-12,527426.93,0.5066
A-10966,Active,MN,Fairview Commercial Interiors,0.00,2024-01-10,Net 30,55401,0,,Elena Ruiz,"1207 Lakeview Ave, Minneapolis",0.5652,Direct Business,0.00,2025-09-24,27369.06,
A-10625,Active,WI,Fairview Conference Services,24914.66,2023-07-23,100% Prepay,53202,0,0.5043,Elena Ruiz,"1764 Broadway Way, Milwaukee",0.5334,Direct Business,29032.49,2025-02-05,120294.74,0.5021
A-10882,Active,UT,Fairview Design Studio,0.00,2025-08-23,100% Prepay,84101,0.1000,,Priya Nair,"8910 Maple Ave, Salt Lake City",,Direct Business,0.00,2025-12-19,0.00,
A-10864,Active,TX,Fairview Event Group,0.00,2025-10-20,Net 30,78701,0.1000,0.5239,Priya Nair,"2734 Harbor Dr, Austin",0.5239,Direct Business,139364.94,2026-09-13,139364.94,
A-11175,Active,SD,Fairview Office Interiors,0.00,2026-06-20,50/50,57104,0.1000,,Luis Romero,"708 Harbor Ave, Sioux Falls",,Direct Business,0.00,2026-07-15,0.00,
A-11139,Active,NJ,Fairview Office Supply,58325.56,2021-09-25,Net 30,07102,0,,Natalie Price,"4016 Commerce Blvd, Newark",0.5086,Direct Business,0.00,2025-09-11,346030.06,0.5069
A-10320,Active,WA,Fairview Procurement,0.00,2026-04-07,50/50,98101,0,,Natalie Price,"6170 Oak Dr, Seattle",,Direct Business,0.00,2026-06-22,0.00,
A-10833,Active,NC,Fairview Purchasing Group,49105.56,2024-08-09,Net 30,28202,0.1500,0.5355,Elena Ruiz,"8870 Maple Dr, Charlotte",0.5320,Direct Business,7876.95,2025-11-11,56982.51,0.5315
A-10109,Active,TX,Fairview School Supply,92165.73,2021-12-12,Net 30,75201,0.1000,,Marcus Chen,"309 Park Ave, Dallas",0.5129,Direct Business,0.00,2025-09-06,451031.60,0.4985
A-10052,Active,GA,Fairview Venue Services,14193.18,2024-11-11,100% Prepay,30303,0.0500,0.4923,Priya Nair,"2371 Harbor Rd, Atlanta",0.4922,Direct Business,152315.53,2026-01-08,166508.71,0.4910
A-10508,Active,FL,Fox Hollow Business Furnishings,34912.66,2022-08-19,50/50,33128,0.1500,0.4979,Owen Brooks,"6657 Commerce Dr, Miami",0.4847,Direct Business,41327.88,2025-04-23,223148.80,0.5233
A-10700,Active,IL,Fox Hollow Commercial Interiors,31294.09,2023-11-05,100% Prepay,60601,0.0500,,Owen Brooks,"5359 Hill Rd, Chicago",0.5405,Direct Business,0.00,2026-06-20,42766.11,0.5498
A-10395,Active,TX,Fox Hollow Conference Services,64109.34,2022-07-19,Net 30,75201,0,0.5271,Elena Ruiz,"6720 Park Way, Dallas",0.5227,Direct Business,69539.36,2025-04-19,522355.37,0.5258
A-10394,Active,MI,Fox Hollow Corporate Services,28271.95,2025-07-31,50/50,48226,0,0.4824,Natalie Price,"8170 Harbor Ln, Detroit",0.4822,Direct Business,231795.72,2026-03-30,260067.67,0.4811
A-10692,Active,NY,Fox Hollow Education Services,248921.65,2021-12-08,Net 30,12207,0.0500,0.5110,Marcus Chen,"536 Park Way, Albany",0.4880,Direct Business,53053.24,2026-03-04,468747.07,0.4892
A-11244,Active,MT,Fox Hollow Event Services,2140.30,2024-01-02,100% Prepay,59101,0.1000,,Carla Mendes,"7381 Industrial Blvd, Billings",0.5568,Direct Business,0.00,2025-06-20,2140.30,0.5568
A-10873,Active,IA,Fox Hollow Facilities,90586.15,2025-04-24,100% Prepay,50309,0.1000,0.4629,Natalie Price,"8967 Commerce Way, Des Moines",0.4832,Direct Business,98008.80,2026-08-10,188594.95,0.5051
A-10465,Active,ME,Fox Hollow Meeting Solutions,138219.08,2024-02-24,Net 30,04101,0.1500,0.5200,Natalie Price,"5499 Meadow Rd, Portland",0.5030,Direct Business,35431.08,2025-05-02,193289.55,0.4966
A-10420,Active,NC,Fox Hollow Office Supply,197025.90,2023-01-04,100% Prepay,28202,0.0500,,Elena Ruiz,"5739 Industrial Dr, Charlotte",0.4918,Direct Business,0.00,2026-07-30,264215.74,0.4784
A-10313,Active,VT,Fox Hollow Operations,12222.81,2021-11-12,Net 30,05401,0.0500,,Priya Nair,"2256 Pine Blvd, Burlington",0.4945,Direct Business,0.00,2025-02-03,302780.75,0.5170
A-10305,Active,SD,Fox Hollow Purchasing Group,116861.72,2025-01-23,Net 30,57104,0,,Priya Nair,"4174 Washington Rd, Sioux Falls",0.4556,Direct Business,0.00,2025-08-20,116861.72,0.4556
A-10985,Active,KS,Fox Hollow School Supply,115383.66,2023-10-29,50/50,67202,0.0500,0.5652,Luis Romero,"8653 Main St, Wichita",0.5097,Direct Business,21329.40,2026-08-16,137038.91,0.4993
A-10195,Active,MO,Fox Hollow Venue Services,68842.28,2021-10-03,Net 30,64106,0,0.4701,Natalie Price,"2858 Pine Way, Kansas City",0.4901,Direct Business,262504.68,2025-01-10,696680.37,0.5036
A-10681,Active,NV,Fox Hollow Workspace Solutions,23187.10,2022-11-29,Net 30,89501,0.0500,0.5325,Carla Mendes,"3451 Meadow Pkwy, Reno",0.5019,Direct Business,54380.47,2026-01-21,309849.01,0.5041
A-11118,Active,CA,Golden State Business Furnishings,0.00,2025-12-30,50/50,92101,0,,Jordan Kim,"7434 Hill Rd, San Diego",,Direct Business,0.00,2026-05-06,0.00,
A-10004,Active,OK,Golden State Commercial Interiors,0.00,2025-12-06,50/50,73102,0,,Carla Mendes,"1822 Park Ln, Oklahoma City",,Direct Business,0.00,2025-12-25,0.00,
A-10246,Active,TX,Golden State Conference Services,0.00,2023-04-03,50/50,78701,0,0.4889,Owen Brooks,"679 Maple Ln, Austin",0.4833,Direct Business,13478.58,2025-07-05,241758.41,
A-10676,Active,FL,Golden State Design Studio,25632.00,2021-10-09,50/50,33128,0.0500,0.5056,Owen Brooks,"3760 Industrial Ave, Miami",0.4924,Direct Business,38435.31,2026-05-02,224356.48,0.4510
A-10545,Active,WA,Golden State Education Services,83343.70,2022-05-09,Net 30,99201,0.1000,0.4953,Carla Mendes,"6237 River St, Spokane",0.5032,Direct Business,134735.83,2025-02-09,359709.01,0.5329
A-10015,Active,DC,Golden State Event Services,176677.18,2025-01-18,100% Prepay,20001,0.0500,0.4789,Marcus Chen,"462 Hill Ave, Washington",0.4787,Direct Business,77003.81,2025-12-11,253680.99,0.4786
A-10590,Active,NJ,Golden State Facilities,32241.28,2021-09-25,Net 30,07102,0,0.5051,Priya Nair,"147 Lincoln Pkwy, Newark",0.4934,Direct Business,57656.00,2025-06-14,536983.82,0.4912
A-10283,Active,AL,Golden State Facility Services,54317.60,2022-03-27,100% Prepay,35203,0.2000,0.4984,Priya Nair,"5076 Main Ln, Birmingham",0.4781,Direct Business,12784.00,2026-01-03,282193.50,0.4616
A-11170,Active,KY,Golden State Hospitality Group,48582.76,2025-03-18,Net 30,40202,0.1500,0.5092,Luis Romero,"811 Washington Blvd, Louisville",0.5144,Direct Business,72348.23,2025-08-16,120930.99,0.5222
A-11012,Active,CO,Golden State Operations,0.00,2023-10-01,100% Prepay,80202,0.0500,,Owen Brooks,"4699 Main Pkwy, Denver",0.5654,Direct Business,0.00,2025-10-28,11694.48,
A-10634,Active,TX,Golden State Procurement,11003.70,2023-02-27,Net 30,78701,0.1500,0.4867,Jordan Kim,"1386 Commerce Ave, Austin",0.4907,Direct Business,47950.08,2025-07-16,379563.88,0.5273
A-10071,Active,NJ,Golden State Property Group,142949.99,2024-09-27,Net 30,07102,0.1000,,Elena Ruiz,"7254 Meadow Blvd, Newark",0.4600,Direct Business,0.00,2025-06-28,142949.99,0.4600
A-10068,Active,NV,Golden State Purchasing Group,96816.42,2021-12-16,Net 30,89101,0.2000,0.4817,Priya Nair,"8302 Park Ln, Las Vegas",0.4844,Direct Business,69057.94,2025-07-24,575162.00,0.4797
A-11120,Active,MO,Golden State School Supply,64685.94,2024-08-02,Net 30,64106,0.0500,,Natalie Price,"5989 Pine Pkwy, Kansas City",0.4994,Direct Business,0.00,2025-09-05,64685.94,0.4994
A-10784,Active,NY,Golden State Training Center,0.00,2022-02-26,100% Prepay,12207,0.0500,,Natalie Price,"6260 Maple Dr, Albany",,Direct Business,0.00,2026-06-06,0.00,
A-10035,Active,WA,Golden State Venue Services,0.00,2022-02-11,Net 30,98101,0,0.5409,Elena Ruiz,"942 Main Blvd, Seattle",0.5337,Direct Business,34051.47,2025-01-21,120518.31,
A-10855,Active,TX,Golden State Workplace Group,53024.82,2022-03-27,Net 30,75201,0.1000,,Natalie Price,"1469 Lakeview St, Dallas",0.4837,Direct Business,0.00,2025-10-15,431159.78,0.5052
A-10266,Active,CA,Golden State Workspace Solutions,1525.02,2021-12-04,100% Prepay,95113,0.1500,,Natalie Price,"8198 Lakeview St, San Jose",0.5158,Direct Business,0.00,2025-07-06,152342.84,0.5260
A-10185,Active,NV,Grace Parker,0.00,2021-11-30,100% Prepay,89501,0.0000,0.6003,Devon Hale,"1891 Harbor Dr, Reno",0.5952,Direct Individual,4786.68,2025-09-22,9991.28,
A-11136,Active,PA,Grace Price,2182.08,2023-07-25,100% Prepay,15222,0.0000,0.6117,Devon Hale,"5404 Hill St, Pittsburgh",0.6054,Direct Individual,3231.06,2025-05-05,7293.26,0.6056
A-10383,Inactive,WA,Granite Campus Services,0.00,2021-12-11,50/50,99201,0.1000,,Natalie Price,"1888 Hill Rd, Spokane",0.4821,Direct Business,0.00,2022-06-11,174976.61,
A-10680,Active,IN,Granite Commercial Interiors,5338.08,2025-04-24,100% Prepay,46204,0.1000,,Carla Mendes,"2428 Oak Blvd, Indianapolis",0.5271,Direct Business,0.00,2026-08-12,5338.08,0.5271
A-10805,Active,OH,Granite Community Center,45092.16,2021-11-29,100% Prepay,43215,0.0500,,Priya Nair,"7629 Industrial Way, Columbus",0.4866,Direct Business,0.00,2025-06-17,267109.23,0.5223
A-11220,Active,TX,Granite Corporate Services,159197.12,2021-11-22,100% Prepay,78205,0.0500,0.5748,Marcus Chen,"3620 Commerce Rd, San Antonio",0.5083,Direct Business,9667.61,2025-12-16,467192.45,0.5060
A-10942,Active,DC,Granite Design Studio,0.00,2026-01-12,50/50,20001,0,,Marcus Chen,"3938 Broadway Way, Washington",,Direct Business,0.00,2026-09-04,0.00,
A-10711,Active,KY,Granite Education Services,0.00,2025-03-10,Net 30,40202,0.1500,0.5342,Jordan Kim,"996 Sunset Way, Louisville",0.5342,Direct Business,46977.80,2026-01-23,46977.80,
A-10611,Active,DC,Granite Event Services,0.00,2024-02-09,Net 30,20001,0,0.4699,Marcus Chen,"2587 Harbor Pkwy, Washington",0.4788,Direct Business,146050.28,2025-12-28,226819.47,
A-10948,Active,NH,Granite Facilities,0.00,2021-12-08,Net 30,03101,0,0.4669,Carla Mendes,"6125 Maple Rd, Manchester",0.4881,Direct Business,220574.03,2025-10-20,694285.07,
A-10401,Active,SD,Granite Hospitality Group,0.00,2021-10-09,Net 30,57104,0.0500,,Priya Nair,"7243 River Pkwy, Sioux Falls",0.4901,Direct Business,0.00,2026-05-03,128115.78,
A-11131,Active,AK,Granite Office Interiors,25406.64,2022-09-22,100% Prepay,99501,0,0.5253,Luis Romero,"8933 Industrial Ave, Anchorage",0.4785,Direct Business,60629.17,2026-08-18,282881.55,0.4688
A-10733,Active,OR,Granite Procurement,25865.83,2025-01-31,Net 30,97301,0,0.4447,Jordan Kim,"5475 Center Blvd, Salem",0.4557,Direct Business,216833.61,2025-10-14,242699.44,0.5477
A-10273,Active,NY,Granite Property Group,53638.12,2021-12-19,50/50,12207,0.1000,,Jordan Kim,"3762 River Blvd, Albany",0.4907,Direct Business,0.00,2025-02-03,322197.37,0.5430
A-10541,Active,CA,Granite School Supply,0.00,2024-05-05,Net 30,95113,0,0.5536,Owen Brooks,"2262 Broadway St, San Jose",0.5536,Direct Business,11206.83,2025-11-13,11206.83,
A-10811,Active,UT,Granite Training Center,192429.61,2022-12-02,Net 30,84101,0,0.5020,Carla Mendes,"1087 Lincoln Rd, Salt Lake City",0.4853,Direct Business,94297.98,2025-02-07,469319.47,0.4641
A-10917,Active,PA,Granite Venue Services,24930.10,2023-10-01,50/50,19102,0.0500,0.5031,Owen Brooks,"8177 Market St, Philadelphia",0.5093,Direct Business,114210.83,2025-02-05,203059.59,0.5140
A-11207,Active,DE,Granite Workspace Solutions,72207.80,2022-04-06,100% Prepay,19801,0,0.5871,Luis Romero,"7189 Center Way, Wilmington",0.4832,Direct Business,8546.33,2025-06-17,283105.41,0.4991
A-11250,Active,IL,GreenLine Living #0800,48432.56,2022-01-19,Net 30,60601,0.3000,,Natalie Price,"1617 Pine Ave, Chicago",0.4212,Big Box Store,0.00,2025-03-31,330047.56,0.4304
A-11126,Active,KS,GreenLine Living Store #0240,0.00,2025-10-23,Net 30,67202,0.2500,0.4705,Natalie Price,"7747 Harbor Pkwy, Wichita",0.4705,Big Box Store,21118.50,2026-07-15,21118.50,
A-11018,Active,ID,GreenLine Living Store #0263,0.00,2025-07-24,Net 30,83702,0.1000,0.4309,Carla Mendes,"4676 Lakeview Ln, Boise",0.4309,Big Box Store,339124.35,2025-07-25,339124.35,
A-10791,Active,CA,GreenLine Living Store #0286,57121.92,2021-11-03,Net 30,93721,0.2500,0.4378,Priya Nair,"4353 Oak Dr, Fresno",0.4407,Big Box Store,159137.14,2025-03-19,780144.79,0.4504
A-10179,Active,IL,GreenLine Living Store #0800,0.00,2021-11-24,Net 30,60601,0.3000,,Natalie Price,"1617 Pine Ave, Chicago",0.4266,Big Box Store,0.00,2025-03-31,338314.39,
A-10203,Inactive,FL,GreenLine Living Store #1160,0.00,2021-11-27,100% Prepay,32801,0.2000,,Marcus Chen,"7069 Valley Rd, Orlando",0.4861,Big Box Store,0.00,2022-04-02,1136.52,
A-11067,Active,WA,GreenLine Living Store #1405,0.00,2025-11-05,Net 30,98201,0.1500,0.4608,Natalie Price,"278 Center Blvd, Everett",0.4608,Big Box Store,187449.05,2026-08-14,187449.05,
A-10836,Active,WA,GreenLine Living Store #1783,0.00,2025-12-12,Net 30,99201,0.1500,,Carla Mendes,"7979 Broadway Blvd, Spokane",,Big Box Store,0.00,2026-07-06,0.00,
A-10256,Active,WA,GreenLine Living Store #3435,71214.54,2021-09-16,Net 30,98201,0.2500,,Natalie Price,"1260 Commerce Way, Everett",0.4293,Big Box Store,0.00,2025-11-16,465138.58,0.4504
A-11082,Active,TN,GreenLine Living Store #3552,71406.66,2025-02-02,Net 30,37203,0.1500,,Marcus Chen,"3184 River Dr, Nashville",0.5156,Big Box Store,0.00,2026-06-19,71406.66,0.5156
A-10601,Active,ME,GreenLine Living Store #4057,65771.18,2021-11-19,Net 30,04101,0.1500,0.4632,Owen Brooks,"290 Harbor Dr, Portland",0.4556,Big Box Store,203085.84,2025-11-11,737390.08,0.4577
A-10183,Active,VA,GreenLine Living Store #4090,0.00,2021-10-01,Net 30,23219,0.2000,,Marcus Chen,"6426 Park Way, Richmond",0.4401,Big Box Store,0.00,2026-03-25,300128.14,
A-10041,Active,VA,GreenLine Living Store #4445,91669.10,2021-09-18,Net 30,23219,0.2500,,Elena Ruiz,"108 Cedar Pkwy, Richmond",0.4414,Big Box Store,0.00,2025-01-05,1089659.97,0.4623
A-10707,Active,NY,GreenLine Living Store #4952,86838.17,2023-07-30,100% Prepay,14202,0.3000,0.4246,Jordan Kim,"6579 Valley Dr, Buffalo",0.4264,Big Box Store,187072.24,2026-05-14,273910.41,0.4303
A-10609,Inactive,SC,GreenLine Living Store #4963,0.00,2021-12-04,Net 30,29201,0.2000,0.5082,Elena Ruiz,"6224 Harbor Pkwy, Columbia",0.4553,Big Box Store,40035.70,2022-08-12,186906.93,
A-10399,Inactive,MN,GreenLine Living Store #5066,45578.88,2022-06-18,Net 30,55401,0.1500,0.4358,Elena Ruiz,"2430 Harbor Ave, Minneapolis",0.4507,Big Box Store,108714.90,2024-04-02,299318.76,0.4730
A-10444,Active,TX,GreenLine Living Store #5495,82002.29,2022-11-10,Net 30,78205,0.2500,,Marcus Chen,"8912 Market St, San Antonio",0.4316,Big Box Store,0.00,2025-01-29,412018.38,0.4288
A-10911,Active,PA,GreenLine Living Store #6620,0.00,2023-07-31,Net 30,19102,0.3000,0.4208,Priya Nair,"4392 Washington Way, Philadelphia",0.4215,Big Box Store,155960.15,2025-09-01,428747.78,
A-10897,Active,TN,GreenLine Living Store #7061,0.00,2026-04-14,Net 30,37203,0.2000,0.4131,Owen Brooks,"7566 Center Dr, Nashville",0.4131,Big Box Store,54879.30,2026-04-24,54879.30,
A-10231,Active,WA,GreenLine Living Store #8014,214636.21,2024-10-30,Net 30,98101,0.2500,0.4671,Marcus Chen,"2186 Lincoln St, Seattle",0.4436,Big Box Store,107478.29,2025-09-01,322114.50,0.4318
A-10034,Active,CO,GreenLine Living Store #8236,0.00,2022-09-23,50/50,80202,0.1000,0.4678,Natalie Price,"3433 Cedar Blvd, Denver",0.4282,Big Box Store,28041.82,2025-10-28,504921.14,
A-10023,Active,VT,GreenLine Living Store #8441,0.00,2026-09-05,Net 30,05401,0.1500,,Jordan Kim,"6999 Commerce Ln, Burlington",,Big Box Store,0.00,2026-09-14,0.00,
A-10050,Active,OR,GreenLine Living Store #8445,119000.08,2023-08-25,Net 30,97301,0.2500,0.4341,Natalie Price,"2711 Lincoln St, Salem",0.4367,Big Box Store,68240.10,2026-02-21,187240.18,0.4383
A-10204,Active,MT,GreenLine Living Store #9390,0.00,2025-09-17,100% Prepay,59101,0.1500,0.5326,Priya Nair,"184 River Pkwy, Billings",0.5326,Big Box Store,36312.48,2026-09-05,36312.48,
A-11005,Active,AZ,GreenLine Living Store #9430,12532.42,2021-12-03,Net 30,85004,0.2000,0.4310,Owen Brooks,"6269 Meadow St, Phoenix",0.4511,Big Box Store,302471.14,2025-10-05,1265279.11,0.4630
A-11237,Active,MS,Harborview Campus Services,0.00,2025-02-18,Net 30,39201,0,0.4825,Luis Romero,"954 Broadway Way, Jackson",0.4825,Direct Business,93996.38,2025-05-11,93996.38,
A-10666,Active,VT,Harborview Commercial Interiors,90047.70,2024-11-16,50/50,05401,0,0.5000,Marcus Chen,"1803 River Pkwy, Burlington",0.4949,Direct Business,32331.94,2026-07-16,122379.64,0.4930
A-11160,Active,DE,Harborview Education Services,37626.30,2023-11-16,Net 30,19801,0,0.5248,Marcus Chen,"1448 Park Pkwy, Wilmington",0.5069,Direct Business,2499.00,2025-07-28,44147.55,0.4967
A-10329,Active,SC,Harborview Event Group,100068.48,2021-10-10,Net 30,29201,0.0500,,Marcus Chen,"2063 Park Dr, Columbia",0.4929,Direct Business,0.00,2025-05-21,429165.29,0.4974
A-10308,Active,NM,Harborview Event Services,91118.42,2022-04-12,Net 30,87102,0.0500,0.5609,Owen Brooks,"4884 Meadow Rd, Albuquerque",0.5076,Direct Business,28770.94,2026-07-23,261245.26,0.5213
A-10328,Active,AZ,Harborview Facilities,60192.73,2021-11-13,Net 30,85004,0,0.4923,Jordan Kim,"4465 Center Ave, Phoenix",0.5017,Direct Business,51223.78,2026-02-19,350837.16,0.5327
A-10647,Active,TX,Harborview Hospitality Group,0.00,2025-04-01,Net 30,75201,0,,Carla Mendes,"5971 Oak Ave, Dallas",,Direct Business,0.00,2025-04-07,0.00,
A-10752,Inactive,AK,Harborview Meeting Solutions,126455.46,2022-07-03,Net 30,99501,0,0.5542,Carla Mendes,"5620 Commerce Rd, Anchorage",0.5097,Direct Business,32329.91,2024-01-04,171591.04,0.4968
A-10470,Inactive,CA,Harborview Office Interiors,0.00,2021-10-03,100% Prepay,93721,0,,Owen Brooks,"3390 Meadow Pkwy, Fresno",0.5345,Direct Business,0.00,2023-07-30,17872.32,
A-11022,Active,IA,Harborview Operations,28307.52,2022-06-23,50/50,50309,0.1500,0.4693,Marcus Chen,"3805 Harbor Ln, Des Moines",0.4733,Direct Business,59093.48,2026-05-22,97755.52,0.4653
A-10337,Active,VA,Harborview Procurement,176696.86,2022-09-16,50/50,23219,0.0500,0.5490,Owen Brooks,"2064 Industrial Dr, Richmond",0.4990,Direct Business,21171.60,2025-03-05,469629.97,0.4778
A-10008,Active,WA,Harborview Property Group,189430.62,2023-03-02,50/50,99201,0.1500,0.4953,Elena Ruiz,"1642 Sunset St, Spokane",0.5090,Direct Business,87983.43,2025-04-27,333190.69,0.5104
A-11032,Active,NM,Harborview Purchasing Group,88735.46,2022-07-20,Net 30,87102,0.1500,,Carla Mendes,"224 Maple Dr, Albuquerque",0.4908,Direct Business,0.00,2026-01-12,158187.41,0.5025
A-10856,Active,WA,Harborview School Supply,28826.78,2024-05-31,Net 30,99201,0.0500,0.5191,Jordan Kim,"5072 Hill Dr, Spokane",0.5223,Direct Business,31240.24,2025-05-10,60067.02,0.5258
A-10698,Active,SC,Harborview Workplace Group,30785.04,2024-05-11,Net 30,29201,0,0.4784,Jordan Kim,"3729 Lincoln Ln, Columbia",0.4738,Direct Business,85802.38,2026-03-23,116587.42,0.4611
A-10661,Active,NE,Harborview Workspace Solutions,0.00,2021-09-30,50/50,68102,0.1500,0.4864,Luis Romero,"5906 Hill Pkwy, Omaha",0.5046,Direct Business,97830.65,2025-03-16,464314.25,
A-11146,Active,FL,Hearthside Market Store #0387,209786.36,2023-09-01,Net 30,32801,0.2000,0.4728,Natalie Price,"8450 Hill Rd, Orlando",0.4670,Big Box Store,78527.10,2025-01-22,615469.81,0.4617
A-11127,Active,DC,Hearthside Market Store #0808,222752.63,2025-02-14,Net 30,20001,0.3000,0.4184,Priya Nair,"1819 Cedar Ln, Washington",0.4214,Big Box Store,50819.46,2025-06-29,273572.09,0.4221
A-10775,Active,FL,Hearthside Market Store #0908,79847.55,2024-12-01,Net 30,33128,0.2000,,Priya Nair,"4574 Maple St, Miami",0.4319,Big Box Store,0.00,2025-04-15,79847.55,0.4319
A-10592,Active,MN,Hearthside Market Store #1309,205492.03,2024-01-14,Net 30,55401,0.2500,0.4716,Jordan Kim,"5848 Lakeview Way, Minneapolis",0.4294,Big Box Store,44383.45,2026-02-27,518932.70,0.4339
A-10492,Inactive,PA,Hearthside Market Store #1501,97193.85,2022-03-09,Net 30,19102,0.2000,,Marcus Chen,"1101 Commerce Blvd, Philadelphia",0.4176,Big Box Store,0.00,2023-03-08,430260.77,0.4170
A-10162,Active,IN,Hearthside Market Store #1819,69340.32,2021-12-17,Net 30,46204,0.2500,0.4501,Carla Mendes,"7952 Center Way, Indianapolis",0.4375,Big Box Store,10784.77,2026-03-21,541665.85,0.4716
A-10812,Active,NY,Hearthside Market Store #2226,177544.92,2023-05-12,Net 30,12207,0.2500,,Marcus Chen,"3332 Broadway Ave, Albany",0.4359,Big Box Store,0.00,2025-02-18,431819.50,0.4209
A-10763,Active,FL,Hearthside Market Store #2335,86507.03,2024-10-26,Net 30,33128,0.1000,0.5203,Marcus Chen,"6317 Oak Rd, Miami",0.4415,Big Box Store,13697.10,2026-07-13,104970.85,0.4266
A-11047,Active,MT,Hearthside Market Store #2465,0.00,2025-09-19,50/50,59101,0.1500,0.4215,Priya Nair,"8178 Meadow Rd, Billings",0.4215,Big Box Store,201381.30,2026-09-08,201381.30,
A-10187,Active,MN,Hearthside Market Store #2705,0.00,2022-08-26,Net 30,55401,0.2500,0.4289,Jordan Kim,"5505 Lincoln St, Minneapolis",0.4289,Big Box Store,119458.80,2025-06-03,315493.28,
A-10665,Active,KS,Hearthside Market Store #2710,115554.14,2022-03-27,Net 30,67202,0.3000,0.4228,Natalie Price,"6847 Washington Way, Wichita",0.4299,Big Box Store,202490.34,2025-09-24,415632.86,0.4370
A-11103,Inactive,WV,Hearthside Market Store #2818,0.00,2023-02-02,Net 30,25301,0.3000,,Natalie Price,"4628 Pine St, Charleston",0.4218,Big Box Store,0.00,2024-07-02,58653.55,
A-10427,Active,CA,Hearthside Market Store #3346,265658.68,2023-07-22,50/50,95814,0.3000,,Priya Nair,"8888 Broadway Ave, Sacramento",0.4212,Big Box Store,0.00,2025-02-23,603644.36,0.4247
A-10389,Active,MI,Hearthside Market Store #3520,0.00,2024-12-13,Net 30,48226,0.3000,,Owen Brooks,"7915 Harbor Blvd, Detroit",,Big Box Store,0.00,2026-02-23,0.00,
A-10330,Active,MN,Hearthside Market Store #4021,72153.36,2023-07-13,Net 30,55401,0.2500,0.4454,Natalie Price,"598 Pine Pkwy, Minneapolis",0.4589,Big Box Store,93547.11,2026-04-10,317652.31,0.4673
A-10712,Active,DE,Hearthside Market Store #4290,139665.15,2023-06-27,Net 30,19801,0.2000,0.4745,Carla Mendes,"1460 Meadow Rd, Wilmington",0.4465,Big Box Store,29093.21,2025-03-24,366137.26,0.4666
A-10781,Inactive,UT,Hearthside Market Store #5643,0.00,2022-01-27,Net 30,84101,0.2000,0.4648,Priya Nair,"7487 Industrial St, Salt Lake City",0.4537,Big Box Store,70465.43,2023-06-21,97546.25,
A-11117,Active,ME,Hearthside Market Store #5797,0.00,2022-05-31,Net 30,04101,0.2000,0.4893,Owen Brooks,"7118 Commerce Rd, Portland",0.4857,Big Box Store,66832.32,2025-01-09,232853.60,
A-10367,Active,TX,Hearthside Market Store #5876,0.00,2024-12-28,Net 30,75201,0.2000,0.4301,Owen Brooks,"6939 Lakeview Blvd, Dallas",0.4301,Big Box Store,128841.66,2026-05-26,128841.66,
A-10188,Active,IL,Hearthside Market Store #6110,0.00,2026-04-12,Net 30,60601,0.1500,0.4191,Marcus Chen,"3133 Industrial Rd, Chicago",0.4191,Big Box Store,106126.78,2026-08-25,106126.78,
A-10067,Active,KY,Hearthside Market Store #6158,257365.31,2023-10-30,50/50,40202,0.2500,0.4512,Marcus Chen,"1499 Meadow Ave, Louisville",0.4405,Big Box Store,407618.15,2025-08-09,664983.46,0.4236
A-10413,Inactive,LA,Hearthside Market Store #6621,0.00,2023-11-27,Net 30,70112,0.2500,,Luis Romero,"6707 Pine St, New Orleans",0.4638,Big Box Store,0.00,2025-01-20,15281.81,
A-10594,Active,TN,Hearthside Market Store #6764,11958.64,2023-08-08,Net 30,37203,0.2500,0.4589,Luis Romero,"7466 Oak St, Nashville",0.4463,Big Box Store,121395.57,2026-02-02,286357.41,0.4639
A-11041,Active,MO,Hearthside Market Store #7043,140201.10,2021-10-31,Net 30,64106,0.2500,,Owen Brooks,"1954 Cedar St, Kansas City",0.4378,Big Box Store,0.00,2026-08-10,737072.84,0.4349
A-10724,Active,GA,Hearthside Market Store #7265,436860.87,2021-11-10,50/50,30303,0.2500,,Elena Ruiz,"1702 Hill St, Atlanta",0.4337,Big Box Store,0.00,2025-03-05,689944.23,0.4352
A-10404,Active,DC,Hearthside Market Store #7963,190597.28,2024-06-13,Net 30,20001,0.2000,0.4283,Marcus Chen,"3340 Lincoln Pkwy, Washington",0.4402,Big Box Store,134572.86,2025-08-18,325170.14,0.4486
A-10360,Active,MT,Hearthside Market Store #8186,32320.73,2022-11-12,Net 30,59101,0.3000,,Jordan Kim,"4102 Broadway Way, Billings",0.4366,Big Box Store,0.00,2026-05-06,196597.66,0.4288
A-11243,Active,WA,Hearthside Market Store #8228,0.00,2025-07-14,Net 30,98101,0.2000,0.4677,Priya Nair,"182 Center Way, Seattle",0.4677,Big Box Store,59773.70,2025-11-25,59773.70,
A-10730,Active,MT,Hearthside Market Store #8454,47704.32,2024-09-01,Net 30,59101,0.2500,0.4395,Luis Romero,"4969 Lincoln St, Billings",0.4435,Big Box Store,71064.64,2025-06-18,188781.26,0.4691
A-11193,Active,TX,Hearthside Market Store #8485,311053.65,2022-04-10,Net 30,78701,0.1000,0.4994,Natalie Price,"2458 Maple Rd, Austin",0.4714,Big Box Store,189534.54,2025-07-06,824906.52,0.4483
A-10967,Active,MS,Hearthside Market Store #8562,102912.12,2024-10-18,50/50,39201,0.2500,0.4609,Luis Romero,"7432 Meadow Blvd, Jackson",0.4449,Big Box Store,70681.28,2025-08-27,196198.62,0.4325
A-10538,Active,NV,Hearthside Market Store #8796,182565.94,2022-12-27,Net 30,89101,0.1000,0.4586,Devon Hale,"4126 Meadow Way, Las Vegas",0.4477,Big Box Store,73734.26,2026-07-09,385178.18,0.4594
A-10139,Active,AK,Hearthside Market Store #9260,74856.70,2022-07-02,Net 30,99501,0.2000,,Elena Ruiz,"6701 River Rd, Anchorage",0.4402,Big Box Store,0.00,2026-03-19,299066.10,0.4240
A-10297,Active,MD,Hearthside Market Store #9261,0.00,2026-02-18,Net 30,21201,0.2500,,Jordan Kim,"7576 Industrial Way, Baltimore",,Big Box Store,0.00,2026-05-18,0.00,
A-11038,Inactive,WA,Heritage Business Furnishings,50536.60,2021-12-25,Net 30,98402,0.0500,,Owen Brooks,"7868 Valley Ave, Tacoma",0.4932,Direct Business,0.00,2023-04-26,291832.81,0.5628
A-11241,Active,NY,Heritage Campus Services,0.00,2021-11-14,50/50,10001,0.1000,0.5291,Natalie Price,"6516 Center Rd, New York",0.5005,Direct Business,37408.75,2025-02-06,135749.09,
A-10945,Active,CA,Heritage Church Supply,0.00,2025-07-01,100% Prepay,95113,0,,Jordan Kim,"8420 Center Ln, San Jose",,Direct Business,0.00,2026-03-16,0.00,
A-10770,Active,WA,Heritage Commercial Interiors,19246.78,2023-04-07,Net 30,99201,0,,Carla Mendes,"5061 Sunset Way, Spokane",0.5491,Direct Business,0.00,2025-09-29,46458.09,0.5270
A-10826,Active,WA,Heritage Conference Services,228005.62,2021-12-14,100% Prepay,99201,0.0500,,Natalie Price,"160 Industrial Pkwy, Spokane",0.4936,Direct Business,0.00,2025-04-24,485252.93,0.4837
A-10229,Active,OK,Heritage Design Studio,0.00,2021-12-20,100% Prepay,73102,0.0500,,Carla Mendes,"901 Oak St, Oklahoma City",0.4906,Direct Business,0.00,2026-08-12,54567.05,
A-10933,Active,NY,Heritage Facilities,18918.52,2023-06-06,100% Prepay,12207,0.0500,,Elena Ruiz,"5721 Maple St, Albany",0.4710,Direct Business,0.00,2025-11-17,18918.52,0.4710
A-10842,Active,NV,Heritage Hospitality Group,0.00,2026-01-18,Net 30,89101,0.0500,0.4579,Marcus Chen,"2782 Main Way, Las Vegas",0.4579,Direct Business,68630.25,2026-08-24,68630.25,
A-10201,Active,FL,Heritage Meeting Solutions,28665.36,2025-04-19,Net 30,32801,0.0500,,Jordan Kim,"1232 Maple St, Orlando",0.5399,Direct Business,0.00,2025-04-26,28665.36,0.5399
A-11035,Active,MO,Heritage Operations,30076.06,2022-01-16,100% Prepay,64106,0.0500,0.5822,Priya Nair,"4375 River Pkwy, Kansas City",0.5179,Direct Business,14619.40,2025-06-22,306134.75,0.4926
A-10943,Active,MN,Heritage Procurement,151110.42,2021-11-29,100% Prepay,55401,0.0500,,Carla Mendes,"5065 Valley Way, Minneapolis",0.5024,Direct Business,0.00,2025-05-01,509974.62,0.4934
A-10125,Active,ME,Heritage Property Group,40526.30,2022-01-01,Net 30,04101,0.0500,0.4607,Elena Ruiz,"7914 Lincoln St, Portland",0.4916,Direct Business,128260.38,2026-06-25,246035.56,0.4967
A-10264,Active,OR,Heritage Purchasing Group,32128.25,2025-09-19,100% Prepay,97301,0,,Natalie Price,"2241 Oak Dr, Salem",0.5243,Direct Business,0.00,2025-11-26,32128.25,0.5243
A-11076,Active,MO,Heritage School Supply,115601.76,2021-12-10,Net 30,64106,0,0.5906,Jordan Kim,"3262 Maple Pkwy, Kansas City",0.4842,Direct Business,7934.94,2026-07-31,336359.85,0.4563
A-11093,Active,WA,Highland Business Furnishings,139915.89,2021-10-13,Net 30,99201,0.2000,0.4969,Natalie Price,"1382 Lakeview Rd, Spokane",0.4910,Direct Business,12847.88,2026-02-23,180434.96,0.4896
A-10926,Active,NH,Highland Campus Services,150565.00,2024-10-25,Net 30,03101,0,0.4634,Natalie Price,"3214 Commerce Blvd, Manchester",0.4802,Direct Business,128562.00,2026-05-06,279127.00,0.4946
A-10335,Active,NJ,Highland Church Supply,45514.54,2024-11-14,Net 30,07102,0,0.5361,Carla Mendes,"1477 Meadow Way, Newark",0.5433,Direct Business,16753.50,2025-07-27,62268.04,0.5460
A-10093,Active,AR,Highland Community Center,0.00,2025-02-27,100% Prepay,72201,0.0500,0.5414,Natalie Price,"8382 Commerce St, Little Rock",0.5414,Direct Business,104449.90,2026-04-04,104449.90,
A-10450,Active,OR,Highland Corporate Services,54718.22,2024-08-11,100% Prepay,97205,0,0.5278,Carla Mendes,"562 Pine Way, Portland",0.5233,Direct Business,28603.03,2025-11-17,109129.08,0.5112
A-10497,Active,FL,Highland Design Studio,0.00,2025-11-11,50/50,33602,0.0500,,Natalie Price,"7750 Main Ln, Tampa",,Direct Business,0.00,2025-12-05,0.00,
A-11185,Active,ME,Highland Facilities,73126.16,2024-09-19,Net 30,04101,0.0500,0.5077,Carla Mendes,"3849 Broadway Ln, Portland",0.5169,Direct Business,107925.10,2026-06-02,181051.26,0.5305
A-10993,Active,PA,Highland Facility Services,67370.78,2023-05-09,Net 30,15222,0.0500,0.5595,Carla Mendes,"7229 Broadway Pkwy, Pittsburgh",0.5134,Direct Business,27544.59,2025-08-04,178475.85,0.5180
A-10391,Active,NV,Highland Meeting Solutions,0.00,2024-05-12,50/50,89101,0,0.4638,Jordan Kim,"2743 Harbor Rd, Las Vegas",0.4647,Direct Business,100459.50,2025-07-22,101211.24,
A-10198,Active,PA,Highland Operations,89871.50,2021-10-23,Net 30,19102,0,0.5209,Carla Mendes,"3129 Sunset Dr, Philadelphia",0.5015,Direct Business,138404.05,2025-10-05,594502.31,0.4642
A-10819,Active,NC,Highland Procurement,0.00,2025-02-24,50/50,28202,0.1000,,Natalie Price,"8832 Washington Ave, Charlotte",,Direct Business,0.00,2025-11-08,0.00,
A-10931,Active,WY,Highland Property Group,83656.34,2024-08-10,50/50,82001,0.1000,0.5268,Elena Ruiz,"7836 Park Blvd, Cheyenne",0.4894,Direct Business,9096.72,2025-11-07,115186.49,0.4948
A-10883,Active,NE,Highland School Supply,0.00,2021-11-06,100% Prepay,68102,0.0500,0.5478,Priya Nair,"8612 Sunset St, Omaha",0.5107,Direct Business,7669.52,2025-05-03,168945.89,
A-10659,Active,SC,Highland Venue Services,0.00,2024-07-15,Net 30,29201,0,0.5527,Elena Ruiz,"6338 Valley St, Columbia",0.5527,Direct Business,83116.45,2025-10-18,83116.45,
A-10039,Active,MS,Highland Workspace Solutions,0.00,2025-06-21,50/50,39201,0,0.5194,Elena Ruiz,"7577 Pine Dr, Jackson",0.5194,Direct Business,44477.35,2025-08-04,44477.35,
A-10495,Active,WA,Hillcrest Campus Services,0.00,2026-01-01,100% Prepay,99201,0.1500,0.5399,Natalie Price,"2922 Commerce Ave, Spokane",0.5399,Direct Business,22301.45,2026-03-18,22301.45,
A-10048,Active,MS,Hillcrest Church Supply,27774.06,2022-06-14,50/50,39201,0,0.5472,Elena Ruiz,"8327 Lincoln Ave, Jackson",0.5021,Direct Business,35690.67,2025-09-24,409271.22,0.5188
A-11153,Active,GA,Hillcrest Conference Services,0.00,2025-07-25,Net 30,30303,0.0500,0.5204,Elena Ruiz,"3063 Oak Rd, Atlanta",0.5204,Direct Business,87693.03,2026-06-27,87693.03,
A-10422,Active,CT,Hillcrest Corporate Services,0.00,2026-04-17,100% Prepay,06103,0.1000,0.5186,Luis Romero,"1326 Lincoln Blvd, Hartford",0.5186,Direct Business,16886.95,2026-08-06,16886.95,
A-10989,Active,AR,Hillcrest Design Studio,0.00,2026-03-27,100% Prepay,72201,0,,Priya Nair,"8557 Meadow Ave, Little Rock",,Direct Business,0.00,2026-05-15,0.00,
A-10655,Active,FL,Hillcrest Hospitality Group,42088.18,2024-07-17,Net 30,33602,0.1500,,Priya Nair,"1459 Lakeview Ave, Tampa",0.5265,Direct Business,0.00,2025-11-02,42088.18,0.5265
A-10726,Active,PA,Hillcrest Office Interiors,44635.20,2021-12-09,50/50,15222,0,0.4552,Natalie Price,"8623 Market Ave, Pittsburgh",0.4970,Direct Business,226361.60,2025-08-26,453057.92,0.5387
A-10022,Active,IN,Hillcrest Office Supply,95529.58,2021-09-21,Net 30,46204,0.0500,0.4948,Owen Brooks,"5502 Main Pkwy, Indianapolis",0.5128,Direct Business,48805.05,2025-05-28,559668.84,0.5117
A-10746,Active,NY,Hillcrest Property Group,0.00,2024-07-31,50/50,12207,0.0500,0.5681,Priya Nair,"4254 Market Ave, Albany",0.5681,Direct Business,9864.80,2025-02-23,9864.80,
A-11061,Active,MD,Hillcrest Workplace Group,27651.60,2024-08-17,100% Prepay,21201,0,0.4917,Priya Nair,"244 Harbor Way, Baltimore",0.5042,Direct Business,53569.64,2026-01-15,81221.24,0.5282
A-10695,Active,NH,Hillcrest Workspace Solutions,5056.16,2022-08-12,50/50,03101,0,0.5397,Luis Romero,"4732 Industrial Ln, Manchester",0.4947,Direct Business,49394.35,2025-09-07,458138.51,0.5801
A-11228,Inactive,MT,HomeHarbor Store #0464,60404.40,2021-11-01,Net 30,59101,0.2500,0.4296,Luis Romero,"1940 Market Ln, Billings",0.4494,Big Box Store,53112.90,2024-01-08,303237.70,0.4296
A-10129,Active,NY,HomeHarbor Store #1206,111106.03,2023-09-16,50/50,10001,0.2000,0.5075,Carla Mendes,"4690 Broadway Pkwy, New York",0.4527,Big Box Store,45137.98,2026-07-08,198006.92,0.4206
A-10096,Active,HI,HomeHarbor Store #1502,30717.69,2021-11-10,Net 30,96813,0.2000,,Luis Romero,"6000 Park Rd, Honolulu",0.4670,Big Box Store,0.00,2026-04-08,731949.88,0.4331
A-10569,Active,WA,HomeHarbor Store #1596,0.00,2023-12-13,Net 30,98402,0.1500,,Jordan Kim,"8992 Commerce Blvd, Tacoma",0.4530,Big Box Store,0.00,2025-12-03,103428.10,
A-10250,Active,OR,HomeHarbor Store #1739,225837.67,2023-08-05,Net 30,97205,0.1500,0.5299,Luis Romero,"5590 Meadow Blvd, Portland",0.4389,Big Box Store,4459.10,2026-07-18,233937.21,0.4359
A-10342,Active,DE,HomeHarbor Store #2041,37969.20,2023-03-22,Net 30,19801,0.1000,0.4192,Carla Mendes,"561 Broadway Pkwy, Wilmington",0.4361,Big Box Store,77623.00,2025-11-19,204031.27,0.4683
A-10265,Active,VA,HomeHarbor Store #3156,0.00,2026-07-06,Net 30,23219,0.1500,,Luis Romero,"892 Lakeview Rd, Richmond",,Big Box Store,0.00,2026-09-01,0.00,
A-10779,Active,CA,HomeHarbor Store #3664,75217.18,2024-07-18,Net 30,93721,0.2500,,Jordan Kim,"8582 Sunset Ave, Fresno",0.4543,Big Box Store,0.00,2026-08-19,210031.56,0.4562
A-10831,Active,FL,HomeHarbor Store #3722,0.00,2024-03-08,Net 30,32801,0.2000,,Natalie Price,"705 Park Ln, Orlando",,Big Box Store,0.00,2025-04-05,0.00,
A-10215,Active,FL,HomeHarbor Store #3900,102270.27,2021-11-16,100% Prepay,33128,0.2500,,Carla Mendes,"7509 Meadow Ave, Miami",0.4374,Big Box Store,0.00,2025-12-08,749555.58,0.4186
A-10932,Active,SC,HomeHarbor Store #4118,0.00,2025-09-19,Net 30,29201,0.3000,0.4314,Owen Brooks,"2325 Broadway Pkwy, Columbia",0.4314,Big Box Store,112527.78,2026-09-14,112527.78,
A-11203,Active,FL,HomeHarbor Store #4161,9631.28,2022-10-07,Net 30,32801,0.1500,0.4647,Luis Romero,"1315 Market Blvd, Orlando",0.4706,Big Box Store,60325.69,2026-08-24,69956.97,0.5076
A-10940,Active,AL,HomeHarbor Store #5638,225718.07,2021-10-31,Net 30,35203,0.2000,0.4111,Priya Nair,"956 Washington Ave, Birmingham",0.4370,Big Box Store,61329.10,2026-05-28,568081.23,0.4320
A-10905,Active,NC,HomeHarbor Store #5659,0.00,2026-08-23,Net 30,28202,0.2000,,Luis Romero,"8207 Harbor Pkwy, Charlotte",,Big Box Store,0.00,2026-08-25,0.00,
A-11091,Active,MS,HomeHarbor Store #6325,31587.72,2024-03-12,Net 30,39201,0.2000,,Priya Nair,"3584 Market Pkwy, Jackson",0.4646,Big Box Store,0.00,2026-04-12,45723.21,0.4655
A-10619,Active,TN,HomeHarbor Store #6373,192171.18,2023-05-11,Net 30,37203,0.2500,0.4456,Owen Brooks,"2383 Maple Rd, Nashville",0.4527,Big Box Store,161898.35,2026-01-14,768103.58,0.4651
A-10206,Active,OH,HomeHarbor Store #6385,69544.78,2021-12-22,Net 30,43215,0.3000,0.4061,Priya Nair,"7878 Center Blvd, Columbus",0.4191,Big Box Store,6078.84,2025-02-27,415496.63,0.4152
A-10362,Active,KY,HomeHarbor Store #6889,0.00,2025-09-11,Net 30,40202,0.2500,,Jordan Kim,"5636 Industrial Rd, Louisville",,Big Box Store,0.00,2025-11-05,0.00,
A-11140,Active,TX,HomeHarbor Store #6963,369708.53,2023-09-07,Net 30,77002,0.1500,0.4772,Jordan Kim,"2092 Commerce St, Houston",0.4450,Big Box Store,46084.50,2025-09-20,415793.03,0.4410
A-10024,Active,WV,HomeHarbor Store #7706,98071.63,2025-03-23,50/50,25301,0.2000,0.4263,Owen Brooks,"2026 Lincoln Pkwy, Charleston",0.4285,Big Box Store,119688.45,2025-08-24,217760.08,0.4313
A-10777,Active,WY,HomeHarbor Store #7754,18264.24,2024-01-23,Net 30,82001,0.2500,,Natalie Price,"1595 Meadow Dr, Cheyenne",0.4255,Big Box Store,0.00,2025-01-13,105902.77,0.4706
A-10108,Active,TX,HomeHarbor Store #7924,0.00,2024-03-22,Net 30,75201,0.1500,,Luis Romero,"1285 Valley Way, Dallas",0.4363,Big Box Store,0.00,2025-01-08,108184.48,
A-11039,Active,TN,HomeHarbor Store #8147,147828.14,2021-10-15,Net 30,37203,0.2500,,Jordan Kim,"8416 Commerce Blvd, Nashville",0.4313,Big Box Store,0.00,2025-09-03,1036570.19,0.4320
A-11180,Active,NC,HomeHarbor Store #8450,57232.15,2024-06-27,Net 30,28202,0.1500,,Jordan Kim,"4933 Commerce Way, Charlotte",0.4638,Big Box Store,0.00,2026-05-31,57232.15,0.4638
A-11123,Active,MO,HomeHarbor Store #8575,14201.63,2025-09-08,100% Prepay,64106,0.2500,0.4336,Carla Mendes,"8513 Hill Ln, Kansas City",0.4349,Big Box Store,211201.28,2025-10-10,225402.91,0.4538
A-10032,Active,NY,HomeHarbor Store #8609,0.00,2026-03-23,Net 30,12207,0.1000,,Elena Ruiz,"1028 Lakeview Way, Albany",,Big Box Store,0.00,2026-05-20,0.00,
A-10518,Active,WI,HomeHarbor Store #8929,0.00,2025-06-25,Net 30,53202,0.2500,0.4671,Natalie Price,"6885 Commerce Ave, Milwaukee",0.4671,Big Box Store,197074.52,2025-07-01,197074.52,
A-10331,Active,TX,HomeHarbor Store #8936,36862.13,2024-11-27,Net 30,78701,0.2500,0.4605,Elena Ruiz,"4776 Industrial Ave, Austin",0.4710,Big Box Store,16969.16,2025-04-27,53831.29,0.4758
A-10684,Active,NY,HomeHarbor Store #9065,249024.46,2024-04-17,Net 30,10001,0.1000,0.4297,Elena Ruiz,"8465 Market Blvd, New York",0.4493,Big Box Store,168395.73,2025-04-14,417420.19,0.4625
A-10135,Active,AZ,HomeHarbor Store #9748,341661.68,2024-12-18,Net 30,85701,0.2500,0.4720,Priya Nair,"7372 Main Way, Tucson",0.4734,Big Box Store,191875.40,2025-04-23,533537.08,0.4742
A-10580,Active,KY,Ironwood Campus Services,63448.70,2024-08-29,100% Prepay,40202,0.1000,,Carla Mendes,"7424 Meadow Way, Louisville",0.5045,Direct Business,0.00,2026-03-07,63448.70,0.5045
A-11092,Active,DC,Ironwood Church Supply,0.00,2026-01-23,100% Prepay,20001,0,0.5238,Luis Romero,"2000 Sunset Way, Washington",0.5238,Direct Business,66539.37,2026-07-13,66539.37,
A-10243,Active,MS,Ironwood Commercial Interiors,36283.33,2022-09-26,Net 30,39201,0.0500,0.5008,Natalie Price,"6510 Hill Way, Jackson",0.5125,Direct Business,9197.81,2026-03-02,101537.37,0.5202
A-10874,Active,NV,Ironwood Corporate Services,0.00,2023-12-13,100% Prepay,89101,0,0.5831,Owen Brooks,"8176 Commerce Way, Las Vegas",0.5831,Direct Business,21234.62,2026-04-21,21234.62,
A-10082,Active,NH,Ironwood Design Studio,0.00,2025-12-07,50/50,03101,0.0500,,Jordan Kim,"2792 Cedar Rd, Manchester",,Direct Business,0.00,2026-07-26,0.00,
A-10275,Active,WA,Ironwood Education Services,239374.15,2024-11-07,Net 30,99201,0,0.4827,Elena Ruiz,"5999 Center Way, Spokane",0.4933,Direct Business,114026.02,2026-08-03,353400.17,0.4984
A-10455,Active,OH,Ironwood Event Group,239292.47,2023-04-12,50/50,43215,0.1000,,Marcus Chen,"8827 River Blvd, Columbus",0.4924,Direct Business,0.00,2026-04-05,418384.92,0.4867
A-10762,Active,OR,Ironwood Event Services,0.00,2025-02-15,50/50,97301,0.1000,0.4938,Natalie Price,"7592 Main Pkwy, Salem",0.4938,Direct Business,13676.00,2025-07-22,13676.00,
A-10060,Inactive,MS,Ironwood Facilities,182.40,2023-09-02,50/50,39201,0.0500,,Natalie Price,"6951 Pine Way, Jackson",0.5530,Direct Business,0.00,2026-02-15,14705.88,0.5754
A-10719,Active,NV,Ironwood Office Interiors,0.00,2025-07-18,Net 30,89101,0.1000,,Carla Mendes,"4187 Main Dr, Las Vegas",,Direct Business,0.00,2026-02-07,0.00,
A-10207,Active,IL,Ironwood Operations,62774.60,2024-03-07,Net 30,60601,0.1500,,Luis Romero,"8066 Lakeview St, Chicago",0.5177,Direct Business,0.00,2026-05-25,166988.16,0.5210
A-10571,Active,FL,Isaac Carter,958.08,2021-11-22,100% Prepay,33128,0.0000,0.5915,Devon Hale,"7783 Sunset Pkwy, Miami",0.5935,Direct Individual,4101.04,2025-12-01,12450.17,0.5845
A-10575,Inactive,AZ,Isaac Foster,0.00,2021-10-26,100% Prepay,85004,0.0000,,Devon Hale,"8555 Center Pkwy, Phoenix",,Direct Individual,0.00,2022-05-01,0.00,
A-10753,Active,MI,Isaac Gray,1295.04,2023-12-10,100% Prepay,48226,0.0000,0.6038,Carla Mendes,"8736 River Ave, Detroit",0.5962,Direct Individual,554.40,2025-09-07,1849.44,0.5929
A-10475,Active,PA,Isaac Kim,2110.08,2023-01-20,100% Prepay,19102,0.0000,,Devon Hale,"3820 Lakeview Pkwy, Philadelphia",0.6005,Direct Individual,0.00,2025-04-03,3798.03,0.6012
A-10400,Active,NJ,Isaac Long,1322.88,2023-07-22,50/50,07102,0.0000,0.5848,Devon Hale,"802 Park Pkwy, Newark",0.5981,Direct Individual,574.20,2025-08-12,4849.40,0.6000
A-11019,Active,OR,Isaac Reed,0.00,2021-11-01,100% Prepay,97205,0.0000,0.5855,Devon Hale,"4006 Market Rd, Portland",0.5947,Direct Individual,87.22,2026-09-06,5397.92,
A-11102,Active,SC,Isaac Reed,0.00,2022-05-29,100% Prepay,29201,0.0000,,Devon Hale,"6936 Park Pkwy, Columbia",0.6077,Direct Individual,0.00,2026-04-12,4209.17,
A-10524,Active,IN,Isaac Santos,1055.04,2024-08-09,100% Prepay,46204,0.0000,0.5970,Devon Hale,"6818 Industrial St, Indianapolis",0.5994,Direct Individual,1299.83,2025-03-18,2618.97,0.6039
A-10487,Active,ND,Jonah Foster,1356.06,2022-06-10,50/50,58102,0.0000,0.5969,Marcus Chen,"8306 Cedar Dr, Fargo",0.5984,Direct Individual,1374.22,2026-02-01,5730.55,0.5984
A-10386,Active,OR,Jonah Hayes,0.00,2024-03-01,100% Prepay,97205,0.0000,0.5975,Devon Hale,"4278 Maple Dr, Portland",0.5975,Direct Individual,2226.03,2026-06-24,2226.03,
A-10205,Active,TX,Jonah Parker,0.00,2026-03-09,100% Prepay,75201,0.0000,0.5973,Devon Hale,"459 Park Blvd, Dallas",0.5973,Direct Individual,2448.00,2026-08-10,2448.00,
A-10957,Active,AL,Jonah Ross,0.00,2022-01-05,100% Prepay,35203,0.0000,,Devon Hale,"2152 Park Rd, Birmingham",0.6051,Direct Individual,0.00,2026-02-08,1647.62,
A-11107,Active,MA,Julian Parker,56.84,2021-10-13,100% Prepay,02108,0.0000,0.5914,Devon Hale,"2936 Commerce Ln, Boston",0.5965,Direct Individual,6443.55,2025-11-09,16597.44,0.5841
A-10521,Active,WA,Julian Price,0.00,2023-06-03,100% Prepay,99201,0.0000,,Jordan Kim,"2073 Valley Blvd, Spokane",0.6030,Direct Individual,0.00,2025-09-03,603.57,
A-10445,Active,FL,Juniper Business Furnishings,94529.28,2023-07-01,Net 30,33128,0,,Marcus Chen,"4007 Harbor Blvd, Miami",0.4863,Direct Business,0.00,2025-04-26,157296.27,0.4756
A-10433,Inactive,WA,Juniper Church Supply,0.00,2022-04-03,Net 30,98201,0,,Priya Nair,"5782 Washington Ave, Everett",,Direct Business,0.00,2023-12-01,0.00,
A-10428,Active,CA,Juniper Community Center,0.00,2025-07-28,100% Prepay,92101,0.0500,,Jordan Kim,"3562 Washington Ln, San Diego",,Direct Business,0.00,2025-09-01,0.00,
A-10350,Active,TN,Juniper Conference Services,114784.96,2023-04-17,50/50,37203,0,,Natalie Price,"3185 Cedar Ave, Nashville",0.4979,Direct Business,0.00,2026-06-24,136589.08,0.4921
A-11230,Active,PA,Juniper Design Studio,64511.03,2024-02-26,50/50,19102,0.1000,,Marcus Chen,"1469 Washington Way, Philadelphia",0.5011,Direct Business,0.00,2025-08-27,64511.03,0.5011
A-10928,Active,OH,Juniper Education Services,56372.50,2023-04-03,Net 30,43215,0.1500,,Marcus Chen,"237 Center Pkwy, Columbus",0.5064,Direct Business,0.00,2025-06-06,232597.42,0.5084
A-10596,Active,NY,Juniper Event Services,14911.74,2022-12-29,100% Prepay,10001,0.0500,0.5035,Jordan Kim,"5688 Sunset Way, New York",0.5141,Direct Business,22408.98,2025-12-27,38107.02,0.5272
A-10239,Active,VA,Juniper Facilities,0.00,2022-02-09,Net 30,23219,0,0.6097,Jordan Kim,"8666 Valley Blvd, Richmond",0.4801,Direct Business,3560.04,2025-10-08,501615.82,
A-10247,Active,ME,Juniper Facility Services,19043.51,2022-02-11,50/50,04101,0,0.4252,Elena Ruiz,"8618 Lincoln Blvd, Portland",0.4886,Direct Business,72820.23,2025-12-02,185024.16,0.5744
A-10499,Active,AL,Juniper Meeting Solutions,138015.54,2023-02-01,50/50,35203,0.0500,0.4971,Carla Mendes,"4914 Park Pkwy, Birmingham",0.4964,Direct Business,112215.07,2026-03-25,544066.11,0.5328
A-11063,Active,CA,Juniper Office Interiors,0.00,2023-11-30,50/50,93721,0.1000,,Luis Romero,"4106 Oak Blvd, Fresno",0.5158,Direct Business,0.00,2025-08-09,59473.66,
A-10194,Active,UT,Juniper Operations,20331.30,2024-03-26,Net 30,84101,0,0.5360,Carla Mendes,"297 Industrial Dr, Salt Lake City",0.5273,Direct Business,49768.11,2025-10-16,83513.63,0.5283
A-11181,Active,NE,Juniper Procurement,0.00,2026-08-15,Net 30,68102,0.1500,,Marcus Chen,"7265 Meadow Way, Omaha",,Direct Business,0.00,2026-09-10,0.00,
A-10338,Active,NV,Juniper Property Group,0.00,2022-04-24,50/50,89501,0.1000,0.5544,Jordan Kim,"6561 Sunset Ln, Reno",0.5044,Direct Business,36803.70,2026-05-25,93346.05,
A-10348,Active,MS,Juniper Purchasing Group,47160.96,2021-12-04,50/50,39201,0.0500,,Priya Nair,"901 Hill Rd, Jackson",0.4944,Direct Business,0.00,2025-03-26,433107.43,0.5259
A-11080,Active,NM,Juniper School Supply,0.00,2022-06-17,50/50,87102,0.0500,0.5617,Marcus Chen,"2146 Washington Ave, Albuquerque",0.5338,Direct Business,24489.64,2026-06-03,85619.24,
A-10973,Active,MA,Juniper Training Center,0.00,2024-05-24,50/50,02108,0.1500,0.5128,Priya Nair,"6293 Main Ave, Boston",0.4772,Direct Business,20944.16,2025-01-27,114036.38,
A-10503,Active,TX,Lakeside Business Furnishings,35743.78,2023-06-29,100% Prepay,78701,0,0.4716,Carla Mendes,"2485 Washington Pkwy, Austin",0.4986,Direct Business,54385.36,2026-05-30,245492.56,0.5232
A-10962,Active,ME,Lakeside Campus Services,114349.38,2022-11-05,Net 30,04101,0,0.4612,Carla Mendes,"3607 Pine Rd, Portland",0.5062,Direct Business,43551.00,2026-08-31,333296.69,0.5202
A-10694,Active,NC,Lakeside Commercial Interiors,2582.10,2022-08-10,100% Prepay,28202,0,0.5064,Owen Brooks,"4505 Commerce Pkwy, Charlotte",0.5212,Direct Business,44729.13,2025-07-21,88267.02,0.5698
A-10736,Active,TX,Lakeside Conference Services,0.00,2026-03-02,100% Prepay,78205,0.0500,,Natalie Price,"5761 Lakeview Ave, San Antonio",,Direct Business,0.00,2026-04-02,0.00,
A-10522,Active,PA,Lakeside Corporate Services,17185.06,2024-09-07,Net 30,15222,0,,Luis Romero,"6737 Valley Rd, Pittsburgh",0.4797,Direct Business,0.00,2025-09-07,54110.41,0.4924
A-11176,Active,NV,Lakeside Design Studio,75189.35,2024-07-10,Net 30,89501,0.0500,0.4656,Marcus Chen,"8388 Valley Pkwy, Reno",0.5028,Direct Business,39286.46,2025-11-19,113115.17,0.5224
A-10959,Active,SC,Lakeside Education Services,0.00,2022-10-31,Net 30,29201,0.2000,0.4647,Owen Brooks,"5855 Center Dr, Columbia",0.4664,Direct Business,278475.13,2025-06-16,268018.59,
A-11028,Active,PA,Lakeside Facilities,48161.86,2023-01-01,50/50,15222,0.1500,,Priya Nair,"1931 Washington St, Pittsburgh",0.4840,Direct Business,0.00,2025-10-02,52039.72,0.4811
A-10951,Active,MD,Lakeside Facility Services,0.00,2025-08-08,100% Prepay,21201,0.1000,0.4948,Priya Nair,"143 Maple Dr, Baltimore",0.4948,Direct Business,105996.79,2025-09-09,105996.79,
A-11095,Active,AZ,Lakeside Hospitality Group,147056.82,2021-11-13,50/50,85004,0,0.4564,Luis Romero,"6694 Sunset Ave, Phoenix",0.4805,Direct Business,68374.50,2025-10-29,330583.98,0.4867
A-10863,Inactive,FL,Lakeside Office Supply,48998.34,2022-08-25,Net 30,33128,0.0500,,Priya Nair,"4731 Lincoln Way, Miami",0.5034,Direct Business,0.00,2022-12-24,81987.78,0.4915
A-10937,Active,VA,Lakeside Operations,0.00,2022-08-21,50/50,23219,0.0500,0.5077,Luis Romero,"5560 Hill St, Richmond",0.5124,Direct Business,122928.08,2026-02-14,265637.63,
A-11071,Active,WY,Lakeside Procurement,0.00,2023-05-23,Net 30,82001,0.1500,0.4899,Natalie Price,"8659 Sunset Way, Cheyenne",0.5067,Direct Business,32782.05,2025-05-06,51428.77,
A-10063,Active,NV,Lakeside Purchasing Group,20360.28,2021-11-28,Net 30,89101,0,0.4863,Jordan Kim,"4358 Hill Rd, Las Vegas",0.4871,Direct Business,6199.68,2026-01-25,200979.44,0.5054
A-10747,Active,WY,Lakeside School Supply,37315.32,2025-04-16,Net 30,82001,0.1000,,Priya Nair,"1420 Sunset Dr, Cheyenne",0.5201,Direct Business,0.00,2026-02-21,37315.32,0.5201
A-10958,Active,AZ,Lakeside Training Center,105385.87,2023-11-17,100% Prepay,85004,0.1000,0.5659,Luis Romero,"2944 Lincoln Way, Phoenix",0.5075,Direct Business,8447.59,2025-06-13,139438.91,0.4954
A-10976,Active,LA,Lakeside Workplace Group,150672.82,2022-01-28,50/50,70112,0,0.5140,Elena Ruiz,"7856 Valley Way, New Orleans",0.4879,Direct Business,39231.83,2025-06-21,636889.25,0.4540
A-10939,Active,FL,Lakeside Workspace Solutions,0.00,2026-05-08,Net 30,33602,0.0500,,Owen Brooks,"3334 Commerce Ave, Tampa",,Direct Business,0.00,2026-08-27,0.00,
A-10192,Active,NH,Lena Bailey,1114.26,2025-03-02,100% Prepay,03101,0.0000,0.5888,Natalie Price,"5365 Lincoln Rd, Manchester",0.5975,Direct Individual,499.00,2025-11-29,1613.26,0.6014
A-10310,Active,CA,Lena Brooks,3912.10,2025-04-01,100% Prepay,93721,0.0000,0.5945,Devon Hale,"8262 Broadway St, Fresno",0.5913,Direct Individual,2472.03,2026-02-10,6384.13,0.5893
A-10113,Active,VA,Lena Collins,2518.12,2021-09-24,100% Prepay,23219,0.0000,,Devon Hale,"3838 Broadway Dr, Richmond",0.5956,Direct Individual,0.00,2025-04-23,4845.58,0.5946
A-10920,Active,IN,Lena Collins,0.00,2025-03-01,100% Prepay,46204,0.0000,,Devon Hale,"1655 Valley Ave, Indianapolis",,Direct Individual,0.00,2025-05-12,0.00,
A-10174,Active,NY,Lena Kim,0.00,2025-09-11,50/50,10001,0.0000,,Devon Hale,"3950 Harbor St, New York",,Direct Individual,0.00,2026-03-14,0.00,
A-11161,Active,AZ,Lena Long,2760.00,2022-04-10,50/50,85004,0.0000,0.6039,Devon Hale,"8749 Main Ln, Phoenix",0.5963,Direct Individual,150.48,2025-07-31,14723.75,0.5933
A-11077,Active,LA,Lena Miller,4962.14,2023-01-22,100% Prepay,70112,0.0000,,Carla Mendes,"3904 Pine Way, New Orleans",0.6008,Direct Individual,0.00,2025-03-07,12476.78,0.5995
A-10823,Active,AZ,Lena Murphy,0.00,2025-10-15,100% Prepay,85701,0.0000,,Devon Hale,"3107 Market Ave, Tucson",,Direct Individual,0.00,2026-06-24,0.00,
A-11108,Active,TX,Lena Nguyen,1342.08,2021-10-27,100% Prepay,75201,0.0000,,Devon Hale,"6187 Pine Dr, Dallas",0.5995,Direct Individual,0.00,2026-01-27,7858.11,0.6073
A-10163,Active,OR,Lena Santos,2016.00,2023-01-20,100% Prepay,97205,0.0000,0.5953,Devon Hale,"6475 Cedar Ave, Portland",0.6024,Direct Individual,2614.59,2025-04-02,5912.14,0.6107
A-10281,Active,MO,Lena Santos,0.00,2024-01-18,100% Prepay,64106,0.0000,,Devon Hale,"5104 Washington Rd, Kansas City",0.5919,Direct Individual,0.00,2025-07-21,6170.25,
A-10043,Active,WA,Leo Campbell,3115.20,2021-11-20,100% Prepay,98201,0.0000,,Devon Hale,"3871 Washington Rd, Everett",0.5949,Direct Individual,0.00,2025-11-02,6472.55,0.5983
A-10134,Active,TX,Leo Cook,2493.88,2022-05-07,100% Prepay,78701,0.0000,0.5973,Devon Hale,"8032 Washington Blvd, Austin",0.6008,Direct Individual,1986.02,2026-06-27,9263.33,0.6035
A-11056,Active,MS,Leo Foster,2495.18,2021-10-16,100% Prepay,39201,0.0000,,Devon Hale,"1556 Lakeview St, Jackson",0.5962,Direct Individual,0.00,2025-02-01,14742.90,0.5922
A-10042,Active,AZ,Leo Gray,479.04,2023-03-13,100% Prepay,85004,0.0000,,Devon Hale,"6641 Oak Ln, Phoenix",0.5985,Direct Individual,0.00,2025-05-20,4208.09,0.6030
A-10131,Active,FL,Leo Patel,2590.08,2024-04-07,100% Prepay,32801,0.0000,,Devon Hale,"5902 Valley Dr, Orlando",0.5931,Direct Individual,0.00,2025-11-16,4582.23,0.5873
A-10019,Active,UT,Leo Price,1437.12,2022-08-12,100% Prepay,84101,0.0000,0.5906,Devon Hale,"4432 Maple Way, Salt Lake City",0.5963,Direct Individual,890.01,2025-05-16,4062.93,0.5928
A-10061,Active,NC,Leo Reed,1055.04,2022-03-23,100% Prepay,28202,0.0000,,Devon Hale,"1779 River Ave, Charlotte",0.5917,Direct Individual,0.00,2026-02-16,1658.61,0.5925
A-10828,Active,IN,Liam Bell,2205.12,2024-04-02,100% Prepay,46204,0.0000,0.6023,Devon Hale,"2146 Park Pkwy, Indianapolis",0.5974,Direct Individual,4352.04,2025-10-23,8053.28,0.5886
A-10375,Active,MI,Liam Collins,0.00,2023-06-29,100% Prepay,48226,0.0000,,Devon Hale,"8957 Lakeview Dr, Detroit",,Direct Individual,0.00,2025-05-26,0.00,
A-10390,Active,WA,Liam Collins,624.15,2022-12-01,100% Prepay,98201,0.0000,0.5888,Devon Hale,"8967 Pine Dr, Everett",0.6004,Direct Individual,1084.81,2025-04-08,6132.81,0.5860
A-11251,Active,WA,Liam Collins LLC,2176.06,2023-01-23,100% Prepay,98201,0.0000,,Devon Hale,"8967 Pine Dr, Everett",0.5991,Direct Individual,0.00,2025-04-08,2993.53,0.6041
A-10214,Active,VA,Liam Nguyen,1533.94,2024-05-03,100% Prepay,23219,0.0000,0.5907,Natalie Price,"4291 Washington Ave, Richmond",0.5962,Direct Individual,1045.01,2025-07-29,3433.00,0.6011
A-10140,Active,NV,Liam Santos,2055.06,2025-08-22,100% Prepay,89501,0.0000,,Luis Romero,"5633 Valley Ln, Reno",0.5914,Direct Individual,0.00,2026-02-13,2055.06,0.5914
A-11081,Active,CT,Liam Santos,0.00,2025-08-19,100% Prepay,06103,0.0000,0.5942,Devon Hale,"2905 Sunset Blvd, Hartford",0.5942,Direct Individual,2826.53,2026-05-27,2826.53,
A-10517,Active,AK,Liam Wood,0.00,2025-04-16,100% Prepay,99501,0.0000,0.6002,Devon Hale,"7247 Harbor Way, Anchorage",0.6002,Direct Individual,1663.09,2026-04-18,1663.09,
A-10728,Active,NY,Maple Grove Business Furnishings,40112.80,2024-06-09,Net 30,10001,0.1000,,Priya Nair,"3387 Meadow Rd, New York",0.4737,Direct Business,0.00,2025-03-22,40112.80,0.4737
A-10906,Active,WA,Maple Grove Church Supply,0.00,2025-08-06,100% Prepay,98101,0,0.4949,Jordan Kim,"1006 River Rd, Seattle",0.4949,Direct Business,135350.89,2026-01-28,135350.89,
A-10482,Active,NM,Maple Grove Commercial Interiors,0.00,2025-08-17,50/50,87102,0.0500,,Luis Romero,"1671 Sunset Dr, Albuquerque",,Direct Business,0.00,2026-02-27,0.00,
A-11233,Active,WA,Maple Grove Community Center,7258.88,2023-05-08,100% Prepay,98201,0.1000,0.4523,Marcus Chen,"8431 Main Ln, Everett",0.4821,Direct Business,61172.65,2025-06-01,120840.72,0.5168
A-10208,Active,IA,Maple Grove Design Studio,6013.22,2021-12-24,50/50,50309,0.0500,,Luis Romero,"6505 Industrial Ave, Des Moines",0.5027,Direct Business,0.00,2025-10-09,161539.03,0.5003
A-11010,Active,NE,Maple Grove Event Group,75424.25,2024-06-20,Net 30,68102,0.0500,0.4966,Marcus Chen,"1574 Valley Ln, Omaha",0.5103,Direct Business,55942.40,2025-11-26,131366.65,0.5205
A-10984,Active,RI,Maple Grove Event Services,12330.40,2021-12-09,50/50,02903,0.1000,0.4682,Luis Romero,"5825 Cedar Way, Providence",0.4938,Direct Business,43766.20,2025-05-10,375812.28,0.5386
A-10648,Active,SC,Maple Grove Facilities,175306.26,2022-11-23,Net 30,29201,0,0.4918,Marcus Chen,"3104 Oak Dr, Columbia",0.4985,Direct Business,101685.21,2025-04-04,627713.30,0.5016
A-10105,Active,NC,Maple Grove Facility Services,97831.71,2024-02-07,Net 30,28202,0.1000,,Owen Brooks,"876 Oak Way, Charlotte",0.5063,Direct Business,0.00,2025-12-19,97831.71,0.5063
A-10058,Active,MS,Maple Grove Procurement,309512.22,2025-02-16,50/50,39201,0,,Marcus Chen,"8343 Maple Ln, Jackson",0.4308,Direct Business,0.00,2025-08-01,309512.22,0.4308
A-10744,Active,PA,Maple Grove School Supply,28794.77,2023-11-07,Net 30,19102,0,0.4626,Jordan Kim,"3977 Pine Blvd, Philadelphia",0.4862,Direct Business,90455.80,2025-09-22,209315.80,0.4781
A-10760,Active,HI,Maple Grove Venue Services,0.00,2024-09-11,50/50,96813,0,,Owen Brooks,"1463 Oak Rd, Honolulu",,Direct Business,0.00,2026-05-16,0.00,
A-10366,Active,NM,Maple Grove Workplace Group,4763.22,2024-11-10,Net 30,87102,0.1500,0.5067,Priya Nair,"1947 Commerce Dr, Albuquerque",0.5074,Direct Business,42206.38,2025-01-25,46969.60,0.5134
A-10317,Active,TX,Maple Grove Workspace Solutions,26134.52,2022-06-15,Net 30,78205,0,0.6032,Marcus Chen,"7638 Market Rd, San Antonio",0.5001,Direct Business,247.50,2025-10-04,349982.96,0.5267
A-10729,Active,CT,Mara Davis,0.00,2024-04-14,100% Prepay,06103,0.0000,0.5930,Devon Hale,"6212 Broadway Ln, Hartford",0.5941,Direct Individual,1740.42,2025-01-26,2356.97,
A-10011,Active,CO,Mara Price,3375.36,2024-05-17,100% Prepay,80202,0.0000,,Devon Hale,"1721 Lincoln Ave, Denver",0.5853,Direct Individual,0.00,2025-04-11,3375.36,0.5853
A-10901,Active,WA,Mara Ward,0.00,2021-12-12,100% Prepay,98101,0.0000,0.6055,Devon Hale,"1586 Sunset Dr, Seattle",0.5932,Direct Individual,386.10,2026-09-05,3012.67,
A-11178,Active,NY,Mason Ridge Business Furnishings,0.00,2026-04-05,50/50,14202,0,0.5098,Luis Romero,"3072 Commerce Ave, Buffalo",0.5098,Direct Business,34134.40,2026-05-21,34134.40,
A-10827,Active,NC,Mason Ridge Campus Services,0.00,2026-01-17,50/50,28202,0.1000,0.5426,Priya Nair,"3359 Industrial Ave, Charlotte",0.5426,Direct Business,27717.30,2026-02-05,27717.30,
A-10092,Active,HI,Mason Ridge Church Supply,0.00,2025-07-21,100% Prepay,96813,0.1000,0.4987,Elena Ruiz,"2563 Center Dr, Honolulu",0.4987,Direct Business,72560.00,2025-07-30,72560.00,
A-10703,Inactive,KS,Mason Ridge Corporate Services,0.00,2023-10-31,Net 30,67202,0.0500,0.5401,Jordan Kim,"8954 Oak Dr, Wichita",0.5119,Direct Business,21349.14,2025-03-09,139292.77,
A-10519,Active,TN,Mason Ridge Design Studio,0.00,2025-10-09,Net 30,37203,0.0500,,Carla Mendes,"1639 Harbor Rd, Nashville",,Direct Business,0.00,2026-07-24,0.00,
A-10138,Active,CT,Mason Ridge Education Services,0.00,2025-05-19,Net 30,06103,0,,Elena Ruiz,"4898 Park Ave, Hartford",,Direct Business,0.00,2025-12-16,0.00,
A-10241,Active,IN,Mason Ridge Event Group,0.00,2025-10-01,Net 30,46204,0,0.5044,Luis Romero,"1082 Sunset St, Indianapolis",0.5044,Direct Business,82929.31,2026-02-05,82929.31,
A-10840,Active,IN,Mason Ridge Hospitality Group,128193.90,2023-06-09,Net 30,46204,0,0.4866,Natalie Price,"2224 Washington Blvd, Indianapolis",0.4919,Direct Business,142581.52,2025-08-19,373811.74,0.5240
A-10240,Active,UT,Mason Ridge Office Interiors,57679.64,2024-12-24,Net 30,84101,0.1000,0.5331,Carla Mendes,"1033 Harbor Dr, Salt Lake City",0.4994,Direct Business,22927.32,2025-10-10,80606.96,0.4860
A-11151,Active,DE,Mason Ridge Office Supply,33896.60,2023-11-16,100% Prepay,19801,0.1000,0.4961,Carla Mendes,"408 Lincoln Blvd, Wilmington",0.5012,Direct Business,241285.34,2025-04-29,275181.94,0.5380
A-10787,Active,IA,Mason Ridge Property Group,0.00,2025-07-03,100% Prepay,50309,0,0.5348,Elena Ruiz,"745 Harbor Ave, Des Moines",0.5348,Direct Business,18936.72,2025-10-14,19757.77,
A-10875,Active,DC,Mason Ridge School Supply,0.00,2025-01-14,Net 30,20001,0.1000,0.5041,Jordan Kim,"8860 Meadow Pkwy, Washington",0.5041,Direct Business,54605.38,2026-06-04,54605.38,
A-10846,Active,DC,Mason Ridge Training Center,67045.19,2022-01-23,50/50,20001,0.1000,0.4900,Carla Mendes,"8518 Broadway St, Washington",0.5038,Direct Business,232117.39,2026-06-16,485994.31,0.5142
A-10851,Active,NY,Mason Ridge Workspace Solutions,0.00,2025-12-18,50/50,10001,0,,Natalie Price,"1484 Market Pkwy, New York",,Direct Business,0.00,2026-04-29,0.00,
A-10200,Active,ME,Mateo Bennett,3231.06,2023-07-04,50/50,04101,0.0000,,Devon Hale,"7704 Market Ave, Portland",0.5948,Direct Individual,0.00,2026-09-05,7231.42,0.5885
A-11165,Active,SD,Mateo Brooks,2431.38,2022-07-16,100% Prepay,57104,0.0000,0.5997,Devon Hale,"7440 Park Rd, Sioux Falls",0.5968,Direct Individual,1731.51,2026-02-25,12662.61,0.5997
A-10116,Active,NV,Mateo Campbell,3381.98,2021-11-15,100% Prepay,89101,0.0000,,Devon Hale,"6164 Pine Blvd, Las Vegas",0.5994,Direct Individual,0.00,2025-03-21,9055.53,0.6032
A-10841,Inactive,IL,Mateo Cook,0.00,2022-03-12,100% Prepay,60601,0.0000,,Devon Hale,"7321 Washington Way, Chicago",0.5992,Direct Individual,0.00,2024-02-24,1022.07,
A-10441,Active,MS,Mateo Nguyen,0.00,2026-07-12,100% Prepay,39201,0.0000,,Devon Hale,"5109 Park Rd, Jackson",,Direct Individual,0.00,2026-09-11,0.00,
A-10869,Active,PA,Mateo Parker,5942.60,2024-02-17,100% Prepay,19102,0.0000,0.5939,Devon Hale,"2100 Valley Way, Philadelphia",0.5974,Direct Individual,2533.96,2025-05-16,10184.66,0.6025
A-11147,Active,WA,Mateo Ross,0.00,2026-05-06,100% Prepay,98402,0.0000,,Devon Hale,"7816 Main Blvd, Tacoma",,Direct Individual,0.00,2026-06-27,0.00,
A-10867,Active,MD,Mateo Stewart,3885.12,2021-10-22,100% Prepay,21201,0.0000,0.5938,Devon Hale,"6949 Harbor Rd, Baltimore",0.5916,Direct Individual,5885.55,2025-10-01,11924.86,0.5893
A-10347,Active,IL,Maya Foster,0.00,2026-08-07,100% Prepay,60601,0.0000,,Devon Hale,"441 Sunset Blvd, Chicago",,Direct Individual,0.00,2026-09-09,0.00,
A-10483,Active,CA,Maya Morales,0.00,2026-05-17,100% Prepay,93721,0.0000,,Devon Hale,"3233 Hill Ln, Fresno",,Direct Individual,0.00,2026-05-17,0.00,
A-11248,Active,NC,Maya Parker,6914.40,2021-11-27,100% Prepay,28202,0.0000,0.5924,Devon Hale,"5904 Main Blvd, Charlotte",0.5996,Direct Individual,2176.02,2026-02-02,14934.32,0.6030
A-10759,Active,ID,Meridian Business Furnishings,19725.84,2024-02-23,Net 30,83702,0.1000,0.4578,Marcus Chen,"2732 Maple Ln, Boise",0.4604,Direct Business,60603.75,2026-03-01,80329.59,0.4683
A-10739,Active,CA,Meridian Church Supply,209443.96,2025-04-09,Net 30,95814,0,0.4864,Priya Nair,"1969 Lincoln Way, Sacramento",0.4844,Direct Business,75424.75,2025-10-17,284868.71,0.4837
A-10824,Active,MS,Meridian Corporate Services,87783.67,2024-03-10,Net 30,39201,0.1000,0.4930,Owen Brooks,"6678 Lakeview Rd, Jackson",0.4807,Direct Business,77275.58,2025-09-17,165059.25,0.4699
A-11085,Active,NY,Meridian Design Studio,9385.06,2021-10-18,Net 30,14202,0,,Priya Nair,"5903 Sunset St, Buffalo",0.5031,Direct Business,0.00,2026-01-18,105549.66,0.4962
A-10224,Active,NY,Meridian Education Services,108554.33,2022-10-07,100% Prepay,10001,0.1000,,Natalie Price,"8728 Broadway Blvd, New York",0.4907,Direct Business,0.00,2025-02-09,223801.20,0.5226
A-10086,Active,CA,Meridian Event Services,0.00,2021-10-01,Net 30,95814,0.1500,,Carla Mendes,"1541 Hill Pkwy, Sacramento",0.4934,Direct Business,0.00,2025-06-03,217245.47,
A-10717,Active,NY,Meridian Facility Services,24618.74,2022-02-05,100% Prepay,14202,0,0.5448,Marcus Chen,"230 River Blvd, Buffalo",0.5229,Direct Business,36555.10,2025-08-19,86513.44,0.5027
A-10636,Active,PA,Meridian Hospitality Group,59550.26,2023-07-28,Net 30,15222,0.1500,,Owen Brooks,"1206 Center Way, Pittsburgh",0.5173,Direct Business,0.00,2025-12-19,122232.64,0.5085
A-10462,Active,IL,Meridian Office Interiors,20685.79,2023-06-30,Net 30,60601,0.1000,0.5498,Luis Romero,"6320 Hill Pkwy, Chicago",0.5103,Direct Business,43795.20,2026-06-23,196717.20,0.4910
A-10448,Active,MN,Meridian Office Supply,78075.31,2021-12-06,100% Prepay,55401,0.1000,0.5607,Owen Brooks,"394 Meadow Pkwy, Minneapolis",0.4676,Direct Business,2322.90,2026-04-26,368969.34,0.5108
A-10277,Active,UT,Meridian Procurement,33104.49,2021-10-20,Net 30,84101,0.1000,,Jordan Kim,"4304 Valley Ave, Salt Lake City",0.5137,Direct Business,0.00,2025-09-03,270048.61,0.5281
A-10764,Active,CA,Meridian Property Group,0.00,2026-01-21,50/50,93721,0.1000,0.5354,Luis Romero,"1075 Meadow Dr, Fresno",0.5354,Direct Business,7413.55,2026-07-04,7413.55,
A-10146,Active,WA,Meridian Purchasing Group,39536.51,2021-11-22,Net 30,98101,0.1000,0.5187,Elena Ruiz,"7802 Oak Rd, Seattle",0.5072,Direct Business,19871.64,2026-03-19,276740.97,0.5213
A-10547,Active,LA,MetroHouse Store #0001,0.00,2024-05-05,50/50,70112,0.2000,0.5126,Owen Brooks,"3883 River Blvd, New Orleans",0.5126,Big Box Store,95967.16,2026-05-26,104931.44,
A-11209,Active,DE,MetroHouse Store #0658,24257.04,2022-12-25,Net 30,19801,0.1500,,Jordan Kim,"8175 Park Pkwy, Wilmington",0.4699,Big Box Store,0.00,2025-04-23,424915.00,0.5067
A-10980,Active,DC,MetroHouse Store #1210,16012.50,2024-04-15,Net 30,20001,0.2000,0.4623,Elena Ruiz,"1277 Broadway Blvd, Washington",0.4639,Big Box Store,29830.01,2026-08-07,114904.06,0.5055
A-10852,Active,CA,MetroHouse Store #1517,251233.06,2023-04-09,100% Prepay,92101,0.2500,0.4264,Carla Mendes,"4771 Hill Way, San Diego",0.4392,Big Box Store,314950.25,2025-06-24,566183.31,0.4552
A-10982,Active,TX,MetroHouse Store #2116,0.00,2021-09-16,Net 30,75201,0.3000,0.4279,Owen Brooks,"1999 Main Dr, Dallas",0.4226,Big Box Store,35024.27,2025-12-29,499879.30,
A-11240,Active,NC,MetroHouse Store #2270,507084.51,2021-10-12,Net 30,28202,0.2500,0.4345,Owen Brooks,"5192 Meadow Pkwy, Charlotte",0.4493,Big Box Store,80276.05,2025-09-25,944563.93,0.4531
A-10641,Active,IN,MetroHouse Store #3395,213372.78,2022-11-11,100% Prepay,46204,0.2000,,Owen Brooks,"7632 Pine Ave, Indianapolis",0.4376,Big Box Store,0.00,2025-07-15,397552.92,0.4280
A-10219,Active,TX,MetroHouse Store #3403,73681.43,2024-02-20,50/50,77002,0.2500,0.4233,Luis Romero,"5663 Park St, Houston",0.4364,Big Box Store,309925.51,2026-04-13,435119.84,0.4635
A-10216,Active,CO,MetroHouse Store #3516,0.00,2021-10-30,Net 30,80202,0.1500,,Marcus Chen,"2713 Main Ave, Denver",0.4531,Big Box Store,0.00,2025-06-08,481009.78,
A-10161,Active,NY,MetroHouse Store #3800,42979.20,2024-03-24,Net 30,12207,0.2000,0.4150,Elena Ruiz,"8132 Oak St, Albany",0.4171,Big Box Store,34304.20,2026-05-25,77283.40,0.4187
A-10988,Active,IL,MetroHouse Store #5022,86866.67,2021-09-22,Net 30,60601,0.2000,0.4567,Owen Brooks,"1509 Pine Rd, Chicago",0.4370,Big Box Store,291129.86,2025-02-15,831271.20,0.4107
A-11069,Active,WA,MetroHouse Store #5147,74841.25,2024-06-21,Net 30,98101,0.2500,0.4584,Natalie Price,"7305 Meadow Way, Seattle",0.4448,Big Box Store,105646.36,2025-03-20,205706.28,0.4198
A-11195,Active,WA,MetroHouse Store #5394,67767.84,2023-11-18,Net 30,99201,0.2500,0.4598,Priya Nair,"1442 Cedar Blvd, Spokane",0.4610,Big Box Store,31417.36,2025-12-17,99185.20,0.4616
A-10731,Active,WV,MetroHouse Store #5487,11710.18,2022-08-17,Net 30,25301,0.2500,0.4334,Devon Hale,"6129 Industrial Way, Charleston",0.4334,Big Box Store,143897.34,2026-08-15,432363.84,0.4467
A-10379,Active,TX,MetroHouse Store #5555,47497.68,2024-01-24,Net 30,78701,0.1500,0.4678,Elena Ruiz,"3002 Market Blvd, Austin",0.4494,Big Box Store,171648.49,2026-05-20,421868.83,0.4696
A-10743,Active,FL,MetroHouse Store #5793,224207.54,2023-06-29,50/50,33602,0.3000,0.4330,Luis Romero,"2205 Lakeview St, Tampa",0.4198,Big Box Store,14827.35,2025-11-28,283320.20,0.4180
A-10902,Active,NH,MetroHouse Store #5852,0.00,2026-01-03,50/50,03101,0.3000,0.4305,Priya Nair,"2210 Lincoln Rd, Manchester",0.4305,Big Box Store,289996.27,2026-04-14,289996.27,
A-10549,Active,NV,MetroHouse Store #5943,97649.85,2025-02-07,Net 30,89101,0.2500,0.4334,Natalie Price,"6260 Main Way, Las Vegas",0.4376,Big Box Store,289994.76,2025-10-19,387644.61,0.4501
A-10212,Active,AR,MetroHouse Store #6360,9257.14,2022-08-02,Net 30,72201,0.1500,,Carla Mendes,"6139 Park Rd, Little Rock",0.4491,Big Box Store,0.00,2026-08-02,72579.24,0.4714
A-11002,Active,NE,MetroHouse Store #7127,287775.40,2021-09-21,Net 30,68102,0.3000,0.4301,Carla Mendes,"2955 Lakeview Blvd, Omaha",0.4305,Big Box Store,60692.01,2026-01-09,1123834.61,0.4306
A-10186,Active,NV,MetroHouse Store #7554,70808.06,2021-12-28,Net 30,89101,0.1000,,Priya Nair,"6246 Lincoln St, Las Vegas",0.4493,Big Box Store,0.00,2026-06-09,215692.56,0.4253
A-10953,Active,NY,MetroHouse Store #7651,0.00,2021-11-12,Net 30,10001,0.2000,,Luis Romero,"3937 Industrial St, New York",0.4504,Big Box Store,0.00,2025-05-04,415408.16,
A-10821,Active,PA,MetroHouse Store #8027,295729.16,2021-12-30,Net 30,15222,0.2000,,Jordan Kim,"5885 Maple St, Pittsburgh",0.4442,Big Box Store,0.00,2025-09-02,1012435.91,0.4405
A-10725,Active,MI,MetroHouse Store #8556,0.00,2023-08-27,Net 30,48226,0.2000,0.4997,Natalie Price,"1569 Industrial Dr, Detroit",0.4997,Big Box Store,33425.15,2025-11-19,33425.15,
A-10604,Active,WA,MetroHouse Store #8747,469086.13,2023-02-07,50/50,98101,0.3000,0.4347,Jordan Kim,"2577 Market Pkwy, Seattle",0.4273,Big Box Store,140323.40,2025-07-14,766752.89,0.4247
A-10612,Active,MO,MetroHouse Store #8781,0.00,2025-09-15,Net 30,64106,0.1500,0.5049,Owen Brooks,"3976 Lincoln Ln, Kansas City",0.5049,Big Box Store,11480.50,2026-01-24,11480.50,
A-10358,Active,WA,MetroHouse Store #9683,0.00,2026-06-21,Net 30,98101,0.3000,,Luis Romero,"3081 Harbor Blvd, Seattle",,Big Box Store,0.00,2026-09-01,0.00,
A-10249,Active,OR,MetroHouse Store #9795,79066.90,2024-03-03,Net 30,97301,0.2500,0.4304,Priya Nair,"303 Market Blvd, Salem",0.4455,Big Box Store,128776.58,2025-01-31,207843.48,0.4702
A-10898,Active,CA,Miles Campbell,3609.14,2024-01-05,100% Prepay,95814,0.0000,,Devon Hale,"980 Harbor Ave, Sacramento",0.6007,Direct Individual,0.00,2025-09-04,4927.26,0.5978
A-10685,Active,NY,Miles Long,5542.38,2024-02-28,100% Prepay,12207,0.0000,0.6000,Devon Hale,"854 Center Ave, Albany",0.6018,Direct Individual,9727.05,2025-09-23,18789.18,0.6054
A-10705,Active,UT,Miles Morales,0.00,2023-06-06,100% Prepay,84101,0.0000,0.5914,Devon Hale,"4523 Hill Ln, Salt Lake City",0.5969,Direct Individual,689.04,2026-07-02,3339.29,
A-10574,Active,NY,Miles Morgan,0.00,2025-10-01,50/50,14202,0.0000,0.6027,Devon Hale,"3383 Broadway Rd, Buffalo",0.6027,Direct Individual,494.01,2026-06-15,494.01,
A-10801,Inactive,FL,Miles Nguyen,0.00,2021-12-12,100% Prepay,33128,0.0000,,Devon Hale,"6494 Park Dr, Miami",0.5961,Direct Individual,0.00,2022-06-06,3367.79,
A-11013,Active,DC,Miles Nguyen,0.00,2022-03-02,100% Prepay,20001,0.0000,0.5871,Devon Hale,"2153 Meadow Ave, Washington",0.5892,Direct Individual,1780.02,2025-01-28,4536.14,
A-10211,Active,TX,Miles Reed,0.00,2025-12-21,100% Prepay,77002,0.0000,0.6044,Elena Ruiz,"7856 Main St, Houston",0.6044,Direct Individual,870.21,2026-02-02,870.21,
A-10721,Active,RI,Naomi Bennett,1322.02,2024-01-11,100% Prepay,02903,0.0000,0.6004,Devon Hale,"3909 Park St, Providence",0.5957,Direct Individual,3196.00,2025-03-19,5562.07,0.5850
A-11143,Active,VT,Naomi Nguyen,598.46,2025-01-02,100% Prepay,05401,0.0000,,Devon Hale,"2638 River Rd, Burlington",0.5900,Direct Individual,0.00,2026-08-27,598.46,0.5900
A-11242,Active,NC,Naomi Nguyen,0.00,2025-01-30,100% Prepay,28202,0.0000,0.5908,Devon Hale,"8016 Lincoln Blvd, Charlotte",0.5908,Direct Individual,2176.02,2026-04-28,2176.02,
A-10561,Active,CO,Naomi Ross,0.00,2025-12-23,100% Prepay,80202,0.0000,0.5989,Devon Hale,"7503 Center Ln, Denver",0.5989,Direct Individual,1791.01,2026-02-17,1791.01,
A-10213,Inactive,MI,Nina Cook,0.00,2021-11-17,100% Prepay,48226,0.0000,,Devon Hale,"8566 Washington Way, Detroit",0.6010,Direct Individual,0.00,2022-10-09,69.42,
A-10442,Active,PA,Nina Hayes,912.38,2024-02-26,100% Prepay,19102,0.0000,,Devon Hale,"1198 River Ln, Philadelphia",0.5990,Direct Individual,0.00,2025-08-09,2308.88,0.6116
A-10699,Active,CA,Nina Nguyen,0.00,2022-05-25,100% Prepay,95814,0.0000,0.5942,Jordan Kim,"957 Meadow Blvd, Sacramento",0.5979,Direct Individual,3560.04,2026-02-13,6003.42,
A-11033,Active,TX,Nina Reed,2156.46,2023-04-01,100% Prepay,78205,0.0000,,Devon Hale,"849 Sunset Blvd, San Antonio",0.5922,Direct Individual,0.00,2026-04-09,4710.51,0.5902
A-10668,Active,AZ,Nina Ward,0.00,2025-04-10,100% Prepay,85701,0.0000,,Luis Romero,"8845 Meadow Pkwy, Tucson",,Direct Individual,0.00,2026-06-17,0.00,
A-11204,Active,TX,Noah Foster,539.98,2021-11-14,100% Prepay,75201,0.0000,0.6054,Devon Hale,"5494 Center Dr, Dallas",0.6030,Direct Individual,3653.30,2025-06-13,16071.49,0.5886
A-10407,Active,NY,Noah Parker,0.00,2025-10-31,100% Prepay,12207,0.0000,,Devon Hale,"5191 Commerce Dr, Albany",,Direct Individual,0.00,2026-04-21,0.00,
A-10774,Active,CO,NorthMart Store #0046,79956.03,2023-01-28,100% Prepay,80202,0.3000,,Elena Ruiz,"168 Cedar Ln, Denver",0.4187,Big Box Store,0.00,2026-02-02,102122.56,0.4218
A-10804,Active,NV,NorthMart Store #0989,215978.32,2021-12-03,Net 30,89501,0.2500,0.4324,Luis Romero,"3748 Valley Dr, Reno",0.4485,Big Box Store,23311.72,2025-02-19,598269.16,0.4434
A-10255,Active,MN,NorthMart Store #1519,0.00,2022-04-15,Net 30,55401,0.1500,0.4147,Priya Nair,"1405 Sunset Blvd, Minneapolis",0.4294,Big Box Store,394574.31,2025-09-27,912078.83,
A-10295,Active,CO,NorthMart Store #1695,0.00,2024-11-08,Net 30,80202,0.2000,0.4267,Elena Ruiz,"3375 Maple Ave, Denver",0.4267,Big Box Store,65632.70,2025-05-05,65632.70,
A-10222,Inactive,ID,NorthMart Store #1765,27517.68,2021-12-17,50/50,83702,0.2500,,Elena Ruiz,"7828 Pine St, Boise",0.4284,Big Box Store,0.00,2024-04-23,210435.99,0.4626
A-10392,Active,NC,NorthMart Store #2249,395297.40,2021-09-16,50/50,28202,0.2000,0.4467,Natalie Price,"6396 Industrial Ave, Charlotte",0.4429,Big Box Store,13678.56,2026-02-23,1203106.29,0.4335
A-10862,Active,NH,NorthMart Store #2400,186305.48,2022-02-11,Net 30,03101,0.3000,0.4242,Luis Romero,"6739 Harbor Way, Manchester",0.4274,Big Box Store,138937.18,2026-05-03,708885.65,0.4371
A-10528,Active,OR,NorthMart Store #2543,83098.52,2021-10-07,Net 30,97205,0.2500,,Devon Hale,"4594 Commerce St, Portland",0.4372,Big Box Store,0.00,2026-01-03,858783.82,0.4429
A-10816,Active,TX,NorthMart Store #3262,104814.25,2021-12-21,100% Prepay,77002,0.2000,0.4443,Priya Nair,"5614 Sunset Pkwy, Houston",0.4372,Big Box Store,90203.53,2025-02-03,480501.08,0.4410
A-11199,Active,PA,NorthMart Store #3507,187703.78,2025-01-04,Net 30,19102,0.2000,,Natalie Price,"2802 Park St, Philadelphia",0.4154,Big Box Store,0.00,2025-05-13,187703.78,0.4154
A-10870,Active,IL,NorthMart Store #3782,50288.43,2023-10-02,50/50,60601,0.2500,0.4647,Luis Romero,"5659 Oak Ln, Chicago",0.4567,Big Box Store,44424.00,2026-01-28,301233.87,0.4570
A-10602,Active,WA,NorthMart Store #3783,0.00,2025-02-19,100% Prepay,98201,0.3000,0.4300,Carla Mendes,"3860 Industrial Rd, Everett",0.4300,Big Box Store,192048.84,2026-03-12,192048.84,
A-11134,Inactive,AZ,NorthMart Store #3948,142646.32,2023-06-18,Net 30,85701,0.2000,0.4379,Priya Nair,"3655 Main Ln, Tucson",0.4501,Big Box Store,327844.38,2023-08-26,596879.31,0.4550
A-11216,Active,CO,NorthMart Store #4229,301202.59,2023-01-16,Net 30,80202,0.2000,0.4337,Priya Nair,"391 Hill Ln, Denver",0.4311,Big Box Store,184865.58,2025-12-05,1185051.73,0.4366
A-10498,Active,VT,NorthMart Store #4678,6052.92,2025-01-25,Net 30,05401,0.2000,0.4209,Owen Brooks,"791 Lakeview Rd, Burlington",0.4280,Big Box Store,63346.47,2025-05-14,69399.39,0.5019
A-10778,Active,NJ,NorthMart Store #4746,27877.68,2021-10-05,Net 30,07102,0.2500,0.4699,Owen Brooks,"5771 Lakeview Pkwy, Newark",0.4401,Big Box Store,20027.87,2025-06-01,256959.27,0.4672
A-10960,Active,PA,NorthMart Store #4896,0.00,2021-11-07,Net 30,15222,0.2000,0.5100,Carla Mendes,"5348 Meadow Ln, Pittsburgh",0.4484,Big Box Store,24937.60,2025-12-15,629696.35,
A-10301,Active,AZ,NorthMart Store #5021,0.00,2021-12-11,Net 30,85004,0.2000,,Marcus Chen,"8241 Washington Rd, Phoenix",0.4731,Big Box Store,0.00,2025-08-02,130795.73,
A-10563,Active,ID,NorthMart Store #5118,128326.06,2024-11-06,Net 30,83702,0.2000,,Owen Brooks,"4895 Oak Pkwy, Boise",0.4779,Big Box Store,0.00,2026-05-08,128326.06,0.4779
A-10527,Active,TX,NorthMart Store #5317,0.00,2023-05-11,100% Prepay,75201,0.3000,0.4350,Jordan Kim,"4786 Commerce Ln, Dallas",0.4350,Big Box Store,5551.20,2026-02-05,5551.20,
A-10431,Active,KY,NorthMart Store #5363,0.00,2024-04-29,Net 30,40202,0.1000,0.4570,Owen Brooks,"3311 Center Pkwy, Louisville",0.4570,Big Box Store,85434.13,2025-11-25,85434.13,
A-10262,Active,FL,NorthMart Store #5381,541467.28,2022-06-04,Net 30,33128,0.2500,0.4574,Jordan Kim,"5214 Broadway Way, Miami",0.4554,Big Box Store,303637.91,2025-11-05,1160345.16,0.4624
A-11048,Active,NE,NorthMart Store #5472,87659.87,2024-07-28,Net 30,68102,0.3000,,Natalie Price,"7057 Main Dr, Omaha",0.4194,Big Box Store,0.00,2025-12-09,87659.87,0.4194
A-10913,Active,NV,NorthMart Store #6018,0.00,2026-01-25,Net 30,89501,0.2000,,Marcus Chen,"596 Market St, Reno",,Big Box Store,0.00,2026-05-31,0.00,
A-10720,Active,CO,NorthMart Store #6502,0.00,2021-12-17,Net 30,80202,0.2500,0.4219,Owen Brooks,"4043 Maple Blvd, Denver",0.4469,Big Box Store,78507.18,2026-03-01,818941.14,
A-10849,Active,ID,NorthMart Store #6627,235348.64,2024-05-25,100% Prepay,83702,0.2000,,Luis Romero,"943 River Blvd, Boise",0.4781,Big Box Store,0.00,2026-01-09,243727.04,0.4792
A-11218,Active,OR,NorthMart Store #6712,144118.53,2023-08-21,Net 30,97205,0.3000,0.4173,Jordan Kim,"2742 Cedar Rd, Portland",0.4268,Big Box Store,53755.08,2025-12-02,278589.71,0.4332
A-10735,Active,AR,NorthMart Store #6842,0.00,2024-08-04,Net 30,72201,0.1500,0.4755,Elena Ruiz,"6335 Washington Ave, Little Rock",0.4755,Big Box Store,39200.44,2026-08-15,39200.44,
A-11017,Inactive,IL,NorthMart Store #7585,0.00,2023-06-16,Net 30,60601,0.2000,,Jordan Kim,"5534 Valley Pkwy, Chicago",,Big Box Store,0.00,2025-11-09,0.00,
A-10397,Active,CA,NorthMart Store #7888,0.00,2025-07-24,Net 30,95113,0.2000,0.5059,Elena Ruiz,"3711 River Ln, San Jose",0.5059,Big Box Store,41520.75,2026-07-25,41520.75,
A-10012,Active,WA,NorthMart Store #8172,82939.47,2021-10-19,Net 30,99201,0.2500,0.4424,Priya Nair,"8793 Oak Rd, Spokane",0.4370,Big Box Store,288559.88,2025-01-29,569805.45,0.4209
A-10316,Active,NC,NorthMart Store #8179,77228.91,2023-06-17,50/50,28202,0.3000,0.4292,Marcus Chen,"6704 Cedar Ln, Charlotte",0.4213,Big Box Store,54957.60,2025-06-06,154670.60,0.4122
A-10398,Active,ND,NorthMart Store #9196,0.00,2026-03-31,Net 30,58102,0.1500,,Owen Brooks,"4031 Industrial Ln, Fargo",,Big Box Store,0.00,2026-04-19,0.00,
A-10271,Active,OR,NorthMart Store #9819,0.00,2026-08-13,Net 30,97205,0.3000,,Carla Mendes,"7491 Sunset St, Portland",,Big Box Store,0.00,2026-09-09,0.00,
A-10168,Active,PA,NorthMart Store #9907,450367.73,2023-02-04,Net 30,19102,0.2000,,Carla Mendes,"7463 Center Pkwy, Philadelphia",0.4385,Big Box Store,0.00,2025-03-10,756688.11,0.4385
A-11227,Inactive,MT,Northline Business Furnishings,80846.77,2022-09-06,Net 30,59101,0,0.5513,Carla Mendes,"7477 Harbor Pkwy, Billings",0.5184,Direct Business,23809.33,2022-12-12,147828.10,0.5118
A-10742,Active,WA,Northline Campus Services,0.00,2021-09-26,100% Prepay,98201,0.1000,,Carla Mendes,"7944 Lakeview Dr, Everett",0.4907,Direct Business,0.00,2026-06-20,326328.37,
A-10149,Active,LA,Northline Church Supply,14257.85,2021-11-11,50/50,70112,0,0.5337,Marcus Chen,"1699 Valley Pkwy, New Orleans",0.5164,Direct Business,24388.35,2026-08-05,279089.27,0.5140
A-10069,Active,FL,Northline Community Center,0.00,2025-03-01,50/50,33128,0.1000,,Luis Romero,"6118 Industrial Rd, Miami",,Direct Business,0.00,2026-08-16,0.00,
A-10663,Active,UT,Northline Conference Services,0.00,2024-03-12,50/50,84101,0.1000,0.5065,Marcus Chen,"3390 Main Pkwy, Salt Lake City",0.5051,Direct Business,113863.94,2025-03-18,191446.26,
A-11020,Active,SD,Northline Corporate Services,14844.33,2021-12-28,Net 30,57104,0,,Owen Brooks,"7791 Industrial Way, Sioux Falls",0.5344,Direct Business,0.00,2026-08-06,106811.79,0.5351
A-10002,Active,NH,Northline Design Studio,0.00,2026-08-26,50/50,03101,0,,Priya Nair,"2956 Meadow Pkwy, Manchester",,Direct Business,0.00,2026-09-01,0.00,
A-11023,Active,RI,Northline Education Services,15326.85,2021-12-10,50/50,02903,0.2000,,Elena Ruiz,"8273 Valley Rd, Providence",0.4808,Direct Business,0.00,2025-11-11,366426.98,0.5091
A-11036,Active,WA,Northline Event Services,253579.50,2024-08-13,Net 30,99201,0,,Owen Brooks,"7220 Cedar Rd, Spokane",0.4738,Direct Business,0.00,2025-12-29,253579.50,0.4738
A-10396,Active,NJ,Northline Facilities,0.00,2026-01-01,Net 30,07102,0.1500,0.5372,Luis Romero,"6956 Lincoln Way, Newark",0.5372,Direct Business,46886.44,2026-01-02,46886.44,
A-10408,Active,NV,Northline Facility Services,0.00,2024-09-13,Net 30,89101,0,,Marcus Chen,"103 Hill Dr, Las Vegas",,Direct Business,0.00,2026-01-11,0.00,
A-11105,Active,SC,Northline Meeting Solutions,119533.14,2021-09-26,50/50,29201,0.0500,0.5461,Luis Romero,"2054 Maple Ave, Columbia",0.5266,Direct Business,27193.36,2025-10-11,579159.76,0.5233
A-11208,Active,AK,Northline Office Interiors,0.00,2021-10-05,50/50,99501,0.1000,,Carla Mendes,"4655 Oak Pkwy, Anchorage",0.4915,Direct Business,0.00,2025-10-16,453505.61,
A-10907,Active,MA,Northline Procurement,21251.06,2023-09-10,Net 30,02108,0,,Owen Brooks,"1397 Park St, Boston",0.4807,Direct Business,0.00,2025-10-27,21251.06,0.4807
A-10467,Active,NV,Northline Property Group,37395.21,2022-11-07,50/50,89101,0.1500,0.5203,Priya Nair,"8670 Lakeview Dr, Las Vegas",0.4972,Direct Business,15192.60,2025-01-08,74064.23,0.4892
A-10107,Active,NE,Northline School Supply,48297.49,2021-11-02,Net 30,68102,0.1500,,Elena Ruiz,"6600 Market Rd, Omaha",0.5211,Direct Business,0.00,2025-03-25,95816.77,0.5377
A-10309,Active,IN,Northline Venue Services,43688.78,2023-10-03,100% Prepay,46204,0.1000,0.4985,Jordan Kim,"4230 Broadway Blvd, Indianapolis",0.4983,Direct Business,54835.14,2026-07-03,193785.80,0.4987
A-10755,Active,AL,Northline Workplace Group,89640.21,2021-10-08,Net 30,35203,0,0.4697,Marcus Chen,"5171 Lakeview Pkwy, Birmingham",0.5011,Direct Business,94413.70,2025-06-14,353506.32,0.5272
A-11053,Active,WV,Northline Workspace Solutions,0.00,2026-03-21,50/50,25301,0.1000,,Luis Romero,"3840 Pine Dr, Charleston",,Direct Business,0.00,2026-04-03,0.00,
A-10099,Active,WA,Oak & Pine Church Supply,133428.75,2024-12-16,50/50,99201,0.1500,0.4882,Elena Ruiz,"7160 Oak Ln, Spokane",0.4963,Direct Business,234556.09,2025-07-09,367984.84,0.5106
A-10672,Active,OR,Oak & Pine Commercial Interiors,87457.60,2024-05-22,Net 30,97301,0.1000,0.5646,Priya Nair,"3796 Market Pkwy, Salem",0.4940,Direct Business,27521.26,2025-04-26,180813.50,0.4915
A-10756,Active,KS,Oak & Pine Conference Services,0.00,2026-07-03,Net 30,67202,0,0.5396,Devon Hale,"7468 Center Ave, Wichita",0.5396,Direct Business,57664.00,2026-08-31,57664.00,
A-10098,Active,NV,Oak & Pine Corporate Services,72210.50,2023-06-14,Net 30,89101,0.0500,0.4868,Owen Brooks,"5975 Washington Blvd, Las Vegas",0.5052,Direct Business,110252.26,2025-06-03,215520.26,0.5349
A-10165,Inactive,WA,Oak & Pine Design Studio,19993.25,2021-10-13,Net 30,98101,0.1500,,Owen Brooks,"6848 Commerce Way, Seattle",0.5230,Direct Business,0.00,2023-08-19,19993.25,0.5230
A-10279,Active,VT,Oak & Pine Event Group,0.00,2024-07-16,100% Prepay,05401,0.1000,0.5054,Luis Romero,"7406 Industrial St, Burlington",0.5266,Direct Business,73726.14,2025-10-17,121118.19,
A-11090,Inactive,CO,Oak & Pine Event Services,0.00,2022-01-10,Net 30,80202,0.1500,,Jordan Kim,"5596 Valley Ln, Denver",0.4947,Direct Business,0.00,2024-02-27,99684.05,
A-10438,Active,KS,Oak & Pine Facilities,0.00,2026-04-23,Net 30,67202,0.1500,0.5227,Natalie Price,"5688 Meadow Ln, Wichita",0.5227,Direct Business,49966.40,2026-06-06,49966.40,
A-11200,Active,IA,Oak & Pine Hospitality Group,2512.00,2023-03-30,Net 30,50309,0.1000,,Elena Ruiz,"7586 Meadow Ave, Des Moines",0.4855,Direct Business,0.00,2025-07-17,113893.66,0.5623
A-10244,Active,NC,Oak & Pine Meeting Solutions,47045.84,2021-10-21,Net 30,28202,0.1000,0.5515,Priya Nair,"7190 Commerce Blvd, Charlotte",0.5052,Direct Business,11715.30,2025-07-03,196019.95,0.5601
A-10656,Active,AL,Oak & Pine Office Supply,10219.40,2022-08-05,50/50,35203,0.1000,,Luis Romero,"6606 Industrial Ln, Birmingham",0.5104,Direct Business,0.00,2025-11-26,172209.45,0.5188
A-10306,Active,TX,Oak & Pine Procurement,970.20,2024-10-18,50/50,77002,0,,Luis Romero,"4473 Maple St, Houston",0.6051,Direct Business,0.00,2025-06-07,970.20,0.6051
A-10049,Active,MS,Oak & Pine Property Group,0.00,2026-09-14,100% Prepay,39201,0.0500,,Elena Ruiz,"7284 Pine Dr, Jackson",,Direct Business,0.00,2026-09-14,0.00,
A-10287,Active,MO,Oak & Pine School Supply,0.00,2026-08-30,Net 30,64106,0.1500,,Priya Nair,"8713 Commerce Pkwy, Kansas City",,Direct Business,0.00,2026-09-01,0.00,
A-10057,Active,MT,Oak & Pine Venue Services,18119.56,2023-01-25,Net 30,59101,0.1500,,Marcus Chen,"4245 Sunset Blvd, Billings",0.5070,Direct Business,0.00,2025-01-20,263829.67,0.5320
A-10690,Active,VT,Oak & Pine Workplace Group,3592.16,2023-05-26,100% Prepay,05401,0.0500,0.4926,Natalie Price,"7265 Oak Pkwy, Burlington",0.4905,Direct Business,27968.00,2025-12-29,64891.09,0.5167
A-11011,Active,PA,Oak & Pine Workspace Solutions,0.00,2021-11-10,50/50,15222,0,,Natalie Price,"5734 Valley Way, Pittsburgh",0.4636,Direct Business,0.00,2025-12-21,168048.21,
A-11219,Inactive,SD,Pacific Home Store #0129,25487.82,2021-11-20,Net 30,57104,0.2500,,Owen Brooks,"7926 Park Pkwy, Sioux Falls",0.4389,Big Box Store,0.00,2022-11-17,45482.85,0.4197
A-10242,Active,ME,Pacific Home Store #1210,71164.44,2024-11-27,Net 30,04101,0.2000,0.4362,Luis Romero,"8943 Maple St, Portland",0.4425,Big Box Store,353105.22,2026-04-24,424269.66,0.4737
A-10323,Active,OR,Pacific Home Store #1528,42962.20,2022-02-12,Net 30,97301,0.3000,,Jordan Kim,"2568 River Blvd, Salem",0.4243,Big Box Store,0.00,2025-05-28,473282.64,0.4286
A-10315,Active,AK,Pacific Home Store #1587,184894.79,2023-11-30,Net 30,99501,0.2500,,Natalie Price,"5315 Sunset Dr, Anchorage",0.4556,Big Box Store,0.00,2025-08-15,184894.79,0.4556
A-11167,Active,NH,Pacific Home Store #1637,0.00,2026-07-19,Net 30,03101,0.2500,,Luis Romero,"8929 Washington Rd, Manchester",,Big Box Store,0.00,2026-07-31,0.00,
A-10314,Active,RI,Pacific Home Store #1706,0.00,2025-06-27,Net 30,02903,0.2500,0.4723,Carla Mendes,"6602 Main Ln, Providence",0.4723,Big Box Store,70354.48,2025-06-28,70354.48,
A-11007,Active,MD,Pacific Home Store #1914,0.00,2025-09-30,Net 30,21201,0.2000,0.4337,Marcus Chen,"6271 Park Way, Baltimore",0.4337,Big Box Store,41674.28,2025-10-20,41674.28,
A-10860,Active,TX,Pacific Home Store #2243,0.00,2025-11-08,100% Prepay,78205,0.3000,,Elena Ruiz,"4551 Park Blvd, San Antonio",,Big Box Store,0.00,2025-12-13,0.00,
A-10727,Active,IL,Pacific Home Store #2344,0.00,2025-03-01,Net 30,60601,0.3000,,Owen Brooks,"5384 Hill Way, Chicago",,Big Box Store,0.00,2025-06-27,0.00,
A-10496,Active,VT,Pacific Home Store #2682,35205.84,2024-12-14,Net 30,05401,0.2000,0.4186,Marcus Chen,"1035 River St, Burlington",0.4242,Big Box Store,347040.99,2025-06-26,382246.83,0.4791
A-10847,Active,TX,Pacific Home Store #3972,24072.48,2022-11-24,Net 30,75201,0.2500,0.4358,Elena Ruiz,"2255 Washington Way, Dallas",0.4499,Big Box Store,64887.45,2026-04-01,264595.96,0.4699
A-10854,Active,CO,Pacific Home Store #4582,100865.94,2022-05-14,Net 30,80202,0.1000,,Marcus Chen,"5441 Main Ln, Denver",0.4787,Big Box Store,0.00,2025-07-04,128459.64,0.4899
A-10345,Active,DE,Pacific Home Store #4628,0.00,2022-03-06,Net 30,19801,0.3000,0.4302,Elena Ruiz,"5694 Harbor Pkwy, Wilmington",0.4222,Big Box Store,179499.32,2026-02-07,665560.44,
A-10365,Active,AL,Pacific Home Store #4886,150848.92,2021-12-24,Net 30,35203,0.2000,0.4847,Jordan Kim,"6781 Sunset Dr, Birmingham",0.4496,Big Box Store,7059.17,2025-01-21,1093943.87,0.4315
A-10971,Active,CA,Pacific Home Store #5022,131656.58,2023-02-14,Net 30,93721,0.1500,0.4456,Priya Nair,"6082 Lincoln Blvd, Fresno",0.4372,Big Box Store,344056.23,2026-01-17,591264.26,0.4336
A-10640,Active,NM,Pacific Home Store #5248,11311.51,2021-10-22,Net 30,87102,0.2000,,Priya Nair,"5440 Hill Rd, Albuquerque",0.4504,Big Box Store,0.00,2025-07-21,104916.96,0.4835
A-10040,Active,NM,Pacific Home Store #5288,199125.73,2021-11-12,100% Prepay,87102,0.2500,0.4436,Jordan Kim,"7468 Commerce St, Albuquerque",0.4420,Big Box Store,347239.80,2025-08-26,790342.73,0.4471
A-10941,Active,AK,Pacific Home Store #5319,159015.15,2022-01-14,Net 30,99501,0.2500,0.4303,Marcus Chen,"8604 Lakeview Dr, Anchorage",0.4368,Big Box Store,103626.75,2025-10-26,449708.93,0.4282
A-10511,Active,NH,Pacific Home Store #5363,0.00,2025-02-03,Net 30,03101,0.2500,0.4208,Elena Ruiz,"3829 Sunset Way, Manchester",0.4208,Big Box Store,136988.70,2025-02-20,136988.70,
A-10642,Active,PA,Pacific Home Store #6119,86332.41,2024-10-27,Net 30,15222,0.1500,0.4563,Owen Brooks,"6734 Broadway Rd, Pittsburgh",0.4484,Big Box Store,57020.60,2025-06-12,143353.01,0.4431
A-10845,Active,CA,Pacific Home Store #6298,366.96,2024-01-03,Net 30,95113,0.2000,0.4890,Elena Ruiz,"1052 Park Rd, San Jose",0.5038,Big Box Store,120.40,2025-09-17,7251.36,0.4895
A-10627,Active,MI,Pacific Home Store #6384,146607.11,2022-12-07,Net 30,48226,0.3000,0.4149,Luis Romero,"8723 Harbor Blvd, Detroit",0.4294,Big Box Store,33479.31,2026-02-08,487702.07,0.4205
A-10638,Active,MI,Pacific Home Store #6512,6031.94,2023-05-14,Net 30,48226,0.1500,0.4142,Elena Ruiz,"4317 Oak Pkwy, Detroit",0.4450,Big Box Store,47805.10,2026-05-09,92246.12,0.4982
A-10177,Active,NY,Pacific Home Store #6679,152181.55,2023-09-09,Net 30,12207,0.2000,0.4385,Natalie Price,"7125 Washington Rd, Albany",0.4358,Big Box Store,96759.97,2026-01-23,375578.70,0.4367
A-10021,Active,OR,Pacific Home Store #7194,58366.06,2021-09-19,Net 30,97205,0.2000,0.4961,Carla Mendes,"8126 Main Rd, Portland",0.4372,Big Box Store,38884.80,2026-03-16,775530.86,0.4310
A-11079,Active,NM,Pacific Home Store #7585,129958.56,2025-04-14,Net 30,87102,0.2500,,Marcus Chen,"3994 Market Way, Albuquerque",0.4513,Big Box Store,0.00,2025-05-31,129958.56,0.4513
A-11182,Active,MN,Pacific Home Store #7713,23291.37,2023-08-31,Net 30,55401,0.2000,0.4181,Priya Nair,"258 Lincoln Way, Minneapolis",0.4401,Big Box Store,60631.44,2025-04-12,91134.79,0.4844
A-10385,Active,NY,Pacific Home Store #7860,0.00,2026-02-16,Net 30,12207,0.2500,,Priya Nair,"7450 Cedar St, Albany",,Big Box Store,0.00,2026-04-05,0.00,
A-10514,Active,ID,Pacific Home Store #8171,0.00,2024-01-18,Net 30,83702,0.1500,0.4270,Carla Mendes,"5720 Hill Blvd, Boise",0.4270,Big Box Store,44370.20,2026-01-06,44370.20,
A-10372,Active,HI,Pacific Home Store #8344,206531.87,2024-01-24,Net 30,96813,0.2000,,Carla Mendes,"3859 Industrial Blvd, Honolulu",0.4292,Big Box Store,0.00,2026-08-15,260511.87,0.4189
A-10364,Active,WV,Pacific Home Store #8472,0.00,2021-09-19,Net 30,25301,0.3000,,Priya Nair,"6596 Maple Pkwy, Charleston",0.4281,Big Box Store,0.00,2025-12-31,250242.34,
A-10234,Inactive,TX,Pacific Home Store #8542,21650.40,2021-11-08,Net 30,75201,0.2500,,Elena Ruiz,"2543 Sunset Ln, Dallas",0.4464,Big Box Store,0.00,2022-03-15,222961.84,0.4596
A-10047,Active,MN,Pacific Home Store #8728,283178.11,2021-11-14,Net 30,55401,0.2000,0.4245,Luis Romero,"2601 Industrial Dr, Minneapolis",0.4421,Big Box Store,240876.30,2025-03-12,1028917.54,0.4242
A-10078,Active,IA,Parkside Business Furnishings,96986.48,2024-12-29,100% Prepay,50309,0.1500,0.5127,Elena Ruiz,"245 Harbor Ln, Des Moines",0.5182,Direct Business,20147.18,2026-09-02,117133.66,0.5194
A-10017,Inactive,VA,Parkside Campus Services,0.00,2021-11-14,100% Prepay,23219,0,0.4753,Priya Nair,"1789 Cedar St, Richmond",0.5066,Direct Business,72178.90,2022-10-17,178285.95,
A-10288,Active,VT,Parkside Church Supply,0.00,2026-04-29,50/50,05401,0.1000,,Natalie Price,"2797 Sunset Rd, Burlington",,Direct Business,0.00,2026-05-09,0.00,
A-10983,Active,AZ,Parkside Commercial Interiors,0.00,2024-09-19,Net 30,85701,0,,Jordan Kim,"5852 Industrial St, Tucson",,Direct Business,0.00,2025-08-30,0.00,
A-10079,Active,VA,Parkside Community Center,74123.82,2021-10-13,50/50,23219,0.1500,,Luis Romero,"4547 Oak Pkwy, Richmond",0.4959,Direct Business,0.00,2025-08-05,396471.73,0.5227
A-10737,Active,WA,Parkside Corporate Services,0.00,2026-02-16,Net 30,98201,0,,Natalie Price,"3971 Valley Way, Everett",,Direct Business,0.00,2026-02-27,0.00,
A-10013,Active,NE,Parkside Event Group,90507.96,2021-11-01,50/50,68102,0,0.5338,Luis Romero,"4061 Meadow Dr, Omaha",0.4998,Direct Business,29707.00,2025-05-30,636829.51,0.5110
A-10293,Active,WI,Parkside Office Supply,0.00,2025-04-30,50/50,53202,0.1000,,Priya Nair,"2478 Cedar Dr, Milwaukee",,Direct Business,0.00,2026-09-13,0.00,
A-11223,Active,OH,Parkside Procurement,107839.76,2024-06-04,Net 30,43215,0,0.5076,Carla Mendes,"6020 Industrial Ave, Columbus",0.5176,Direct Business,72581.78,2025-01-23,190131.59,0.5183
A-10285,Active,NY,Parkside School Supply,0.00,2023-01-09,50/50,12207,0.0500,,Marcus Chen,"5185 Pine Rd, Albany",0.4868,Direct Business,0.00,2026-02-02,155958.06,
A-10276,Active,MT,Parkside Venue Services,0.00,2022-06-05,Net 30,59101,0,,Owen Brooks,"1794 Lincoln Rd, Billings",0.5260,Direct Business,0.00,2026-03-07,125021.52,
A-10493,Active,WI,Parkside Workplace Group,69055.72,2024-06-03,Net 30,53202,0.1000,,Carla Mendes,"4622 Market Ln, Milwaukee",0.5216,Direct Business,0.00,2025-11-21,126654.54,0.5316
A-10646,Active,OH,Pioneer Business Furnishings,0.00,2025-06-01,100% Prepay,43215,0.1000,0.5321,Priya Nair,"1709 Broadway Way, Columbus",0.5321,Direct Business,72564.92,2025-11-30,72564.92,
A-10848,Active,IA,Pioneer Campus Services,15217.88,2021-11-01,50/50,50309,0,0.5069,Natalie Price,"8079 Maple Blvd, Des Moines",0.5115,Direct Business,117862.82,2026-04-16,516593.01,0.5058
A-10660,Active,MA,Pioneer Church Supply,64456.32,2022-11-02,100% Prepay,02108,0.0500,0.5564,Luis Romero,"6605 Valley Ln, Boston",0.5019,Direct Business,6919.45,2025-07-03,235456.48,0.5044
A-10003,Active,GA,Pioneer Commercial Interiors,11295.08,2024-09-05,50/50,30303,0.0500,0.5336,Marcus Chen,"1376 Valley Blvd, Atlanta",0.5231,Direct Business,64349.41,2026-04-19,75644.49,0.4631
A-10119,Active,AZ,Pioneer Community Center,0.00,2021-10-07,50/50,85004,0,0.4913,Priya Nair,"341 Hill Rd, Phoenix",0.4840,Direct Business,119677.92,2025-03-26,584529.25,
A-10714,Active,OK,Pioneer Corporate Services,0.00,2026-08-04,50/50,73102,0.1500,,Owen Brooks,"4065 Oak Rd, Oklahoma City",,Direct Business,0.00,2026-08-12,0.00,
A-10072,Active,PA,Pioneer Education Services,76573.96,2023-08-28,100% Prepay,15222,0,0.4860,Natalie Price,"3101 Hill St, Pittsburgh",0.4859,Direct Business,55957.46,2025-07-26,254491.38,0.4942
A-10614,Active,NJ,Pioneer Event Group,67679.34,2024-12-17,Net 30,07102,0.1000,0.5416,Owen Brooks,"890 Park St, Newark",0.5207,Direct Business,31974.48,2026-08-23,99653.82,0.5108
A-10110,Active,WA,Pioneer Facilities,26440.08,2022-03-02,100% Prepay,98402,0.1000,0.4870,Owen Brooks,"2490 Cedar St, Tacoma",0.4860,Direct Business,10362.03,2026-01-02,312055.96,0.4895
A-11097,Active,TX,Pioneer Facility Services,0.00,2021-12-09,Net 30,78701,0.2000,0.4723,Elena Ruiz,"6679 Meadow Ln, Austin",0.4831,Direct Business,94681.08,2025-09-09,160462.37,
A-10963,Active,NY,Pioneer Hospitality Group,3800.60,2023-01-06,50/50,10001,0.1000,,Priya Nair,"6564 Sunset Ln, New York",0.5037,Direct Business,0.00,2025-08-10,70011.46,0.5515
A-10136,Active,GA,Pioneer Office Supply,67823.35,2025-01-25,50/50,30303,0.1000,0.4674,Priya Nair,"2024 Industrial Rd, Atlanta",0.4623,Direct Business,111972.02,2025-04-28,179795.37,0.4538
A-10094,Active,KS,Pioneer Procurement,270281.97,2022-05-03,100% Prepay,67202,0,0.5358,Luis Romero,"2633 Harbor Blvd, Wichita",0.5065,Direct Business,67629.71,2025-12-12,491498.34,0.4834
A-10095,Active,SD,Pioneer Purchasing Group,45694.38,2023-02-23,Net 30,57104,0.1500,0.5261,Carla Mendes,"5299 Oak Rd, Sioux Falls",0.5196,Direct Business,60399.30,2025-05-23,168129.47,0.5304
A-10180,Active,CA,Pioneer School Supply,94173.95,2021-10-23,50/50,95814,0,0.4838,Carla Mendes,"4457 Broadway Way, Sacramento",0.5170,Direct Business,19720.50,2026-06-27,437827.02,0.5099
A-11190,Active,MA,Pioneer Training Center,0.00,2026-02-03,100% Prepay,02108,0,,Marcus Chen,"2455 Oak Blvd, Boston",,Direct Business,0.00,2026-02-28,0.00,
A-10667,Active,DE,Prairie Home Market Store #0160,0.00,2023-01-19,Net 30,19801,0.1500,0.4278,Priya Nair,"6209 Meadow Blvd, Wilmington",0.4314,Big Box Store,185634.78,2026-09-08,466568.51,
A-10053,Active,RI,Prairie Home Market Store #0572,284955.12,2024-09-21,Net 30,02903,0.1500,0.4295,Marcus Chen,"4903 Main Ln, Providence",0.4619,Big Box Store,96782.04,2025-08-24,381737.16,0.4730
A-10697,Active,DE,Prairie Home Market Store #0684,203216.32,2024-06-05,Net 30,19801,0.2500,,Marcus Chen,"2263 Commerce Way, Wilmington",0.4327,Big Box Store,0.00,2026-05-19,203216.32,0.4327
A-10540,Active,PA,Prairie Home Market Store #0701,0.00,2026-08-19,50/50,19102,0.1500,,Elena Ruiz,"1331 Maple Way, Philadelphia",,Big Box Store,0.00,2026-08-25,0.00,
A-10868,Active,WV,Prairie Home Market Store #0937,77816.69,2024-01-16,100% Prepay,25301,0.2500,,Carla Mendes,"4399 Meadow Way, Charleston",0.4508,Big Box Store,0.00,2025-05-22,148112.47,0.4473
A-10623,Active,CO,Prairie Home Market Store #1146,0.00,2026-02-14,Net 30,80202,0.2500,,Carla Mendes,"4174 River Ln, Denver",,Big Box Store,0.00,2026-06-17,0.00,
A-11113,Active,OH,Prairie Home Market Store #1177,35813.93,2024-02-07,Net 30,43215,0.2500,0.4593,Carla Mendes,"7347 Hill Pkwy, Columbus",0.4368,Big Box Store,4729.40,2026-05-17,137671.68,0.4330
A-10879,Active,AK,Prairie Home Market Store #1545,67541.55,2023-11-11,Net 30,99501,0.2000,0.4229,Luis Romero,"2641 Broadway St, Anchorage",0.4319,Big Box Store,244031.35,2026-05-20,389324.18,0.4399
A-10154,Active,UT,Prairie Home Market Store #1876,38994.13,2025-02-15,Net 30,84101,0.2500,0.4362,Luis Romero,"3002 Washington Ave, Salt Lake City",0.4390,Big Box Store,352549.74,2025-03-09,391543.87,0.4643
A-10031,Active,WA,Prairie Home Market Store #2230,100970.01,2025-05-16,Net 30,98101,0.3000,0.4156,Elena Ruiz,"4125 Commerce Blvd, Seattle",0.4228,Big Box Store,111640.80,2025-08-06,212610.81,0.4309
A-10238,Active,AL,Prairie Home Market Store #2425,0.00,2026-03-09,Net 30,35203,0.1500,0.4183,Marcus Chen,"8639 Oak Way, Birmingham",0.4183,Big Box Store,47232.48,2026-04-16,47232.48,
A-10990,Active,KS,Prairie Home Market Store #2652,0.00,2022-09-29,50/50,67202,0.3000,,Luis Romero,"4344 Lincoln Blvd, Wichita",0.4292,Big Box Store,0.00,2026-04-16,577736.00,
A-10992,Active,TN,Prairie Home Market Store #3101,46939.55,2021-09-16,Net 30,37203,0.2500,,Elena Ruiz,"529 Main Dr, Nashville",0.4383,Big Box Store,0.00,2025-03-26,363075.99,0.4559
A-10403,Active,DC,Prairie Home Market Store #3246,0.00,2025-08-16,Net 30,20001,0.2500,0.4361,Luis Romero,"7739 Cedar Pkwy, Washington",0.4361,Big Box Store,55618.38,2026-08-12,55618.38,
A-10872,Active,WA,Prairie Home Market Store #4028,39040.07,2023-08-19,50/50,98101,0.2500,0.4702,Jordan Kim,"2523 Sunset Ave, Seattle",0.4654,Big Box Store,84837.36,2026-07-19,123877.43,0.4549
A-11060,Inactive,GA,Prairie Home Market Store #4411,0.00,2021-11-13,Net 30,30303,0.2500,,Owen Brooks,"2037 Oak Blvd, Atlanta",0.4360,Big Box Store,0.00,2022-06-24,91214.23,
A-10591,Active,WV,Prairie Home Market Store #4438,130376.82,2021-12-10,Net 30,25301,0.2500,0.4458,Jordan Kim,"2302 Industrial Ave, Charleston",0.4408,Big Box Store,507.96,2026-06-01,799182.88,0.4240
A-10340,Active,MA,Prairie Home Market Store #5565,246487.81,2023-12-13,Net 30,02108,0.3000,0.4239,Owen Brooks,"1837 Commerce Rd, Boston",0.4247,Big Box Store,178402.65,2026-03-07,679803.23,0.4327
A-11088,Active,WY,Prairie Home Market Store #5730,170652.17,2023-07-27,Net 30,82001,0.3000,,Priya Nair,"4402 Sunset St, Cheyenne",0.4292,Big Box Store,0.00,2025-08-28,592231.44,0.4308
A-10650,Active,WA,Prairie Home Market Store #5819,104048.69,2023-05-21,Net 30,98402,0.2500,,Luis Romero,"3648 Meadow Ln, Tacoma",0.4416,Big Box Store,0.00,2025-10-29,135882.55,0.4481
A-10355,Active,MI,Prairie Home Market Store #6584,157597.72,2024-10-03,Net 30,48226,0.1000,0.4786,Marcus Chen,"8933 Hill Pkwy, Detroit",0.4726,Big Box Store,291772.40,2026-06-25,449370.12,0.4616
A-10877,Active,WA,Prairie Home Market Store #6903,89974.46,2021-10-31,Net 30,98201,0.2000,0.4323,Carla Mendes,"7493 Industrial Blvd, Everett",0.4403,Big Box Store,203525.49,2026-05-21,485093.17,0.4624
A-11104,Active,VA,Prairie Home Market Store #7030,0.00,2026-07-13,50/50,23219,0.2500,,Natalie Price,"5767 Harbor Blvd, Richmond",,Big Box Store,0.00,2026-08-13,0.00,
A-10886,Active,DC,Prairie Home Market Store #7847,109917.81,2022-01-13,50/50,20001,0.2500,,Owen Brooks,"4190 Maple Rd, Washington",0.4559,Big Box Store,0.00,2025-07-07,535198.96,0.4234
A-10066,Active,AZ,Prairie Home Market Store #7965,108530.94,2024-07-28,Net 30,85701,0.2500,0.4286,Elena Ruiz,"6346 Lincoln Dr, Tucson",0.4466,Big Box Store,117406.74,2025-10-08,225937.68,0.4660
A-10258,Active,MS,Prairie Home Market Store #8328,97944.49,2021-11-18,Net 30,39201,0.1500,0.4375,Luis Romero,"1051 Market Way, Jackson",0.4314,Big Box Store,153115.54,2025-12-14,480012.85,0.4183
A-10376,Active,AK,Prairie Home Market Store #8402,332181.84,2024-06-26,50/50,99501,0.2500,0.4478,Priya Nair,"6014 Commerce Pkwy, Anchorage",0.4390,Big Box Store,2874.02,2025-12-13,335055.86,0.4389
A-11122,Active,SD,Prairie Home Market Store #8477,0.00,2021-12-13,Net 30,57104,0.2500,0.4433,Priya Nair,"4374 River St, Sioux Falls",0.4403,Big Box Store,168430.16,2026-07-28,803647.49,
A-10472,Active,MT,Prairie Home Market Store #8676,225231.77,2021-11-20,Net 30,59101,0.2500,,Luis Romero,"1856 Pine Ave, Billings",0.4281,Big Box Store,0.00,2025-09-22,1003691.94,0.4384
A-10302,Inactive,PA,Prairie Home Market Store #8876,0.00,2023-10-05,Net 30,15222,0.3000,,Owen Brooks,"7115 Center Blvd, Pittsburgh",,Big Box Store,0.00,2023-11-10,0.00,
A-11163,Active,TN,Prairie Home Market Store #8926,131487.46,2024-07-02,Net 30,37203,0.1000,,Natalie Price,"5205 Commerce Dr, Nashville",0.4316,Big Box Store,0.00,2025-08-28,146987.50,0.4281
A-10785,Active,TX,Prairie Home Market Store #9173,92325.37,2023-12-31,Net 30,78701,0.3000,0.4233,Elena Ruiz,"1958 Main Pkwy, Austin",0.4251,Big Box Store,44313.27,2025-12-14,148201.19,0.4257
A-10027,Active,CA,Prairie Home Market Store #9593,91241.70,2023-12-27,Net 30,92101,0.2500,0.4668,Owen Brooks,"8912 Harbor Dr, San Diego",0.4477,Big Box Store,242508.00,2026-05-28,573699.41,0.4254
A-10282,Active,ND,Prairie Home Market Store #9747,0.00,2026-02-01,Net 30,58102,0.2000,,Natalie Price,"8983 Market Dr, Fargo",,Big Box Store,0.00,2026-09-06,0.00,
A-11096,Active,NV,Prairie Home Market Store #9987,0.00,2025-05-22,Net 30,89501,0.2500,,Owen Brooks,"246 Lincoln Blvd, Reno",,Big Box Store,0.00,2026-05-13,0.00,
A-10018,Active,KY,PrimeHouse Store #0175,0.00,2025-04-08,Net 30,40202,0.2000,0.4391,Natalie Price,"4185 Meadow St, Louisville",0.4391,Big Box Store,273816.62,2026-03-05,273816.62,
A-10968,Inactive,AZ,PrimeHouse Store #0558,0.00,2023-03-12,50/50,85701,0.2000,,Priya Nair,"2578 Hill Dr, Tucson",0.4741,Big Box Store,0.00,2023-12-11,65637.55,
A-10904,Active,WA,PrimeHouse Store #0747,107547.09,2024-01-08,Net 30,98402,0.1500,0.4376,Priya Nair,"6937 Sunset Blvd, Tacoma",0.4345,Big Box Store,72955.89,2026-09-03,205880.14,0.4174
A-11235,Active,WV,PrimeHouse Store #1092,168090.42,2024-01-09,50/50,25301,0.2500,,Jordan Kim,"5105 Lincoln Pkwy, Charleston",0.4559,Big Box Store,0.00,2026-08-23,263578.53,0.4546
A-10451,Active,NM,PrimeHouse Store #1172,152450.05,2022-04-16,Net 30,87102,0.2500,,Marcus Chen,"165 Market Way, Albuquerque",0.4409,Big Box Store,0.00,2025-02-10,508463.88,0.4658
A-10830,Active,IA,PrimeHouse Store #1308,34377.07,2021-10-20,Net 30,50309,0.3000,0.4265,Natalie Price,"1072 Oak Pkwy, Des Moines",0.4269,Big Box Store,120447.48,2025-11-08,723008.46,0.4120
A-10446,Active,CO,PrimeHouse Store #1660,0.00,2026-01-18,Net 30,80202,0.2500,0.4570,Owen Brooks,"3281 Valley Rd, Denver",0.4570,Big Box Store,28045.64,2026-02-02,28045.64,
A-10157,Active,TX,PrimeHouse Store #1813,0.00,2022-05-22,Net 30,78205,0.3000,0.4395,Marcus Chen,"4898 Commerce Dr, San Antonio",0.4308,Big Box Store,42973.00,2025-01-31,105271.27,
A-10304,Active,WY,PrimeHouse Store #2258,0.00,2024-12-19,Net 30,82001,0.2000,,Natalie Price,"3739 Oak St, Cheyenne",,Big Box Store,0.00,2026-08-31,0.00,
A-11029,Active,DE,PrimeHouse Store #3370,0.00,2022-03-25,Net 30,19801,0.3000,0.4143,Elena Ruiz,"7800 Main Ln, Wilmington",0.4209,Big Box Store,116742.27,2025-09-20,604926.06,
A-10653,Active,SD,PrimeHouse Store #3479,0.00,2026-03-13,Net 30,57104,0.2000,,Jordan Kim,"7620 Broadway Pkwy, Sioux Falls",,Big Box Store,0.00,2026-06-02,0.00,
A-10567,Active,SD,PrimeHouse Store #4614,44588.69,2023-11-13,Net 30,57104,0.1500,0.4690,Marcus Chen,"3997 Broadway Ave, Sioux Falls",0.4568,Big Box Store,250499.35,2026-05-21,366726.21,0.4551
A-10586,Active,WA,PrimeHouse Store #4633,231473.85,2024-07-27,Net 30,98101,0.1500,0.4613,Natalie Price,"2199 Broadway Pkwy, Seattle",0.4524,Big Box Store,64653.16,2025-11-26,296127.01,0.4500
A-10539,Active,GA,PrimeHouse Store #4713,119306.58,6/26/2022,Net 30,30303,0.2500,0.4468,Priya Nair,"8577 Meadow Blvd, Atlanta",0.4401,Big Box Store,45867.31,11/23/2025,228680.05,0.4229
A-10090,Active,TN,PrimeHouse Store #4834,149460.48,2021-10-23,Net 30,37203,0.1500,0.5078,Owen Brooks,"2100 Industrial Dr, Nashville",0.4523,Big Box Store,57942.46,2025-01-19,471628.95,0.4510
A-10710,Active,AR,PrimeHouse Store #5213,84834.26,2023-12-24,Net 30,72201,0.2500,,Jordan Kim,"4233 Broadway Ave, Little Rock",0.4358,Big Box Store,0.00,2025-04-07,84834.26,0.4358
A-10565,Active,TX,PrimeHouse Store #5385,161720.77,2024-09-12,Net 30,77002,0.2500,0.4790,Priya Nair,"3074 River Pkwy, Houston",0.4476,Big Box Store,106235.43,2026-01-24,267956.20,0.4271
A-11043,Active,ME,PrimeHouse Store #5462,28850.22,2022-12-14,Net 30,04101,0.2000,0.4571,Marcus Chen,"5507 Sunset Rd, Portland",0.4413,Big Box Store,16407.38,2025-10-24,102130.71,0.4725
A-11058,Active,OR,PrimeHouse Store #5566,1630.02,2023-03-16,Net 30,97205,0.2000,0.4231,Elena Ruiz,"6176 Maple Ln, Portland",0.4243,Big Box Store,89952.39,2026-03-09,91582.41,0.4934
A-10117,Active,VA,PrimeHouse Store #7077,263725.84,2022-09-02,Net 30,23219,0.1500,0.4488,Priya Nair,"5465 Pine Way, Richmond",0.4543,Big Box Store,102826.30,2026-08-12,439431.26,0.4586
A-10171,Active,VA,PrimeHouse Store #7370,0.00,2021-11-30,Net 30,23219,0.2500,,Marcus Chen,"8721 Oak Pkwy, Richmond",0.4598,Big Box Store,0.00,2026-03-26,349477.93,
A-10961,Active,IA,PrimeHouse Store #7834,90822.83,2021-11-04,Net 30,50309,0.2000,0.4482,Natalie Price,"8047 Oak Ave, Des Moines",0.4503,Big Box Store,192296.62,2026-07-27,944727.41,0.4402
A-10307,Active,PA,PrimeHouse Store #7933,87197.74,2023-05-13,Net 30,15222,0.2500,,Natalie Price,"5627 Valley St, Pittsburgh",0.4206,Big Box Store,0.00,2025-01-19,183045.56,0.4120
A-10934,Active,IA,PrimeHouse Store #8185,105270.38,2024-05-18,Net 30,50309,0.3000,0.4153,Marcus Chen,"7078 Oak Ave, Des Moines",0.4167,Big Box Store,94140.90,2025-06-15,199411.28,0.4181
A-10581,Active,DC,PrimeHouse Store #8415,48736.33,2024-06-03,Net 30,20001,0.3000,0.4296,Natalie Price,"8346 Industrial Ave, Washington",0.4297,Big Box Store,132960.25,2026-05-30,230069.87,0.4192
A-11158,Active,MS,PrimeHouse Store #8496,13379.51,2021-12-04,Net 30,39201,0.2000,0.4272,Marcus Chen,"2456 Park Pkwy, Jackson",0.4317,Big Box Store,154091.98,2025-04-13,481921.04,0.4632
A-10209,Active,CA,PrimeHouse Store #8501,0.00,2022-06-22,Net 30,93721,0.3000,0.4219,Owen Brooks,"6931 Washington Pkwy, Fresno",0.4212,Big Box Store,158797.56,2025-12-26,355365.42,
A-10584,Active,CA,PrimeHouse Store #8886,0.00,2025-06-08,Net 30,95814,0.2500,0.4745,Jordan Kim,"748 Park Ln, Sacramento",0.4745,Big Box Store,30428.74,2025-10-23,30428.74,
A-10370,Active,OR,PrimeHouse Store #9082,21229.92,2025-02-23,Net 30,97205,0.2500,0.4662,Owen Brooks,"8050 Broadway Blvd, Portland",0.4679,Big Box Store,20757.21,2025-10-21,41987.13,0.4696
A-11109,Active,DE,PrimeHouse Store #9585,0.00,2025-10-10,Net 30,19801,0.2500,0.4236,Elena Ruiz,"8870 Meadow Dr, Wilmington",0.4236,Big Box Store,147044.80,2026-01-06,147044.80,
A-10564,Active,FL,PrimeHouse Store #9642,0.00,2024-06-22,Net 30,33602,0.3000,0.4236,Marcus Chen,"1082 Hill Way, Tampa",0.4237,Big Box Store,360613.05,2025-09-26,363868.50,
A-10380,Active,OR,PrimeHouse Store #9690,18673.92,2023-09-05,Net 30,97301,0.2500,,Owen Brooks,"8111 Broadway Ave, Salem",0.4385,Big Box Store,0.00,2026-07-21,209345.93,0.4604
A-11229,Active,MI,Redwood Business Furnishings,0.00,2026-07-17,100% Prepay,48226,0,,Carla Mendes,"1759 Oak Blvd, Detroit",,Direct Business,0.00,2026-07-24,0.00,
A-10170,Active,ID,Redwood Commercial Interiors,0.00,2023-02-09,50/50,83702,0.1500,,Owen Brooks,"3995 Pine St, Boise",0.4670,Direct Business,0.00,2025-11-02,106258.36,
A-10084,Active,LA,Redwood Community Center,98579.92,2024-10-05,Net 30,70112,0.2000,0.4947,Elena Ruiz,"1022 Valley Dr, New Orleans",0.4926,Direct Business,108524.15,2025-12-29,207104.07,0.4903
A-10341,Active,GA,Redwood Design Studio,54703.58,2024-09-18,Net 30,30303,0,,Luis Romero,"6538 Park Way, Atlanta",0.5280,Direct Business,0.00,2025-07-24,54703.58,0.5280
A-10607,Active,CO,Redwood Event Group,21866.28,2023-08-12,Net 30,80202,0,,Luis Romero,"8555 Center Rd, Denver",0.5019,Direct Business,0.00,2025-04-23,198579.79,0.5664
A-11115,Active,NV,Redwood Event Services,19673.42,2022-08-17,100% Prepay,89101,0,0.5629,Natalie Price,"4258 Park Pkwy, Las Vegas",0.5279,Direct Business,23067.90,2025-03-03,177941.12,0.5023
A-11172,Active,VA,Redwood Facilities,86074.91,2023-03-14,50/50,23219,0.1000,,Marcus Chen,"4737 Lincoln Ln, Richmond",0.5126,Direct Business,0.00,2025-11-15,125837.59,0.5150
A-10892,Active,WA,Redwood Meeting Solutions,78006.06,2025-09-20,100% Prepay,99201,0,,Elena Ruiz,"7222 Center Ave, Spokane",0.4972,Direct Business,0.00,2026-04-11,78006.06,0.4972
A-10683,Active,IN,Redwood Office Supply,252058.63,2024-03-14,Net 30,46204,0.1000,0.5235,Owen Brooks,"7551 Park Way, Indianapolis",0.4873,Direct Business,49930.52,2025-08-03,323626.51,0.4783
A-10771,Active,NY,Redwood Operations,0.00,2023-04-11,50/50,10001,0.1000,,Owen Brooks,"5241 Maple Blvd, New York",,Direct Business,0.00,2026-04-29,0.00,
A-11231,Active,FL,Redwood Procurement,38046.14,2022-07-14,Net 30,32801,0,0.4995,Owen Brooks,"2306 Washington Rd, Orlando",0.5113,Direct Business,16130.17,2026-03-24,244257.25,0.5209
A-11030,Active,GA,Redwood Property Group,32198.73,2024-03-29,50/50,30303,0.1000,0.5100,Devon Hale,"3826 Sunset Ln, Atlanta",0.4889,Direct Business,35257.84,2025-11-05,67456.57,0.4658
A-10734,Active,MA,Redwood Venue Services,128199.03,2023-10-09,Net 30,02108,0.1000,0.5189,Jordan Kim,"5648 Lincoln Rd, Boston",0.5057,Direct Business,105460.21,2026-05-10,233659.24,0.4948
A-10300,Active,OR,Redwood Workplace Group,0.00,2026-05-09,50/50,97301,0.1000,0.5566,Natalie Price,"6762 Lincoln Ln, Salem",0.5566,Direct Business,4139.10,2026-06-03,4139.10,
A-10104,Active,TX,Redwood Workspace Solutions,0.00,2026-08-06,Net 30,78701,0.1000,,Jordan Kim,"8626 Market Ave, Austin",,Direct Business,0.00,2026-08-28,0.00,
A-10740,Active,CA,Riley Price,958.08,2024-01-03,100% Prepay,95814,0.0000,0.5988,Devon Hale,"4273 Industrial Dr, Sacramento",0.5962,Direct Individual,2254.23,2026-06-10,5906.52,0.6063
A-10411,Active,RI,Riverstone Home Store #0071,234016.37,2023-07-01,Net 30,02903,0.3000,0.4234,Jordan Kim,"990 Park Ln, Providence",0.4330,Big Box Store,113626.82,2026-06-11,382294.28,0.4366
A-10477,Active,WI,Riverstone Home Store #0184,185740.56,2021-09-18,Net 30,53202,0.2000,0.4693,Owen Brooks,"8679 Industrial Way, Milwaukee",0.4590,Big Box Store,71058.05,2025-09-01,615253.37,0.4652
A-10673,Active,AR,Riverstone Home Store #0525,0.00,2026-07-18,100% Prepay,72201,0.1500,,Jordan Kim,"5901 Cedar Ln, Little Rock",,Big Box Store,0.00,2026-09-08,0.00,
A-10029,Active,AL,Riverstone Home Store #0639,0.00,2021-11-26,Net 30,35203,0.1500,0.4737,Priya Nair,"2569 Pine Ave, Birmingham",0.4557,Big Box Store,24581.76,2025-05-12,551343.04,
A-10909,Active,AZ,Riverstone Home Store #0641,0.00,2025-12-25,Net 30,85701,0.3000,0.4308,Owen Brooks,"6277 Maple St, Tucson",0.4308,Big Box Store,164490.78,2026-06-03,164490.78,
A-10091,Active,OR,Riverstone Home Store #1275,0.00,2025-11-25,Net 30,97205,0.3000,,Jordan Kim,"4220 Industrial Pkwy, Portland",,Big Box Store,0.00,2026-02-19,0.00,
A-10164,Active,CA,Riverstone Home Store #1473,137368.15,2021-11-20,Net 30,93721,0.2500,0.4260,Natalie Price,"3577 River Ave, Fresno",0.4360,Big Box Store,207730.10,2026-03-27,667532.17,0.4248
A-10505,Active,SC,Riverstone Home Store #1724,214162.24,2024-09-09,Net 30,29201,0.2500,,Elena Ruiz,"8564 Washington Rd, Columbia",0.4403,Big Box Store,0.00,2026-02-13,214162.24,0.4403
A-10606,Inactive,MA,Riverstone Home Store #1826,90392.03,2021-09-18,Net 30,02108,0.2500,,Elena Ruiz,"701 Sunset Rd, Boston",0.4313,Big Box Store,0.00,2022-07-03,507499.31,0.4114
A-11009,Active,MI,Riverstone Home Store #1942,0.00,2023-05-17,Net 30,48226,0.2500,,Natalie Price,"4703 Hill Way, Detroit",0.4338,Big Box Store,0.00,2025-10-11,302437.41,
A-10546,Active,WA,Riverstone Home Store #2269,72462.76,2024-03-20,Net 30,98201,0.3000,0.4330,Natalie Price,"3931 Oak St, Everett",0.4232,Big Box Store,109222.53,2025-11-09,308198.86,0.4160
A-10808,Active,OR,Riverstone Home Store #2539,57235.41,2023-08-13,Net 30,97301,0.3000,0.4249,Elena Ruiz,"7200 Industrial Ln, Salem",0.4216,Big Box Store,89240.76,2026-01-06,190055.08,0.4177
A-11210,Active,MT,Riverstone Home Store #3271,86671.79,2024-03-02,Net 30,59101,0.2500,,Marcus Chen,"3914 Commerce Blvd, Billings",0.4779,Big Box Store,0.00,2026-04-12,86671.79,0.4779
A-10343,Active,NY,Riverstone Home Store #3386,0.00,2022-06-04,Net 30,14202,0.2500,0.4443,Priya Nair,"6833 Washington Blvd, Buffalo",0.4442,Big Box Store,244699.84,2025-12-15,609246.98,
A-11024,Active,NY,Riverstone Home Store #3754,0.00,2025-09-20,Net 30,12207,0.2000,,Priya Nair,"1540 Broadway Dr, Albany",,Big Box Store,0.00,2026-01-14,0.00,
A-10706,Active,MS,Riverstone Home Store #3800,36563.36,2024-03-16,50/50,39201,0.2000,0.5077,Marcus Chen,"7562 Park Blvd, Jackson",0.4810,Big Box Store,99920.53,2026-06-28,181961.65,0.4330
A-10608,Active,TX,Riverstone Home Store #3817,19312.80,2022-05-29,100% Prepay,77002,0.2000,0.4349,Luis Romero,"3789 River St, Houston",0.4502,Big Box Store,73871.58,2025-07-18,432836.94,0.4600
A-10987,Active,MO,Riverstone Home Store #3858,94841.28,2022-03-09,Net 30,64106,0.2500,,Natalie Price,"5429 Lincoln Ln, Kansas City",0.4391,Big Box Store,0.00,2025-10-06,631191.19,0.4667
A-10318,Active,NH,Riverstone Home Store #4100,193022.37,2021-11-24,Net 30,03101,0.3000,,Owen Brooks,"3931 River Blvd, Manchester",0.4226,Big Box Store,0.00,2026-03-28,325350.48,0.4212
A-10754,Active,AZ,Riverstone Home Store #4136,0.00,2026-01-25,Net 30,85701,0.2000,,Elena Ruiz,"1094 Market Rd, Tucson",,Big Box Store,0.00,2026-02-26,0.00,
A-11236,Active,OR,Riverstone Home Store #4158,205703.07,2024-01-05,100% Prepay,97205,0.1500,0.4653,Luis Romero,"435 Valley St, Portland",0.4498,Big Box Store,63930.75,2025-04-20,269633.82,0.4450
A-10077,Active,NY,Riverstone Home Store #4245,86226.54,2023-11-20,Net 30,12207,0.2000,0.4252,Priya Nair,"5020 Oak Dr, Albany",0.4374,Big Box Store,53897.12,2026-02-21,289079.61,0.4562
A-10531,Active,MS,Riverstone Home Store #4369,116508.16,2024-01-08,Net 30,39201,0.2500,0.4746,Jordan Kim,"1983 Sunset Pkwy, Jackson",0.4689,Big Box Store,1802.25,2025-07-04,259938.19,0.4675
A-10582,Active,CA,Riverstone Home Store #4590,0.00,2026-02-10,Net 30,95113,0.2000,0.4211,Jordan Kim,"1964 Center Dr, San Jose",0.4211,Big Box Store,166575.24,2026-04-08,166575.24,
A-10835,Active,MD,Riverstone Home Store #5257,131013.90,2021-12-03,Net 30,21201,0.2000,0.4742,Natalie Price,"396 Lakeview St, Baltimore",0.4396,Big Box Store,158006.52,2025-04-20,862512.03,0.4430
A-10970,Active,WA,Riverstone Home Store #5724,93525.79,2021-09-16,Net 30,98402,0.2500,,Owen Brooks,"2114 Park St, Tacoma",0.4435,Big Box Store,0.00,2025-10-15,1054525.18,0.4615
A-10772,Active,TN,Riverstone Home Store #6442,26495.10,2021-12-20,Net 30,37203,0.2500,0.4294,Owen Brooks,"7556 Meadow Pkwy, Nashville",0.4462,Big Box Store,105294.69,2025-04-06,590087.96,0.4549
A-10587,Active,FL,Riverstone Home Store #6544,119961.22,2021-12-21,Net 30,32801,0.1500,0.4468,Natalie Price,"4111 Sunset St, Orlando",0.4512,Big Box Store,141701.46,2025-08-07,657754.29,0.4617
A-10613,Active,VT,Riverstone Home Store #6793,32865.84,2021-12-18,Net 30,05401,0.2500,0.4460,Elena Ruiz,"1237 Lakeview Way, Burlington",0.4410,Big Box Store,347673.74,2026-05-31,1059348.05,0.4494
A-10373,Active,TX,Riverstone Home Store #7151,0.00,2025-08-14,Net 30,75201,0.3000,0.4329,Luis Romero,"898 Maple Pkwy, Dallas",0.4329,Big Box Store,7505.16,2026-03-31,7505.16,
A-10658,Active,FL,Riverstone Home Store #7454,41854.74,2024-12-03,Net 30,33602,0.2000,0.4425,Marcus Chen,"5280 Main Pkwy, Tampa",0.4472,Big Box Store,66887.49,2026-04-20,108742.23,0.4547
A-11064,Active,ND,Riverstone Home Store #7657,50726.20,2023-04-01,Net 30,58102,0.2500,0.4775,Elena Ruiz,"6133 Meadow Way, Fargo",0.4493,Big Box Store,105531.31,2025-02-07,373999.27,0.4408
A-10412,Active,TX,Riverstone Home Store #7889,0.00,2021-09-18,Net 30,77002,0.2000,,Carla Mendes,"1125 Hill St, Houston",0.4549,Big Box Store,0.00,2025-02-19,826846.87,
A-10500,Active,NE,Riverstone Home Store #7901,123894.67,2021-12-09,Net 30,68102,0.3000,,Owen Brooks,"1502 Market Ave, Omaha",0.4279,Big Box Store,0.00,2025-01-09,350981.06,0.4293
A-11044,Active,HI,Riverstone Home Store #8237,193835.78,2021-10-21,Net 30,96813,0.2500,0.4185,Elena Ruiz,"115 Maple Ave, Honolulu",0.4296,Big Box Store,124693.17,2025-08-28,513288.38,0.4324
A-10866,Active,CA,Riverstone Home Store #8290,286206.48,2021-12-06,Net 30,95814,0.2000,0.4553,Luis Romero,"929 Commerce Ln, Sacramento",0.4528,Big Box Store,133655.87,2025-10-12,1095438.59,0.4726
A-10405,Active,MS,Riverstone Home Store #8606,0.00,2025-05-19,50/50,39201,0.2000,,Natalie Price,"1698 Hill St, Jackson",,Big Box Store,0.00,2026-01-25,0.00,
A-10797,Active,AZ,Riverstone Home Store #8738,69699.80,2022-07-30,Net 30,85701,0.3000,0.4347,Priya Nair,"6637 Meadow Way, Tucson",0.4263,Big Box Store,17880.10,2026-06-17,226236.32,0.4221
A-10556,Active,MD,Riverstone Home Store #8843,149438.35,2022-05-08,Net 30,21201,0.2000,0.4815,Carla Mendes,"8259 Oak Pkwy, Baltimore",0.4509,Big Box Store,20419.10,2026-09-10,532295.78,0.4589
A-10515,Active,ME,Riverstone Home Store #8846,142255.02,2023-09-27,Net 30,04101,0.3000,,Luis Romero,"2767 Main Pkwy, Portland",0.4227,Big Box Store,0.00,2025-05-03,192158.81,0.4266
A-10115,Active,WA,Riverstone Home Store #8965,0.00,2026-06-30,Net 30,98201,0.3000,,Owen Brooks,"5153 Valley Ln, Everett",,Big Box Store,0.00,2026-06-30,0.00,
A-11179,Active,WY,Riverview Campus Services,130793.77,2023-03-25,50/50,82001,0.0500,0.5402,Jordan Kim,"366 Valley St, Cheyenne",0.4882,Direct Business,25974.95,2026-03-26,166031.66,0.4753
A-11068,Active,FL,Riverview Corporate Services,0.00,2025-12-08,Net 30,33128,0.2000,0.4956,Jordan Kim,"5810 Maple Dr, Miami",0.4956,Direct Business,49206.77,2026-06-10,49206.77,
A-10263,Active,AZ,Riverview Event Services,0.00,2025-12-04,Net 30,85004,0,0.5362,Elena Ruiz,"4473 Cedar Pkwy, Phoenix",0.5362,Direct Business,86932.14,2026-01-15,86932.14,
A-11129,Active,KY,Riverview Hospitality Group,0.00,2025-12-09,Net 30,40202,0.2000,,Natalie Price,"2749 Meadow Dr, Louisville",,Direct Business,0.00,2026-08-01,0.00,
A-10999,Active,PA,Riverview Meeting Solutions,0.00,2026-02-01,Net 30,19102,0.0500,,Owen Brooks,"2482 Cedar Blvd, Philadelphia",,Direct Business,0.00,2026-04-19,0.00,
A-10588,Active,LA,Riverview Office Interiors,0.00,2026-08-02,Net 30,70112,0,,Priya Nair,"4530 Lincoln Blvd, New Orleans",,Direct Business,0.00,2026-08-29,0.00,
A-10630,Active,AZ,Riverview Office Supply,80821.06,2021-12-28,Net 30,85701,0.0500,0.5167,Natalie Price,"7524 Valley Rd, Tucson",0.5062,Direct Business,107924.89,2025-06-29,358810.86,0.5066
A-10226,Active,NY,Riverview Operations,117155.42,2021-12-28,100% Prepay,12207,0.1000,,Carla Mendes,"6642 Industrial Ln, Albany",0.5035,Direct Business,0.00,2025-01-12,240397.36,0.4957
A-10610,Active,FL,Riverview Property Group,0.00,2026-06-09,50/50,33602,0.1500,,Priya Nair,"2500 Maple Way, Tampa",,Direct Business,0.00,2026-07-30,0.00,
A-10938,Active,MO,Riverview School Supply,40411.86,2022-03-05,Net 30,64106,0.1500,0.5068,Owen Brooks,"2054 Market Ln, Kansas City",0.5103,Direct Business,96477.90,2026-01-22,346204.66,0.5207
A-11015,Active,KY,Riverview Training Center,177694.28,2022-09-30,50/50,40202,0,,Luis Romero,"5079 Center Rd, Louisville",0.4979,Direct Business,0.00,2025-05-16,278703.70,0.4856
A-10033,Active,WA,Riverview Workplace Group,160423.86,2025-03-01,Net 30,99201,0,0.4902,Natalie Price,"8198 Commerce Ave, Spokane",0.4976,Direct Business,70910.40,2026-06-16,231334.26,0.5008
A-10506,Active,VA,Ryan Bailey,0.00,2021-11-19,100% Prepay,23219,0.0000,,Devon Hale,"2146 Washington Ln, Richmond",0.5966,Direct Individual,0.00,2026-06-20,14203.39,
A-11133,Active,MS,Ryan Bennett,0.00,2026-04-21,100% Prepay,39201,0.0000,,Devon Hale,"3155 Harbor Ave, Jackson",,Direct Individual,0.00,2026-05-26,0.00,
A-10051,Active,HI,Ryan Long,3956.20,2023-07-30,100% Prepay,96813,0.0000,0.5918,Devon Hale,"4701 River Blvd, Honolulu",0.5947,Direct Individual,529.65,2025-12-14,7733.15,0.5970
A-10491,Active,AL,Ryan Rivera,1810.06,2024-02-12,100% Prepay,35203,0.0000,,Devon Hale,"215 Cedar Way, Birmingham",0.6049,Direct Individual,0.00,2025-08-19,1878.09,0.6049
A-10598,Active,MA,Seaside Commercial Interiors,27688.24,2024-08-12,100% Prepay,02108,0.0500,0.5161,Carla Mendes,"8369 Park St, Boston",0.5182,Direct Business,83235.95,2026-06-07,110924.19,0.5245
A-11152,Active,VA,Seaside Community Center,64864.38,2024-04-17,100% Prepay,23219,0.1500,,Luis Romero,"7782 Broadway Blvd, Richmond",0.5411,Direct Business,0.00,2026-05-21,64864.38,0.5411
A-10111,Active,NY,Seaside Event Group,0.00,2021-12-21,Net 30,10001,0.1500,0.5234,Natalie Price,"7784 Pine Ln, New York",0.5247,Direct Business,176521.37,2026-05-26,293254.26,
A-10765,Active,WY,Seaside Facilities,59753.26,2023-11-14,Net 30,82001,0,0.5656,Carla Mendes,"7043 Market Way, Cheyenne",0.5276,Direct Business,17438.68,2025-07-18,180411.26,0.5204
A-10507,Active,FL,Seaside Facility Services,0.00,2026-05-19,50/50,33602,0.1000,0.5271,Carla Mendes,"5410 Pine St, Tampa",0.5271,Direct Business,61673.30,2026-07-20,61673.30,
A-10221,Active,MS,Seaside Meeting Solutions,0.00,2021-11-12,Net 30,39201,0.1000,,Marcus Chen,"3763 Pine Rd, Jackson",0.5001,Direct Business,0.00,2026-06-16,407881.35,
A-11045,Inactive,CO,Seaside Office Supply,0.00,2022-04-07,50/50,80202,0,,Marcus Chen,"5450 Harbor Rd, Denver",0.5081,Direct Business,0.00,2022-09-17,73704.48,
A-10126,Active,TX,Seaside Operations,56290.17,2022-07-11,100% Prepay,77002,0.0500,,Carla Mendes,"3830 Valley St, Houston",0.5042,Direct Business,0.00,2025-10-08,180757.93,0.5145
A-10106,Active,NJ,Seaside Procurement,0.00,2025-08-13,100% Prepay,07102,0,,Carla Mendes,"109 Main Rd, Newark",,Direct Business,0.00,2025-08-16,0.00,
A-10199,Active,CA,Seaside Purchasing Group,0.00,2026-07-11,Net 30,92101,0.0500,,Carla Mendes,"1186 Sunset Pkwy, San Diego",,Direct Business,0.00,2026-07-29,0.00,
A-10065,Active,DC,Seaside Training Center,0.00,2026-05-07,100% Prepay,20001,0.0500,,Marcus Chen,"505 Commerce Blvd, Washington",,Direct Business,0.00,2026-09-05,0.00,
A-10994,Active,WV,Seaside Workspace Solutions,0.00,2023-08-19,100% Prepay,25301,0.0500,0.5294,Owen Brooks,"8561 Sunset Blvd, Charleston",0.5294,Direct Business,38285.82,2026-07-24,38285.82,
A-10220,Active,PA,Sienna Davis,2953.92,2021-12-20,100% Prepay,15222,0.0000,0.6117,Devon Hale,"1604 Washington Rd, Pittsburgh",0.5969,Direct Individual,1577.07,2025-07-07,13595.07,0.5945
A-10750,Active,CO,Sienna Ward,0.00,2023-03-26,100% Prepay,80202,0.0000,0.5944,Devon Hale,"6981 Harbor Ln, Denver",0.5978,Direct Individual,1274.13,2025-11-23,3501.81,
A-10474,Active,OK,Silver Lake Business Furnishings,0.00,2025-04-08,Net 30,73102,0.1000,0.4778,Natalie Price,"2725 Cedar Blvd, Oklahoma City",0.4778,Direct Business,144608.21,2025-07-26,144608.21,
A-10903,Active,DE,Silver Lake Church Supply,247240.56,2021-10-23,50/50,19801,0.1000,0.4974,Owen Brooks,"5802 Main Pkwy, Wilmington",0.4732,Direct Business,53623.77,2025-01-09,499137.70,0.4709
A-10686,Active,FL,Silver Lake Conference Services,159543.60,2024-11-03,100% Prepay,33602,0.0500,,Devon Hale,"985 Lakeview Ln, Tampa",0.5109,Direct Business,0.00,2026-04-14,159543.60,0.5109
A-10130,Active,HI,Silver Lake Corporate Services,43721.53,2021-09-28,50/50,96813,0.1500,0.5093,Marcus Chen,"3653 Valley St, Honolulu",0.4925,Direct Business,18491.20,2026-06-07,1202979.85,0.5040
A-10807,Active,NY,Silver Lake Design Studio,166095.48,2022-11-10,Net 30,10001,0.0500,0.5585,Natalie Price,"4859 Lakeview Pkwy, New York",0.4841,Direct Business,7344.84,2026-05-28,332972.83,0.4808
A-10127,Active,VT,Silver Lake Education Services,0.00,2026-08-17,Net 30,05401,0.2000,,Priya Nair,"1875 Oak St, Burlington",,Direct Business,0.00,2026-09-13,0.00,
A-11073,Active,OR,Silver Lake Event Services,3049.16,2024-11-17,Net 30,97205,0,0.6019,Jordan Kim,"3706 Main Way, Portland",0.5773,Direct Business,4050.09,2026-04-16,7099.25,0.5447
A-10191,Active,IA,Silver Lake Facilities,102271.42,2022-01-04,100% Prepay,50309,0,,Luis Romero,"2861 Harbor Dr, Des Moines",0.5008,Direct Business,0.00,2025-08-28,219675.90,0.4914
A-10560,Active,NH,Silver Lake Facility Services,48127.03,2021-12-12,50/50,03101,0,0.5172,Natalie Price,"6213 Main Pkwy, Manchester",0.5105,Direct Business,107619.32,2025-06-16,269432.71,0.5409
A-11066,Active,FL,Silver Lake Hospitality Group,0.00,2024-04-12,100% Prepay,33128,0,0.5227,Natalie Price,"7217 River Dr, Miami",0.5234,Direct Business,101518.34,2026-03-23,111194.57,
A-10888,Active,FL,Silver Lake Office Supply,76303.60,2022-11-04,Net 30,33128,0.0500,,Jordan Kim,"8396 Sunset Rd, Miami",0.4851,Direct Business,0.00,2026-01-31,238200.39,0.4989
A-10919,Active,CA,Silver Lake Operations,60223.42,2021-10-22,50/50,92101,0,0.5084,Owen Brooks,"1785 Commerce Rd, San Diego",0.5144,Direct Business,78591.78,2025-04-16,391023.10,0.4985
A-11049,Active,HI,Silver Lake Procurement,20151.86,2025-05-15,100% Prepay,96813,0.0500,,Elena Ruiz,"1443 Industrial Blvd, Honolulu",0.5792,Direct Business,0.00,2025-11-12,20151.86,0.5792
A-10715,Inactive,CA,Silver Lake Purchasing Group,0.00,2021-09-21,50/50,95113,0,,Luis Romero,"1122 Valley Rd, San Jose",0.4918,Direct Business,0.00,2022-04-05,325515.75,
A-10949,Active,VT,Silver Lake School Supply,6811.92,2022-06-14,100% Prepay,05401,0.0500,0.4979,Owen Brooks,"3608 Valley Way, Burlington",0.5000,Direct Business,64379.27,2025-10-21,285111.16,0.5608
A-10148,Active,MO,Silver Lake Training Center,0.00,2024-06-05,Net 30,64106,0,,Marcus Chen,"3065 Park Rd, Kansas City",,Direct Business,0.00,2026-08-12,0.00,
A-10322,Active,NY,Silver Lake Venue Services,151793.17,2024-06-02,50/50,10001,0,0.4584,Luis Romero,"304 Valley Dr, New York",0.4721,Direct Business,141137.08,2026-04-28,337216.92,0.4768
A-11087,Active,WA,Silver Lake Workspace Solutions,55035.35,2024-04-25,Net 30,99201,0,0.5073,Owen Brooks,"194 Lincoln Pkwy, Spokane",0.5057,Direct Business,147803.33,2026-04-19,214161.48,0.4850
A-11221,Active,OR,Sofia Bennett,1077.02,2025-03-30,100% Prepay,97205,0.0000,0.5989,Devon Hale,"1966 Washington Ln, Portland",0.6022,Direct Individual,2484.90,2025-04-28,3561.92,0.6097
A-10664,Active,MS,Sofia Carter,861.42,2024-07-04,100% Prepay,39201,0.0000,0.6042,Devon Hale,"8062 Lincoln Rd, Jackson",0.6028,Direct Individual,3538.48,2025-01-13,5745.10,0.5860
A-10237,Active,NY,Sofia Cook,1055.04,2024-11-27,100% Prepay,14202,0.0000,,Devon Hale,"3898 Maple Pkwy, Buffalo",0.6026,Direct Individual,0.00,2025-05-10,1055.04,0.6026
A-10352,Active,IN,Sofia Davis,1156.40,2024-01-04,50/50,46204,0.0000,0.5923,Devon Hale,"6393 Pine Dr, Indianapolis",0.5991,Direct Individual,1088.01,2025-11-10,2244.41,0.6055
A-11155,Active,TX,Sofia Morgan,1581.66,2021-11-30,100% Prepay,75201,0.0000,,Devon Hale,"1679 Park Way, Dallas",0.6014,Direct Individual,0.00,2026-07-31,8343.24,0.5984
A-10617,Active,VA,Sofia Parker,0.00,2021-11-13,100% Prepay,23219,0.0000,0.5858,Devon Hale,"3620 Industrial Ln, Richmond",0.6002,Direct Individual,532.00,2025-01-03,8348.49,
A-10026,Active,OH,Sofia Price,0.00,2021-10-12,100% Prepay,43215,0.0000,0.5880,Devon Hale,"2678 Pine Ave, Columbus",0.5986,Direct Individual,1593.00,2026-01-01,5963.65,
A-10751,Active,WA,Sofia Ward,1322.02,2022-09-30,100% Prepay,98402,0.0000,0.5973,Devon Hale,"6537 Cedar Blvd, Tacoma",0.5988,Direct Individual,1947.60,2026-04-28,7336.95,0.5983
A-10036,Active,OR,Stonebridge Business Furnishings,55965.60,2022-11-04,50/50,97301,0,0.5082,Natalie Price,"5614 Cedar Dr, Salem",0.4861,Direct Business,182176.16,2025-11-05,439001.54,0.4604
A-11245,Active,DC,Stonebridge Community Center,47067.64,2024-07-07,Net 30,20001,0.2000,0.5053,Luis Romero,"5215 River Pkwy, Washington",0.4989,Direct Business,69331.73,2026-07-20,189251.45,0.4929
A-10555,Active,OK,Stonebridge Conference Services,191409.20,2021-12-28,50/50,73102,0,0.5109,Elena Ruiz,"3910 Lakeview St, Oklahoma City",0.5002,Direct Business,169457.74,2026-05-02,430619.46,0.4778
A-11099,Active,PA,Stonebridge Corporate Services,58894.26,2023-11-30,Net 30,19102,0.1000,0.5248,Carla Mendes,"5425 Market Blvd, Philadelphia",0.5229,Direct Business,8150.64,2025-12-18,81411.28,0.5291
A-11239,Active,AZ,Stonebridge Event Group,0.00,2024-11-19,50/50,85004,0.0500,,Elena Ruiz,"8061 Maple Ln, Phoenix",,Direct Business,0.00,2026-03-07,0.00,
A-10074,Active,CA,Stonebridge Event Services,0.00,2025-05-14,100% Prepay,95814,0,0.5234,Carla Mendes,"4848 Pine Way, Sacramento",0.5234,Direct Business,34152.57,2026-02-19,34152.57,
A-11142,Active,SD,Stonebridge Facility Services,0.00,2026-01-23,50/50,57104,0.0500,,Owen Brooks,"2064 River Dr, Sioux Falls",,Direct Business,0.00,2026-03-11,0.00,
A-10102,Active,NH,Stonebridge Meeting Solutions,92487.22,2023-05-09,50/50,03101,0.0500,0.5318,Elena Ruiz,"8265 Main Way, Manchester",0.5064,Direct Business,10563.01,2025-02-25,284166.68,0.5055
A-11217,Active,SD,Stonebridge Operations,39241.85,2022-06-23,Net 30,57104,0.0500,0.4656,Jordan Kim,"5182 Lakeview Blvd, Sioux Falls",0.4911,Direct Business,148596.77,2026-04-09,248992.61,0.5161
A-10839,Active,CA,Stonebridge Purchasing Group,0.00,2025-07-01,Net 30,92101,0.0500,0.5314,Owen Brooks,"5512 Pine Dr, San Diego",0.5314,Direct Business,6473.31,2025-09-02,6093.08,
A-10424,Active,SD,Stonebridge School Supply,99435.28,2022-12-26,100% Prepay,57104,0.2000,,Carla Mendes,"7674 Broadway Ave, Sioux Falls",0.4840,Direct Business,0.00,2025-10-14,161969.45,0.4808
A-10155,Active,OR,Stonebridge Training Center,40816.78,2022-10-10,100% Prepay,97205,0.1000,0.4736,Carla Mendes,"7397 Lakeview Ave, Portland",0.4923,Direct Business,147194.76,2025-11-15,346253.08,0.5168
A-10359,Active,PA,Stonebridge Venue Services,0.00,2026-07-30,50/50,15222,0,,Priya Nair,"1245 Oak Dr, Pittsburgh",,Direct Business,0.00,2026-08-10,0.00,
A-10815,Active,DE,Stonebridge Workspace Solutions,5882.22,2021-12-04,50/50,19801,0.1000,0.4688,Owen Brooks,"3061 Sunset Rd, Wilmington",0.4913,Direct Business,138494.54,2025-01-15,489827.95,0.5175
A-10464,Active,MD,Summit Home Store #0293,0.00,2026-09-14,Net 30,21201,0.3000,,Carla Mendes,"5541 Lincoln Pkwy, Baltimore",,Big Box Store,0.00,2026-09-14,0.00,
A-10453,Active,MN,Summit Home Store #0337,0.00,2026-07-17,Net 30,55401,0.1500,,Luis Romero,"2269 Meadow Blvd, Minneapolis",,Big Box Store,0.00,2026-08-28,0.00,
A-10794,Active,TX,Summit Home Store #1314,0.00,2025-06-05,Net 30,78205,0.1000,0.4405,Elena Ruiz,"7222 Meadow Blvd, San Antonio",0.4405,Big Box Store,77937.30,2026-09-08,77937.30,
A-11078,Active,OK,Summit Home Store #1320,0.00,2021-12-07,Net 30,73102,0.1000,0.4702,Elena Ruiz,"2254 Lincoln Ave, Oklahoma City",0.4639,Big Box Store,121378.73,2025-01-02,592823.94,
A-10635,Active,FL,Summit Home Store #1471,0.00,2025-09-29,Net 30,33602,0.2500,,Marcus Chen,"8228 Lakeview Dr, Tampa",,Big Box Store,0.00,2026-02-02,0.00,
A-11214,Active,CA,Summit Home Store #1542,0.00,2022-09-05,100% Prepay,93721,0.1000,,Carla Mendes,"741 Lincoln Rd, Fresno",0.4388,Big Box Store,0.00,2026-07-30,108651.26,
A-10599,Active,OR,Summit Home Store #1619,352249.75,2021-12-17,Net 30,97301,0.2500,,Elena Ruiz,"1097 Maple Dr, Salem",0.4372,Big Box Store,0.00,2025-04-11,624258.79,0.4384
A-10991,Active,MO,Summit Home Store #1773,202055.39,2023-04-17,50/50,64106,0.3000,0.4286,Owen Brooks,"1990 Market Pkwy, Kansas City",0.4305,Big Box Store,32240.46,2026-04-08,490199.28,0.4297
A-10122,Active,WA,Summit Home Store #2249,39910.19,2022-10-19,Net 30,98402,0.3000,0.4129,Carla Mendes,"8904 Industrial Dr, Tacoma",0.4184,Big Box Store,383272.41,2025-06-28,702462.45,0.4234
A-10766,Active,CA,Summit Home Store #2391,310615.53,2021-11-21,Net 30,95814,0.2500,0.4216,Luis Romero,"887 River Pkwy, Sacramento",0.4361,Big Box Store,134683.20,2025-10-06,1250540.23,0.4440
A-10123,Active,NE,Summit Home Store #2560,98675.51,2021-12-11,Net 30,68102,0.2500,,Elena Ruiz,"782 Valley St, Omaha",0.4422,Big Box Store,0.00,2025-08-15,371418.27,0.4264
A-10014,Active,UT,Summit Home Store #2613,5091.38,2022-09-25,50/50,84101,0.2500,0.4668,Carla Mendes,"5750 Park Rd, Salt Lake City",0.4449,Big Box Store,60854.86,2025-06-17,526994.22,0.4507
A-10377,Active,WA,Summit Home Store #2841,0.00,2024-12-20,Net 30,98101,0.3000,0.4217,Priya Nair,"696 Broadway Rd, Seattle",0.4217,Big Box Store,151427.40,2025-10-17,151427.40,
A-10950,Active,MS,Summit Home Store #3384,84708.69,2023-07-28,Net 30,39201,0.2500,0.4376,Carla Mendes,"4387 Sunset Pkwy, Jackson",0.4372,Big Box Store,72303.78,2025-07-30,252035.57,0.4586
A-10799,Active,MO,Summit Home Store #3436,89934.46,2021-12-03,Net 30,64106,0.2500,,Natalie Price,"2575 Valley Way, Kansas City",0.4379,Big Box Store,0.00,2025-04-26,762348.39,0.4221
A-10996,Active,ND,Summit Home Store #3599,79907.49,2021-11-23,100% Prepay,58102,0.2000,,Carla Mendes,"819 Lakeview St, Fargo",0.4301,Big Box Store,0.00,2026-07-30,373538.63,0.4292
A-10274,Active,ME,Summit Home Store #4656,187318.56,2023-12-16,Net 30,04101,0.3000,,Carla Mendes,"5255 Harbor Dr, Portland",0.4314,Big Box Store,0.00,2026-04-18,345827.22,0.4282
A-10912,Active,NM,Summit Home Store #5322,242401.34,2021-12-25,Net 30,87102,0.3000,0.4256,Luis Romero,"606 Valley Ave, Albuquerque",0.4216,Big Box Store,14440.92,2025-08-17,415829.10,0.4205
A-10280,Active,TX,Summit Home Store #5342,191468.70,2022-07-06,Net 30,78701,0.2500,0.4219,Carla Mendes,"6983 Commerce Way, Austin",0.4386,Big Box Store,79091.01,2025-07-12,665830.65,0.4364
A-10025,Active,OH,Summit Home Store #5693,46168.40,2022-05-17,50/50,43215,0.2000,0.4240,Natalie Price,"7932 Commerce Dr, Columbus",0.4420,Big Box Store,108793.32,2026-01-18,224325.36,0.4720
A-10121,Active,WV,Summit Home Store #6393,443187.65,2024-02-06,Net 30,25301,0.2500,0.4727,Natalie Price,"278 Market Way, Charleston",0.4381,Big Box Store,5675.28,2026-06-30,606247.94,0.4404
A-10918,Active,OR,Summit Home Store #6491,0.00,2025-07-05,Net 30,97205,0.2500,0.4702,Natalie Price,"3877 Cedar St, Portland",0.4702,Big Box Store,31661.07,2026-05-17,31661.07,
A-10406,Active,OR,Summit Home Store #6603,99402.81,2025-06-18,100% Prepay,97301,0.3000,0.4382,Natalie Price,"5317 Lakeview Pkwy, Salem",0.4223,Big Box Store,9115.68,2025-11-22,108518.49,0.4209
A-10643,Active,SD,Summit Home Store #7272,96978.09,2021-11-23,Net 30,57104,0.3000,0.4204,Jordan Kim,"6647 Industrial Dr, Sioux Falls",0.4237,Big Box Store,173655.35,2026-03-20,731855.68,0.4165
A-10458,Active,CO,Summit Home Store #7716,89542.18,2022-11-14,Net 30,80202,0.2500,0.4657,Jordan Kim,"8574 Main Ln, Denver",0.4428,Big Box Store,45205.58,2026-04-18,356054.53,0.4211
A-10245,Active,CO,Summit Home Store #7804,188094.04,2022-05-18,Net 30,80202,0.2000,0.4548,Luis Romero,"2904 Broadway Pkwy, Denver",0.4511,Big Box Store,65097.34,2025-12-12,451594.42,0.4484
A-10893,Inactive,AZ,Summit Home Store #7855,345191.78,2023-04-15,Net 30,85701,0.2500,,Owen Brooks,"1313 Maple Dr, Tucson",0.4497,Big Box Store,0.00,2024-07-21,429136.07,0.4564
A-10132,Active,HI,Summit Home Store #8380,0.00,2023-06-26,Net 30,96813,0.2500,0.4321,Owen Brooks,"166 Pine Way, Honolulu",0.4301,Big Box Store,261518.14,2025-08-27,406891.00,
A-10899,Active,CA,Summit Home Store #8475,11003.76,2023-05-16,Net 30,93721,0.2500,,Marcus Chen,"870 Meadow Ave, Fresno",0.4631,Big Box Store,0.00,2025-07-19,30867.82,0.4749
A-11226,Active,AZ,Summit Home Store #9163,0.00,2023-11-23,50/50,85004,0.1000,0.4620,Natalie Price,"5690 Park Rd, Phoenix",0.4626,Big Box Store,50979.90,2026-06-29,168745.60,
A-10227,Active,IL,Summit Home Store #9370,96150.96,2023-07-05,Net 30,60601,0.2500,,Carla Mendes,"1625 Park Ln, Chicago",0.4413,Big Box Store,0.00,2026-01-30,199738.28,0.4375
A-10278,Active,IN,Summit Home Store #9444,55738.80,2021-11-05,Net 30,46204,0.1500,0.4828,Jordan Kim,"4173 Valley Dr, Indianapolis",0.4487,Big Box Store,9575.86,2026-02-04,511755.97,0.4525
A-10929,Active,NJ,Summit Home Store #9558,0.00,2025-12-28,Net 30,07102,0.2500,0.4511,Elena Ruiz,"2929 Park Ave, Newark",0.4511,Big Box Store,167812.68,2026-07-28,167812.68,
A-10738,Active,CA,Summit Home Store #9957,64698.56,2023-07-05,100% Prepay,92101,0.2500,,Natalie Price,"5405 Harbor St, San Diego",0.4271,Big Box Store,0.00,2025-12-03,302735.53,0.4507
A-11187,Active,NV,Summit Ridge Business Furnishings,123651.25,2021-12-03,100% Prepay,89501,0,0.4947,Natalie Price,"8898 Hill Ave, Reno",0.5159,Direct Business,133544.93,2025-03-06,343920.58,0.5201
A-11057,Active,WA,Summit Ridge Community Center,63634.23,2023-01-28,Net 30,99201,0,0.5097,Carla Mendes,"930 Pine Pkwy, Spokane",0.5156,Direct Business,42836.86,2025-01-02,173544.74,0.5338
A-10573,Active,CA,Summit Ridge Conference Services,27811.27,2021-12-11,100% Prepay,95814,0,,Priya Nair,"7194 Oak Way, Sacramento",0.4935,Direct Business,0.00,2025-07-31,296780.96,0.4941
A-10452,Active,AZ,Summit Ridge Corporate Services,0.00,2025-03-16,100% Prepay,85701,0,0.5116,Luis Romero,"250 Industrial Way, Tucson",0.5116,Direct Business,63128.07,2026-06-17,63128.07,
A-10553,Active,CA,Summit Ridge Education Services,79313.66,2021-10-28,Net 30,95814,0.1500,0.5068,Marcus Chen,"673 Broadway Blvd, Sacramento",0.4999,Direct Business,29557.60,2025-05-24,571758.88,0.4791
A-10076,Active,TX,Summit Ridge Event Group,0.00,2026-04-15,50/50,78701,0.1000,,Owen Brooks,"1831 Cedar Ave, Austin",,Direct Business,0.00,2026-04-30,0.00,
A-10858,Inactive,CA,Summit Ridge Event Services,112465.04,2023-03-28,Net 30,93721,0.1500,,Natalie Price,"7121 Sunset Dr, Fresno",0.4991,Direct Business,0.00,2025-01-29,195396.96,0.5006
A-10722,Active,AK,Summit Ridge Meeting Solutions,0.00,2022-09-20,Net 30,99501,0.1500,0.4855,Luis Romero,"4499 Park St, Anchorage",0.4855,Direct Business,67597.16,2025-04-26,71629.31,
A-10085,Active,PA,Summit Ridge Office Interiors,0.00,2022-09-14,50/50,15222,0,0.4879,Luis Romero,"4597 Maple Dr, Pittsburgh",0.4903,Direct Business,49128.89,2025-04-17,391467.61,
A-10351,Active,OH,Summit Ridge Property Group,0.00,2025-06-25,50/50,43215,0.0500,0.4808,Carla Mendes,"8246 Hill Way, Columbus",0.4808,Direct Business,195580.15,2025-10-27,195580.15,
A-10704,Active,NY,Summit Ridge Purchasing Group,133728.73,2021-12-14,Net 30,14202,0.1000,,Elena Ruiz,"5361 Commerce Dr, Buffalo",0.4891,Direct Business,0.00,2025-10-11,431938.77,0.5020
A-10605,Active,UT,Summit Ridge School Supply,0.00,2021-10-17,50/50,84101,0,0.4701,Luis Romero,"5687 Sunset Way, Salt Lake City",0.4906,Direct Business,140157.86,2025-08-12,234591.83,
A-11114,Active,HI,Summit Ridge Training Center,80188.97,2024-06-08,Net 30,96813,0,,Marcus Chen,"5435 Center Rd, Honolulu",0.4884,Direct Business,0.00,2026-06-06,80188.97,0.4884
A-10850,Active,CA,Summit Ridge Workplace Group,7809.24,2024-03-17,Net 30,93721,0,0.4921,Owen Brooks,"3735 Main Ave, Fresno",0.5112,Direct Business,120424.15,2025-09-23,171905.69,0.5835
A-11084,Active,CA,Sunrise Campus Services,26361.50,2021-11-09,50/50,95113,0.0500,0.5422,Priya Nair,"4475 Park Way, San Jose",0.5167,Direct Business,21627.00,2026-05-20,321958.25,0.5331
A-10713,Inactive,KS,Sunrise Commercial Interiors,0.00,2022-04-20,50/50,67202,0.1000,0.4601,Owen Brooks,"8697 Hill Ave, Wichita",0.4924,Direct Business,15141.99,2023-10-04,22747.77,
A-10128,Active,KS,Sunrise Conference Services,8000.10,2023-01-06,Net 30,67202,0.1000,0.5198,Priya Nair,"1037 Industrial Rd, Wichita",0.5165,Direct Business,23272.33,2025-12-09,61027.36,0.5051
A-10798,Active,AZ,Sunrise Design Studio,26034.30,2023-11-05,Net 30,85004,0.1500,0.5228,Luis Romero,"4445 Pine Rd, Phoenix",0.5155,Direct Business,23697.31,2025-08-24,110753.79,0.5212
A-10930,Inactive,CA,Sunrise Education Services,0.00,2022-03-23,Net 30,93721,0.0500,,Owen Brooks,"5120 River Ln, Fresno",0.4887,Direct Business,0.00,2022-10-10,143742.91,
A-10616,Active,AZ,Sunrise Event Group,0.00,2026-07-15,Net 30,85701,0.1500,,Luis Romero,"4118 Center Ave, Tucson",,Direct Business,0.00,2026-08-10,0.00,
A-10432,Active,CT,Sunrise Event Services,101564.32,2025-08-16,100% Prepay,06103,0.0500,,Natalie Price,"6494 Sunset Blvd, Hartford",0.4906,Direct Business,0.00,2026-09-02,101564.32,0.4906
A-11062,Active,PA,Sunrise Facilities,0.00,2026-03-14,100% Prepay,15222,0,0.5316,Natalie Price,"4935 Hill Dr, Pittsburgh",0.5316,Direct Business,20056.60,2026-04-26,20056.60,
A-10637,Active,MD,Sunrise Facility Services,0.00,2026-03-25,100% Prepay,21201,0,,Owen Brooks,"8726 Meadow Rd, Baltimore",,Direct Business,0.00,2026-05-06,0.00,
A-10425,Active,CT,Sunrise Hospitality Group,66952.99,2021-10-13,50/50,06103,0,0.4926,Priya Nair,"8888 Center Blvd, Hartford",0.5072,Direct Business,83339.44,2025-03-25,207125.03,0.5453
A-11141,Inactive,NJ,Sunrise Office Interiors,0.00,2021-12-21,Net 30,07102,0.0500,,Natalie Price,"6159 Hill Ln, Newark",0.5109,Direct Business,0.00,2024-02-09,59040.50,
A-10510,Active,IA,Sunrise Operations,0.00,2021-11-08,Net 30,50309,0,0.5277,Elena Ruiz,"3567 River Ave, Des Moines",0.5253,Direct Business,38963.12,2025-11-13,164183.63,
A-10393,Active,WY,Sunrise Training Center,0.00,2025-11-29,100% Prepay,82001,0.1000,0.5277,Owen Brooks,"6171 Center Way, Cheyenne",0.5277,Direct Business,23102.79,2026-03-25,23102.79,
A-11072,Active,NV,Sunrise Venue Services,0.00,2026-01-12,Net 30,89501,0,0.5572,Jordan Kim,"8654 Cedar Way, Reno",0.5572,Direct Business,43849.72,2026-03-05,43849.72,
A-10809,Active,NY,Sunrise Workspace Solutions,15224.66,2024-11-29,Net 30,12207,0.0500,,Owen Brooks,"7221 Lakeview Ave, Albany",0.5788,Direct Business,0.00,2025-09-01,15224.66,0.5788
A-10675,Active,WA,Tessa Bennett,0.00,2023-10-16,100% Prepay,99201,0.0000,0.6030,Devon Hale,"3176 Lincoln Rd, Spokane",0.5934,Direct Individual,878.13,2025-02-25,2841.78,
A-11026,Active,WV,Tessa Gray,4467.26,2021-12-29,100% Prepay,25301,0.0000,,Devon Hale,"8354 Park Ln, Charleston",0.5985,Direct Individual,0.00,2026-05-10,8930.43,0.5964
A-10038,Active,AL,Tessa Hayes,721.60,2024-09-24,100% Prepay,35203,0.0000,,Owen Brooks,"8220 Lincoln St, Birmingham",0.5930,Direct Individual,0.00,2025-06-28,721.60,0.5930
A-10173,Active,AK,Tessa Hayes,0.00,2022-02-04,100% Prepay,99501,0.0000,0.6071,Devon Hale,"1867 River Way, Anchorage",0.6065,Direct Individual,1798.00,2026-05-12,4025.68,
A-10378,Active,SC,Tessa Kim,1845.05,2022-01-29,100% Prepay,29201,0.0000,0.5970,Devon Hale,"4921 Harbor Pkwy, Columbia",0.6003,Direct Individual,2362.76,2026-02-21,9051.08,0.6046
A-10409,Active,TX,Tessa Parker,0.00,2024-05-25,100% Prepay,75201,0.0000,,Elena Ruiz,"2806 Lincoln Ln, Dallas",0.5969,Direct Individual,0.00,2025-05-05,3997.60,
A-10876,Inactive,ME,Tessa Stewart,863.04,2021-11-20,100% Prepay,04101,0.0000,,Devon Hale,"1880 Hill St, Portland",0.6054,Direct Individual,0.00,2022-11-30,3819.35,0.6005
A-10769,Active,FL,Theo Morgan,1322.02,2023-07-14,100% Prepay,33128,0.0000,,Devon Hale,"7110 Commerce Way, Miami",0.6110,Direct Individual,0.00,2025-03-08,1322.02,0.6110
A-10020,Active,MI,Theo Nguyen,2544.96,2022-10-22,100% Prepay,48226,0.0000,,Devon Hale,"559 River Dr, Detroit",0.6018,Direct Individual,0.00,2025-02-07,5587.57,0.6040
A-11171,Active,WA,Theo Patel,898.56,2022-09-24,100% Prepay,99201,0.0000,,Devon Hale,"6808 Main Pkwy, Spokane",0.6043,Direct Individual,0.00,2026-07-18,2942.70,0.6052
A-10535,Active,PA,Theo Rivera,0.00,2026-04-19,100% Prepay,19102,0.0000,,Carla Mendes,"6288 Industrial Ave, Philadelphia",,Direct Individual,0.00,2026-06-08,0.00,
A-10490,Active,IA,Theo Ross,0.00,2021-10-07,100% Prepay,50309,0.0000,0.5901,Marcus Chen,"8548 Park Dr, Des Moines",0.5939,Direct Individual,988.02,2026-02-18,2541.78,
A-11042,Active,TN,Theo Ward,0.00,2026-06-30,100% Prepay,37203,0.0000,,Devon Hale,"8557 Maple Ln, Nashville",,Direct Individual,0.00,2026-09-14,0.00,
A-11124,Active,PA,Twin Rivers Church Supply,0.00,2025-10-06,100% Prepay,19102,0.0500,0.5295,Luis Romero,"1323 Commerce Blvd, Philadelphia",0.5295,Direct Business,93996.59,2025-12-16,93996.59,
A-11194,Active,ME,Twin Rivers Commercial Interiors,0.00,2022-05-12,50/50,04101,0.1000,0.5336,Marcus Chen,"2928 Harbor St, Portland",0.5139,Direct Business,45531.06,2025-02-26,96901.44,
A-10552,Active,PA,Twin Rivers Conference Services,0.00,2021-09-17,50/50,15222,0.2000,,Priya Nair,"7758 Hill Pkwy, Pittsburgh",0.4780,Direct Business,0.00,2025-01-31,310950.81,
A-10480,Active,FL,Twin Rivers Corporate Services,159617.46,2024-06-07,50/50,33602,0,0.5691,Owen Brooks,"3101 Harbor St, Tampa",0.5134,Direct Business,38113.78,2026-02-26,203391.22,0.4997
A-10955,Active,WA,Twin Rivers Design Studio,100218.50,2021-10-17,Net 30,98201,0,0.5178,Elena Ruiz,"4440 Main Dr, Everett",0.5199,Direct Business,107267.38,2025-11-11,453688.15,0.5120
A-10172,Active,WA,Twin Rivers Event Group,0.00,2022-12-26,100% Prepay,99201,0,0.5292,Elena Ruiz,"6892 Park Rd, Spokane",0.5101,Direct Business,58135.89,2026-07-12,250968.33,
A-11246,Active,CA,Twin Rivers Event Services,0.00,2026-04-11,Net 30,95113,0.1000,,Carla Mendes,"8914 River Ln, San Jose",,Direct Business,0.00,2026-08-07,0.00,
A-10075,Active,AL,Twin Rivers Hospitality Group,0.00,2026-04-08,Net 30,35203,0.0500,0.5325,Owen Brooks,"3830 Lakeview Pkwy, Birmingham",0.5325,Direct Business,50243.50,2026-08-20,50243.50,
A-10344,Active,NV,Twin Rivers Meeting Solutions,0.00,2026-08-24,100% Prepay,89501,0.1000,,Priya Nair,"3162 Sunset Rd, Reno",,Direct Business,0.00,2026-09-02,0.00,
A-10884,Active,PA,Twin Rivers Office Supply,129559.08,2021-11-26,50/50,19102,0,0.5188,Natalie Price,"3390 Lakeview Blvd, Philadelphia",0.5074,Direct Business,36275.76,2026-06-01,302653.47,0.5038
A-11164,Active,AL,Twin Rivers Procurement,34646.34,2023-05-02,Net 30,35203,0,0.4739,Owen Brooks,"5393 Lincoln St, Birmingham",0.5008,Direct Business,28393.18,2026-06-29,150571.52,0.4929
A-10908,Active,MT,Twin Rivers Purchasing Group,45004.34,2023-12-18,100% Prepay,59101,0.1500,0.4602,Owen Brooks,"403 Oak Way, Billings",0.5003,Direct Business,36301.04,2025-06-22,81305.38,0.5327
A-10922,Active,AZ,Twin Rivers School Supply,0.00,2024-08-05,100% Prepay,85701,0,0.5282,Elena Ruiz,"3906 Harbor Pkwy, Tucson",0.5282,Direct Business,24334.03,2025-06-16,24334.03,
A-10628,Active,NY,Twin Rivers Workplace Group,0.00,2024-06-06,Net 30,12207,0.0500,0.5423,Elena Ruiz,"8215 Washington Way, Albany",0.5260,Direct Business,10293.36,2025-10-23,54486.04,
A-10579,Active,OR,Urban Nest Store #0025,0.00,2025-09-18,100% Prepay,97301,0.2000,0.4300,Carla Mendes,"4932 Pine Pkwy, Salem",0.4300,Big Box Store,77740.14,2026-09-14,77740.14,
A-10687,Active,AL,Urban Nest Store #0026,311057.40,2022-09-11,Net 30,35203,0.2500,0.4465,Elena Ruiz,"7165 Meadow Blvd, Birmingham",0.4459,Big Box Store,5748.04,2025-08-03,682502.64,0.4605
A-11106,Active,WV,Urban Nest Store #0369,45148.91,2021-12-09,Net 30,25301,0.3000,,Elena Ruiz,"8329 River Way, Charleston",0.4337,Big Box Store,0.00,2025-03-22,593405.74,0.4347
A-10768,Active,RI,Urban Nest Store #0579,0.00,2025-11-13,50/50,02903,0.2500,0.4323,Luis Romero,"2792 Lakeview Pkwy, Providence",0.4323,Big Box Store,205718.10,2026-01-02,205718.10,
A-10696,Active,AZ,Urban Nest Store #0639,102702.24,2021-12-24,Net 30,85701,0.1000,0.4543,Owen Brooks,"2288 Oak Dr, Tucson",0.4501,Big Box Store,230707.01,2025-10-22,939490.02,0.4329
A-10466,Active,FL,Urban Nest Store #0724,221108.31,2024-02-06,50/50,33602,0.2000,,Natalie Price,"2541 Valley Ave, Tampa",0.4521,Big Box Store,0.00,2025-12-03,221108.31,0.4521
A-10230,Active,WA,Urban Nest Store #0818,0.00,2021-12-18,Net 30,98201,0.2500,0.4736,Priya Nair,"8417 Lincoln Rd, Everett",0.4355,Big Box Store,32478.00,2026-07-26,620564.71,
A-10979,Active,FL,Urban Nest Store #1272,302724.40,2023-08-18,Net 30,33128,0.1500,0.4226,Marcus Chen,"5343 Washington Way, Miami",0.4345,Big Box Store,118673.80,2025-10-29,694805.22,0.4382
A-10792,Active,MT,Urban Nest Store #1705,136555.20,2022-02-16,Net 30,59101,0.1500,0.4888,Luis Romero,"6488 Main Pkwy, Billings",0.4432,Big Box Store,12630.37,2025-01-05,754463.10,0.4695
A-10644,Active,OR,Urban Nest Store #1707,244033.98,2021-12-03,Net 30,97301,0.2000,0.4608,Jordan Kim,"1775 Industrial Rd, Salem",0.4510,Big Box Store,31698.75,2025-09-07,392940.52,0.4411
A-11135,Inactive,IN,Urban Nest Store #2188,0.00,2021-12-25,Net 30,46204,0.2500,0.4538,Carla Mendes,"1345 Broadway Pkwy, Indianapolis",0.4471,Big Box Store,162313.13,2022-03-12,237680.94,
A-10292,Active,WA,Urban Nest Store #2237,69994.80,2021-12-22,Net 30,99201,0.2000,0.4269,Carla Mendes,"4824 Cedar Way, Spokane",0.4385,Big Box Store,117517.92,2026-08-09,351081.19,0.4583
A-10430,Active,GA,Urban Nest Store #2372,289021.74,2021-11-15,Net 30,30303,0.2000,0.4369,Carla Mendes,"5494 Lakeview Way, Atlanta",0.4400,Big Box Store,155539.99,2026-07-11,1335432.79,0.4206
A-10969,Active,CT,Urban Nest Store #2493,3885.02,2021-11-04,Net 30,06103,0.2000,,Luis Romero,"1001 River Dr, Hartford",0.4367,Big Box Store,0.00,2025-07-27,254500.87,0.4861
A-10333,Active,CA,Urban Nest Store #2571,0.00,2026-01-14,Net 30,95814,0.3000,,Luis Romero,"7160 Park St, Sacramento",,Big Box Store,0.00,2026-05-15,0.00,
A-10326,Active,DC,Urban Nest Store #2650,0.00,2025-09-10,50/50,20001,0.2000,0.4407,Jordan Kim,"2148 Lakeview St, Washington",0.4407,Big Box Store,402732.68,2025-12-18,402732.68,
A-10384,Inactive,ME,Urban Nest Store #3934,103721.80,2022-07-13,Net 30,04101,0.2500,,Jordan Kim,"6612 Valley Rd, Portland",0.4508,Big Box Store,0.00,2022-11-19,176207.19,0.4630
A-10298,Active,NC,Urban Nest Store #4532,0.00,2022-11-13,Net 30,28202,0.2000,,Carla Mendes,"5136 Lincoln Ln, Charlotte",0.4418,Big Box Store,0.00,2025-07-09,150311.85,
A-10693,Active,ME,Urban Nest Store #4815,374095.44,2022-06-13,Net 30,04101,0.1500,0.4587,Devon Hale,"6387 Washington Blvd, Portland",0.4533,Big Box Store,55255.49,2025-11-20,1084527.16,0.4631
A-11116,Active,FL,Urban Nest Store #5202,153798.78,2021-12-06,Net 30,33602,0.2500,0.4761,Marcus Chen,"4950 Commerce Pkwy, Tampa",0.4529,Big Box Store,39580.73,2025-12-16,1021314.64,0.4337
A-10434,Active,IL,Urban Nest Store #5347,138448.94,2021-10-07,Net 30,60601,0.3000,0.4268,Elena Ruiz,"3865 Hill Ave, Chicago",0.4256,Big Box Store,88673.10,2025-07-10,1177358.58,0.4155
A-11083,Active,TX,Urban Nest Store #5400,312620.83,2022-11-26,Net 30,77002,0.2500,0.4455,Carla Mendes,"5917 Washington St, Houston",0.4381,Big Box Store,85466.12,2025-11-01,736330.69,0.4441
A-10810,Active,MD,Urban Nest Store #6207,15990.19,2021-12-09,Net 30,21201,0.2000,0.4739,Marcus Chen,"3004 Sunset Ave, Baltimore",0.4713,Big Box Store,65691.08,2025-03-27,438409.30,0.5040
A-10802,Active,CO,Urban Nest Store #6363,0.00,2026-03-26,Net 30,80202,0.3000,0.4184,Marcus Chen,"8717 Market St, Denver",0.4184,Big Box Store,31916.50,2026-07-21,31916.50,
A-10349,Active,AK,Urban Nest Store #6777,0.00,2026-06-11,Net 30,99501,0.3000,0.4315,Owen Brooks,"7774 Park Ave, Anchorage",0.4315,Big Box Store,3601.50,2026-07-03,3601.50,
A-10469,Inactive,CA,Urban Nest Store #6813,248361.28,2022-08-11,Net 30,93721,0.3000,,Elena Ruiz,"1024 Harbor Dr, Fresno",0.4266,Big Box Store,0.00,2023-11-02,372702.43,0.4298
A-10915,Active,NE,Urban Nest Store #7324,0.00,2026-02-25,Net 30,68102,0.2000,,Carla Mendes,"3030 Industrial Way, Omaha",,Big Box Store,0.00,2026-07-22,0.00,
A-10167,Active,NH,Urban Nest Store #7351,236283.97,2022-04-08,Net 30,03101,0.2500,0.4372,Natalie Price,"1257 Meadow Rd, Manchester",0.4329,Big Box Store,278456.13,2025-07-25,826310.75,0.4381
A-10551,Active,MA,Urban Nest Store #7426,278937.38,2023-11-05,Net 30,02108,0.2500,0.4592,Jordan Kim,"3614 Pine St, Boston",0.4367,Big Box Store,21809.79,2026-07-31,501171.84,0.4455
A-10257,Active,MO,Urban Nest Store #7850,232633.32,2021-11-18,Net 30,64106,0.2000,,Carla Mendes,"4133 Harbor Blvd, Kansas City",0.4480,Big Box Store,0.00,2026-03-12,503387.98,0.4224
A-10028,Active,LA,Urban Nest Store #8635,166048.82,2025-07-27,Net 30,70112,0.2500,0.4676,Natalie Price,"1444 Commerce St, New Orleans",0.4678,Big Box Store,28480.48,2025-09-28,194529.30,0.4679
A-11150,Active,TX,Urban Nest Store #8780,46799.18,2022-06-20,Net 30,78205,0.3000,,Jordan Kim,"858 Valley St, San Antonio",0.4254,Big Box Store,0.00,2026-05-15,209671.18,0.4214
A-10964,Active,FL,Urban Nest Store #9394,0.00,2021-10-10,Net 30,33602,0.2500,,Luis Romero,"1354 Broadway Ln, Tampa",0.4333,Big Box Store,0.00,2025-05-11,309136.90,
A-10436,Active,NE,Urban Nest Store #9557,0.00,2025-09-07,Net 30,68102,0.1500,0.4833,Jordan Kim,"385 Main Ln, Omaha",0.4833,Big Box Store,48932.85,2026-02-01,48932.85,
A-10709,Active,MN,Urban Nest Store #9731,27177.12,2024-09-08,100% Prepay,55401,0.2500,0.4214,Jordan Kim,"5356 Valley Rd, Minneapolis",0.4220,Big Box Store,95807.52,2025-12-19,161357.87,0.4457
A-11159,Active,IL,WestBridge Home Store #1151,175686.26,2021-11-14,Net 30,60601,0.2000,0.4290,Carla Mendes,"5190 Sunset Ln, Chicago",0.4303,Big Box Store,330788.44,2025-06-16,565937.32,0.4334
A-10974,Active,NV,WestBridge Home Store #1447,504663.34,2023-12-02,50/50,89101,0.1500,0.4520,Priya Nair,"6376 Industrial Pkwy, Las Vegas",0.4588,Big Box Store,106846.21,2026-01-16,623414.19,0.4592
A-10890,Active,SC,WestBridge Home Store #1852,88461.36,2023-07-18,Net 30,29201,0.1000,,Marcus Chen,"6017 Sunset Way, Columbia",0.4573,Big Box Store,0.00,2025-10-15,121525.34,0.4628
A-10632,Active,TX,WestBridge Home Store #2191,265939.43,2021-10-19,Net 30,77002,0.2000,0.4479,Priya Nair,"4867 Sunset Way, Houston",0.4431,Big Box Store,296947.53,2026-04-20,912605.17,0.4381
A-10152,Active,OH,WestBridge Home Store #2376,0.00,2026-06-15,Net 30,43215,0.2500,,Luis Romero,"1364 Lakeview Pkwy, Columbus",,Big Box Store,0.00,2026-08-03,0.00,
A-10806,Active,WV,WestBridge Home Store #3165,0.00,2021-12-18,Net 30,25301,0.3000,0.4376,Owen Brooks,"2270 Valley St, Charleston",0.4212,Big Box Store,40961.90,2025-02-03,429140.20,
A-10336,Active,VT,WestBridge Home Store #3749,49293.66,2025-07-31,Net 30,05401,0.2000,0.4432,Devon Hale,"6338 Washington Ln, Burlington",0.4424,Big Box Store,667712.50,2026-02-15,717006.16,0.4303
A-11137,Inactive,NY,WestBridge Home Store #3781,0.00,2023-10-29,50/50,12207,0.3000,0.4206,Priya Nair,"5522 Maple St, Albany",0.4204,Big Box Store,70421.40,2023-11-02,97916.81,
A-11001,Active,NY,WestBridge Home Store #3875,0.00,2026-04-04,Net 30,10001,0.2000,,Owen Brooks,"2329 Park Dr, New York",,Big Box Store,0.00,2026-07-08,0.00,
A-10954,Active,MN,WestBridge Home Store #4529,65906.83,2021-09-19,Net 30,55401,0.1500,0.4169,Owen Brooks,"281 Park Ave, Minneapolis",0.4366,Big Box Store,171880.67,2025-07-06,755227.60,0.4219
A-11098,Active,FL,WestBridge Home Store #4582,0.00,2025-12-21,Net 30,32801,0.2500,,Owen Brooks,"8496 Washington St, Orlando",,Big Box Store,0.00,2026-07-31,0.00,
A-10354,Active,PA,WestBridge Home Store #4634,260504.19,2023-10-07,Net 30,19102,0.1000,0.4383,Marcus Chen,"8562 Broadway Blvd, Philadelphia",0.4284,Big Box Store,41373.36,2026-05-25,413096.31,0.4287
A-11144,Active,NC,WestBridge Home Store #4647,48049.50,2025-06-06,Net 30,28202,0.2500,0.4180,Jordan Kim,"6387 Market St, Charlotte",0.4170,Big Box Store,96440.52,2025-12-02,144490.02,0.4148
A-10419,Active,DE,WestBridge Home Store #5030,55536.94,2021-11-20,Net 30,19801,0.2000,,Priya Nair,"2547 Cedar Dr, Wilmington",0.4555,Big Box Store,0.00,2025-03-02,955155.30,0.4316
A-11000,Active,CA,WestBridge Home Store #5093,0.00,2022-04-16,Net 30,93721,0.2000,0.4228,Luis Romero,"6243 Sunset Rd, Fresno",0.4348,Big Box Store,104307.96,2025-01-02,359098.42,
A-10981,Active,IL,WestBridge Home Store #5310,0.00,2025-09-09,Net 30,60601,0.2500,0.4414,Priya Nair,"2904 Market Ave, Chicago",0.4414,Big Box Store,325169.54,2026-03-24,325169.54,
A-11128,Active,AZ,WestBridge Home Store #5330,40424.01,2023-08-27,Net 30,85701,0.2000,0.4522,Jordan Kim,"4108 Lakeview Ave, Tucson",0.4467,Big Box Store,114554.14,2025-04-05,247921.32,0.4250
A-10639,Active,AZ,WestBridge Home Store #5864,0.00,2025-08-15,Net 30,85701,0.2000,,Elena Ruiz,"2627 Washington Way, Tucson",,Big Box Store,0.00,2026-07-08,0.00,
A-10834,Inactive,KY,WestBridge Home Store #5987,146234.05,2022-07-19,Net 30,40202,0.3000,,Marcus Chen,"8210 Main Pkwy, Louisville",0.4242,Big Box Store,0.00,2022-12-23,209106.93,0.4241
A-10423,Active,WI,WestBridge Home Store #6125,0.00,2022-05-09,50/50,53202,0.1000,0.4323,Luis Romero,"877 Industrial Way, Milwaukee",0.4599,Big Box Store,109791.09,2025-12-09,418235.22,
A-10294,Active,SD,WestBridge Home Store #6487,71077.94,2023-10-05,Net 30,57104,0.2500,0.4232,Natalie Price,"6360 Lakeview Dr, Sioux Falls",0.4391,Big Box Store,108760.65,2026-07-24,439267.16,0.4691
A-10622,Active,UT,WestBridge Home Store #6901,85488.66,2025-06-20,Net 30,84101,0.2000,0.4424,Owen Brooks,"1136 Oak Dr, Salt Lake City",0.4366,Big Box Store,285414.43,2025-11-03,370903.09,0.4172
A-11247,Active,NY,WestBridge Home Store #7408,0.00,2026-03-27,Net 30,12207,0.2500,,Natalie Price,"5090 Sunset Way, Albany",,Big Box Store,0.00,2026-07-19,0.00,
A-11138,Active,CA,WestBridge Home Store #8078,96257.38,2023-04-28,Net 30,93721,0.3000,0.4140,Jordan Kim,"8048 Park Ave, Fresno",0.4213,Big Box Store,240274.47,2025-10-04,645667.89,0.4192
A-10813,Active,MD,WestBridge Home Store #8879,0.00,2021-12-13,50/50,21201,0.2500,0.4349,Priya Nair,"8477 Main Ln, Baltimore",0.4436,Big Box Store,137851.20,2025-09-04,426019.21,
A-10844,Inactive,ME,WestBridge Home Store #8892,74934.30,2021-12-18,Net 30,04101,0.2000,0.4399,Carla Mendes,"8947 Harbor Ln, Portland",0.4421,Big Box Store,349643.73,2022-10-09,531167.34,0.4163
A-11183,Active,HI,WestBridge Home Store #9076,0.00,2025-09-24,100% Prepay,96813,0.2500,0.4541,Elena Ruiz,"5032 Broadway Dr, Honolulu",0.4541,Big Box Store,34171.40,2026-03-03,34171.40,
A-10382,Active,WA,WestBridge Home Store #9282,45056.54,2024-12-19,Net 30,99201,0.2000,0.4291,Priya Nair,"8523 Main Way, Spokane",0.4287,Big Box Store,138823.17,2025-07-27,183879.71,0.4277
A-10363,Active,UT,WestBridge Home Store #9620,0.00,2025-10-15,Net 30,84101,0.2500,0.4606,Jordan Kim,"2596 Commerce Ave, Salt Lake City",0.4606,Big Box Store,31906.50,2025-12-27,31906.50,
A-10537,Active,NV,WestBridge Home Store #9705,0.00,2023-02-02,Net 30,89101,0.3000,,Carla Mendes,"3944 Hill Ave, Las Vegas",0.4229,Big Box Store,0.00,2026-01-21,326763.79,
A-11177,Active,CA,Westlake Church Supply,38895.46,2025-07-20,Net 30,95814,0.1000,0.5501,Natalie Price,"5526 River Rd, Sacramento",0.5014,Direct Business,3961.08,2026-05-03,42856.54,0.4965
A-11055,Active,UT,Westlake Commercial Interiors,11742.50,2022-09-09,50/50,84101,0.0500,0.4555,Elena Ruiz,"8753 Cedar Rd, Salt Lake City",0.5046,Direct Business,26222.25,2026-04-02,78049.57,0.5033
A-10158,Active,AL,Westlake Community Center,57328.56,2021-10-16,50/50,35203,0,0.5020,Jordan Kim,"1625 Hill Blvd, Birmingham",0.5068,Direct Business,75478.75,2026-04-29,207206.22,0.5273
A-10447,Active,CA,Westlake Event Group,186914.50,2022-03-24,50/50,95113,0.1000,0.4777,Priya Nair,"2912 Market Ave, San Jose",0.4885,Direct Business,185554.85,2025-12-07,525335.40,0.5012
A-10286,Active,PA,Westlake Event Services,0.00,2025-08-20,50/50,15222,0,,Priya Nair,"7755 Market Pkwy, Pittsburgh",,Direct Business,0.00,2025-10-01,0.00,
A-10232,Active,WV,Westlake Facility Services,9312.76,2025-01-09,100% Prepay,25301,0.1500,,Marcus Chen,"6478 Meadow Ln, Charleston",0.5005,Direct Business,0.00,2025-12-15,9312.76,0.5005
A-10674,Active,CA,Westlake Meeting Solutions,271044.36,2024-03-27,Net 30,92101,0.1000,,Owen Brooks,"7514 Maple Ln, San Diego",0.4854,Direct Business,0.00,2025-11-03,395992.97,0.4928
A-10236,Active,ME,Westlake Operations,142232.43,2023-04-06,Net 30,04101,0.1500,,Jordan Kim,"1305 Cedar Ln, Portland",0.4986,Direct Business,0.00,2026-06-17,207610.66,0.4937
A-10803,Active,WA,Westlake Property Group,0.00,2025-12-14,50/50,98101,0,,Jordan Kim,"5207 Market Ln, Seattle",,Direct Business,0.00,2026-06-24,0.00,
A-10489,Active,FL,Westlake Purchasing Group,250081.72,2021-12-01,50/50,32801,0,,Elena Ruiz,"8694 Lincoln St, Orlando",0.4724,Direct Business,0.00,2026-08-24,688858.19,0.4675
A-10202,Active,AR,Westlake School Supply,135462.15,2021-11-25,100% Prepay,72201,0.1000,0.4571,Marcus Chen,"2758 Harbor Dr, Little Rock",0.4975,Direct Business,112024.53,2025-10-01,517881.85,0.5003
A-10620,Active,WA,Westlake Training Center,0.00,2024-02-17,50/50,98201,0.1500,0.5237,Carla Mendes,"1380 Lincoln Pkwy, Everett",0.5237,Direct Business,22821.71,2025-12-01,23303.17,
A-10800,Active,CA,Willow Creek Business Furnishings,0.00,2022-12-21,50/50,92101,0,,Marcus Chen,"632 Commerce St, San Diego",0.4957,Direct Business,0.00,2025-04-26,203509.18,
A-10597,Active,KS,Willow Creek Campus Services,0.00,2025-11-21,100% Prepay,67202,0.1000,,Elena Ruiz,"1270 Lakeview Blvd, Wichita",,Direct Business,0.00,2026-05-02,0.00,
A-10371,Active,AZ,Willow Creek Church Supply,0.00,2021-11-14,100% Prepay,85004,0,,Priya Nair,"1637 Industrial Way, Phoenix",0.4686,Direct Business,0.00,2025-12-05,289930.58,
A-10176,Active,FL,Willow Creek Commercial Interiors,85372.39,2022-08-18,50/50,32801,0.1000,0.4904,Elena Ruiz,"6016 Center St, Orlando",0.4944,Direct Business,46399.55,2025-10-21,427241.56,0.4581
A-10488,Active,SD,Willow Creek Community Center,0.00,2024-07-13,Net 30,57104,0,,Marcus Chen,"3273 River Rd, Sioux Falls",,Direct Business,0.00,2026-07-08,0.00,
A-11003,Active,FL,Willow Creek Conference Services,43567.64,2021-12-27,50/50,32801,0,0.4679,Luis Romero,"2587 Market Ave, Orlando",0.4900,Direct Business,158790.19,2026-06-25,339748.19,0.5195
A-10977,Active,MO,Willow Creek Event Services,67161.10,2024-12-10,100% Prepay,64106,0.1500,0.5391,Elena Ruiz,"6971 Market Ave, Kansas City",0.4786,Direct Business,3519.83,2026-01-25,70680.93,0.4754
A-11224,Active,CA,Willow Creek Facility Services,11102.00,2021-11-26,50/50,93721,0.1500,0.5006,Jordan Kim,"2759 Meadow Blvd, Fresno",0.5091,Direct Business,149968.57,2025-05-04,232156.88,0.5054
A-11027,Active,CO,Willow Creek Hospitality Group,16307.32,2023-02-22,50/50,80202,0.1000,0.4678,Natalie Price,"480 Sunset Way, Denver",0.4999,Direct Business,58545.00,2026-02-26,145540.72,0.4875
A-10254,Active,OR,Willow Creek Meeting Solutions,0.00,2026-06-12,Net 30,97205,0,,Owen Brooks,"3428 Valley Dr, Portland",,Direct Business,0.00,2026-09-14,0.00,
A-10670,Inactive,MS,Willow Creek Office Supply,52111.76,2023-06-25,Net 30,39201,0.1000,,Priya Nair,"6393 Industrial Way, Jackson",0.4895,Direct Business,0.00,2024-03-21,154686.68,0.4888
A-10182,Active,CA,Willow Creek Procurement,228992.90,2021-12-15,Net 30,95814,0.0500,,Jordan Kim,"2840 Main Blvd, Sacramento",0.4934,Direct Business,0.00,2025-04-25,491319.92,0.4984
A-11089,Inactive,GA,Willow Creek Property Group,0.00,2022-06-03,Net 30,30303,0.1000,,Luis Romero,"5724 Commerce Ave, Atlanta",0.5007,Direct Business,0.00,2023-10-09,13298.17,
A-10210,Active,CT,Willow Creek Training Center,17946.44,2022-11-17,Net 30,06103,0.1500,0.5009,Marcus Chen,"7555 Hill Blvd, Hartford",0.5101,Direct Business,134135.92,2026-08-10,294474.34,0.5298
A-11119,Active,AR,Willow Creek Venue Services,0.00,2025-06-21,100% Prepay,72201,0.1500,0.4724,Luis Romero,"1151 Industrial St, Little Rock",0.4724,Direct Business,100672.86,2025-10-16,100672.86,
