Return Status,Order Number,Product Code,Create Date,Account Name,Qty,RMA Number,Refund,Sales Rep,Line Number,Opened / Used,Purchase Order,Notes,Received Date,Return Reason,Account ID,Model,Disposition,Proof of Purchase,Refund Date,Approved Date
Closed,264850,FOLD-XL-CUSH,2026-08-04,MetroHouse Store #5943,6,RMA-700201,910.62,Natalie Price,4,Yes,MET-91047,end users requested different size/fit,2026-08-10,Comfort / Fit Issue,A-10549,Extra Large Cushioned Folding Chair,Restock,Verified,2026-08-11,2026-08-04
Approved,261116,OFF-STD-OTT-GRY,2026-09-14,Oak & Pine Workplace Group,11,RMA-700407,6066.28,Natalie Price,1,No,261116,see case notes from account service,,Other,A-10690,Standard Office Chair + Ottoman,,Verified,,2026-09-14
Approved,261636,PART-YARD-HDW,2026-09-14,Granite Education Services,6,RMA-700638,127.50,Jordan Kim,3,No,PO-60095,account says pallet included wrong model/color,,Wrong Product Shipped,A-10711,Yard Chair Hardware Kit,,Verified,,2026-09-14
Approved,269360,FOLD-CUSH,2026-09-14,Hearthside Market Store #6110,4,RMA-700829,420.31,Carla Mendes,2,No,HEA-96795,unit did not function correctly out of box,,Arrived Defective,A-10188,Metal Folding Chair with Cushion,,Verified,,2026-09-14
Approved,268881,GAME-LG-OTT-RED,2026-09-13,Summit Ridge Property Group,6,RMA-700054,6879.90,Carla Mendes,1,Yes,PO-48574,account project changed after delivery,,Changed Mind / No Longer Needed,A-10351,Large Gaming Chair + Ottoman,,Verified,,2026-09-14
Open,260746,GAME-LG-RED,2026-09-13,Oak & Pine Conference Services,7,RMA-700098,0.00,Owen Brooks,3,No,PO-50695,account confirmed wrong model was ordered,,Account Ordered Wrong Product,A-10756,Large Gaming Chair,,Verified,,
Approved,266106,YARD-HD-BLK,2026-09-13,GreenLine Living Store #7061,2,RMA-700207,124.60,Owen Brooks,2,No,GRE-99475,end users requested different size/fit,,Comfort / Fit Issue,A-10897,Heavy Duty Yard Chair,,Verified,,2026-09-14
Open,267959,GAME-LG-OTT-BLU,2026-09-13,Riverstone Home Store #3386,10,RMA-700242,0.00,Priya Nair,1,Yes,RIV-22455,account says chair does not fit intended users,,Comfort / Fit Issue,A-10343,Large Gaming Chair + Ottoman,,Verified,,
Approved,260155,FOLD-XL-CUSH,2026-09-13,Fairview Purchasing Group,5,RMA-700439,1000.36,Carla Mendes,1,Yes,PO-28599,appearance did not match room plan,,Color / Appearance,A-10833,Extra Large Cushioned Folding Chair,,Verified,,2026-09-14
Approved,267959,GAME-STD-RED,2026-09-13,Riverstone Home Store #3386,3,RMA-700608,1887.90,Priya Nair,2,Yes,RIV-22455,account says pallet included wrong model/color,,Wrong Product Shipped,A-10343,Gaming Chair,,Verified,,2026-09-14
Approved,260499,YARD-HD-BLK,2026-09-13,GreenLine Living Store #0263,4,RMA-700712,267.00,Carla Mendes,3,No,GRE-54830,extra quantity not needed after final headcount,,Account Ordered Too Many,A-11018,Heavy Duty Yard Chair,,Verified,,2026-09-13
Open,261872,GAME-STD-OTT-BLU,2026-09-12,Cornerstone Home Store #5721,5,RMA-700076,0.00,Priya Nair,5,No,COR-68712,purchasing selected wrong chair configuration,,Account Ordered Wrong Product,A-10494,Gaming Chair + Ottoman,,Verified,,
Open,265502,YARD-STD-BLK,2026-09-12,Urban Nest Store #9557,3,RMA-700555,0.00,Jordan Kim,3,Yes,URB-25753,account project changed after delivery,,Changed Mind / No Longer Needed,A-10436,Standard Yard Chair,,Verified,,
Open,268749,YARD-STD-NVY,2026-09-12,BluePeak Home Store #3042,2,RMA-700783,0.00,Carla Mendes,3,No,BLU-59019,account says chair does not fit intended users,,Comfort / Fit Issue,A-10509,Standard Yard Chair,,Verified,,
Open,266750,GAME-LG-OTT-BLU,2026-09-11,Pacific Home Store #5288,2,RMA-700154,0.00,Jordan Kim,2,No,PAC-29561,warehouse shipment did not match order line,,Wrong Product Shipped,A-10040,Large Gaming Chair + Ottoman,,Verified,,
Approved,264639,FOLD-XL-CUSH,2026-09-11,Riverstone Home Store #8843,1,RMA-700417,174.68,Carla Mendes,1,Yes,RIV-39107,assembly kit incomplete,,Missing Parts / Hardware,A-10556,Extra Large Cushioned Folding Chair,,Verified,,2026-09-12
Open,261958,FOLD-MET-STD,2026-09-11,Urban Nest Store #1272,1,RMA-700548,0.00,Marcus Chen,4,Yes,URB-89901,end users requested different size/fit,,Comfort / Fit Issue,A-10979,Basic Metal Folding Chair,,Verified,,
Approved,268248,OFF-LG-BLK,2026-09-10,Willow Creek Venue Services,5,RMA-700012,2841.16,Luis Romero,5,No,PO-90068,appearance did not match room plan,,Color / Appearance,A-11119,Large Office Chair,,Verified,,2026-09-13
Open,263042,YARD-STD-NVY,2026-09-10,WestBridge Home Store #8892,10,RMA-700019,0.00,Carla Mendes,1,Yes,WES-78674,return approved after manager review,,Other,A-10844,Standard Yard Chair,,Verified,,
Open,267298,GAME-STD-BLU,2026-09-10,Summit Home Store #1773,3,RMA-700086,0.00,Owen Brooks,2,Yes,SUM-66111,items no longer needed after event was cancelled,,Changed Mind / No Longer Needed,A-10991,Gaming Chair,,Verified,,
Open,267259,GAME-LG-OTT-RED,2026-09-10,MetroHouse Store #0001,6,RMA-700486,0.00,Owen Brooks,1,Yes,MET-41282,hardware missing from cartons,,Missing Parts / Hardware,A-10547,Large Gaming Chair + Ottoman,,Verified,,
Open,269084,GAME-LG-OTT-RED,2026-09-10,Evergreen Event Services,2,RMA-700731,0.00,Carla Mendes,2,No,PO-35188,unit did not function correctly out of box,,Arrived Defective,A-10986,Large Gaming Chair + Ottoman,,Verified,,
Approved,265576,FOLD-CUSH,2026-09-09,Summit Home Store #3384,8,RMA-700113,778.40,Carla Mendes,2,Yes,SUM-66124,cartons show transit damage,,Damaged in Transit,A-10950,Metal Folding Chair with Cushion,,Verified,,2026-09-12
Open,261073,OFF-LG-GRY,2026-09-09,Summit Ridge Workplace Group,12,RMA-700396,0.00,Owen Brooks,3,Yes,PO-59752,account project changed after delivery,,Changed Mind / No Longer Needed,A-10850,Large Office Chair,,Verified,,
Approved,268618,YARD-STD-GRN,2026-09-07,Hearthside Market Store #1309,2,RMA-700356,73.50,Jordan Kim,2,No,HEA-26714,unit did not function correctly out of box,,Arrived Defective,A-10592,Standard Yard Chair,,Verified,,2026-09-09
Open,262432,GAME-LG-OTT-RED,2026-09-07,Hillcrest Office Interiors,2,RMA-700644,0.00,Jordan Kim,1,No,262432,warehouse shipment did not match order line,,Wrong Product Shipped,A-10726,Large Gaming Chair + Ottoman,,Verified,,
Open,263428,YARD-HD-GRN,2026-09-06,WestBridge Home Store #8892,6,RMA-700131,0.00,Carla Mendes,1,No,WES-66220,items no longer needed after event was cancelled,,Changed Mind / No Longer Needed,A-10844,Heavy Duty Yard Chair,,Verified,,
Open,267335,FOLD-XL-CUSH,2026-09-05,NorthMart Store #3262,6,RMA-700416,0.00,Priya Nair,1,Yes,NOR-41802,issue found during unpacking/assembly,,Arrived Defective,A-10816,Extra Large Cushioned Folding Chair,,Verified,,
Open,261741,YARD-STD-NVY,2026-09-05,Hearthside Market Store #0387,2,RMA-700473,0.00,Natalie Price,1,Yes,HEA-35745,unit did not function correctly out of box,,Arrived Defective,A-11146,Standard Yard Chair,,Verified,,
Approved,263143,YARD-STD-NVY,2026-09-05,Westlake Commercial Interiors,5,RMA-700660,197.59,Owen Brooks,2,Yes,PO-10479,issue found during unpacking/assembly,,Arrived Defective,A-11055,Standard Yard Chair,,Verified,,2026-09-09
Closed,268439,GAME-STD-OTT-BLU,2026-09-03,NorthMart Store #2400,6,RMA-700032,4615.80,Luis Romero,3,No,NOR-27549,issue found during unpacking/assembly,2026-09-10,Arrived Defective,A-10862,Gaming Chair + Ottoman,Rework,Verified,2026-09-11,2026-09-03
Closed,269888,GAME-STD-OTT-BLU,2026-09-02,Ethan Brooks,2,RMA-700354,2356.04,Devon Hale,1,No,269888,items no longer needed after event was cancelled,2026-09-14,Changed Mind / No Longer Needed,A-10723,Gaming Chair + Ottoman,Restock,Verified,2026-09-14,2026-09-05
Closed,266938,OFF-STD-OTT-GRY,2026-09-02,Oak & Pine Facilities,1,RMA-700657,551.65,Natalie Price,1,No,PO-29151,extra quantity not needed after final headcount,2026-09-14,Account Ordered Too Many,A-10438,Standard Office Chair + Ottoman,Restock,Verified,2026-09-14,2026-09-03
Closed,261131,YARD-HD-BLK,2026-09-01,Urban Nest Store #0818,4,RMA-700772,267.00,Priya Nair,3,Yes,URB-63367,cartons show transit damage,2026-09-11,Damaged in Transit,A-10230,Heavy Duty Yard Chair,Restock,Verified,2026-09-14,2026-09-04
Approved,261958,YARD-HD-GRN,2026-08-29,Urban Nest Store #1272,5,RMA-700024,311.50,Marcus Chen,3,Yes,URB-89901,cartons show transit damage,,Damaged in Transit,A-10979,Heavy Duty Yard Chair,,Verified,,2026-09-01
Approved,262116,GAME-STD-BLU,2026-08-28,Mason Ridge Campus Services,6,RMA-700412,5210.12,Priya Nair,2,Yes,PO-14443,account received duplicate quantity,,Duplicate Order / Shipment,A-10827,Gaming Chair,,Verified,,2026-09-01
Closed,269756,FOLD-CUSH,2026-08-28,Evergreen Operations,4,RMA-700562,444.80,Owen Brooks,2,No,269756,appearance did not match room plan,2026-09-05,Color / Appearance,A-10473,Metal Folding Chair with Cushion,Restock,Verified,2026-09-09,2026-08-29
Received,268089,FOLD-XL-CUSH,2026-08-28,Summit Home Store #7716,4,RMA-700695,650.44,Jordan Kim,1,Yes,SUM-93574,account says pallet included wrong model/color,2026-09-12,Wrong Product Shipped,A-10458,Extra Large Cushioned Folding Chair,Restock,Verified,,2026-09-01
Approved,264825,FOLD-MET-STD,2026-08-27,Oak & Pine Church Supply,3,RMA-700421,246.21,Elena Ruiz,3,No,PO-75426,hardware missing from cartons,,Missing Parts / Hardware,A-10099,Basic Metal Folding Chair,,Verified,,2026-08-28
Approved,269297,GAME-LG-BLU,2026-08-26,Heritage Hospitality Group,4,RMA-700301,3297.00,Carla Mendes,2,No,269297,duplicate shipment confirmed by account,,Duplicate Order / Shipment,A-10842,Large Gaming Chair,,Verified,,2026-08-27
Closed,262193,FOLD-CUSH,2026-08-25,Summit Home Store #5693,5,RMA-700552,481.65,Natalie Price,3,Yes,SUM-33384,account project changed after delivery,2026-09-02,Changed Mind / No Longer Needed,A-10025,Metal Folding Chair with Cushion,Restock,Verified,2026-09-02,2026-08-29
Received,263631,GAME-LG-RED,2026-08-24,Clearwater Purchasing Group,3,RMA-700281,2774.43,Natalie Price,3,No,PO-83433,finish/color not preferred after delivery,2026-08-28,Color / Appearance,A-10927,Large Gaming Chair,Scrap,Verified,,2026-08-25
Closed,266006,YARD-HD-BLK,2026-08-24,Cornerstone Home Store #5278,3,RMA-700673,200.25,Owen Brooks,1,No,COR-52678,account says pallet included wrong model/color,2026-08-31,Wrong Product Shipped,A-10793,Heavy Duty Yard Chair,Scrap,Verified,2026-09-05,2026-08-27
Closed,261562,FOLD-CUSH,2026-08-23,NorthMart Store #3782,1,RMA-700563,104.25,Natalie Price,1,Yes,NOR-20759,issue found during unpacking/assembly,2026-09-06,Arrived Defective,A-10870,Metal Folding Chair with Cushion,Scrap,Verified,2026-09-09,2026-08-26
Closed,264826,GAME-STD-OTT-BLU,2026-08-23,Canyon Meeting Solutions,2,RMA-700569,2097.60,Elena Ruiz,2,No,PO-90183,extra quantity not needed after final headcount,2026-08-29,Account Ordered Too Many,A-10529,Gaming Chair + Ottoman,Restock,Verified,2026-09-02,2026-08-24
Closed,266664,GAME-LG-OTT-RED,2026-08-19,Mason Ridge Hospitality Group,8,RMA-700394,8582.98,Owen Brooks,3,Yes,266664,appearance did not match room plan,2026-08-31,Color / Appearance,A-10840,Large Gaming Chair + Ottoman,Restock,Verified,2026-09-02,2026-08-23
Closed,269274,PART-YARD-LEG,2026-08-17,Fox Hollow Facilities,1,RMA-700405,26.10,Natalie Price,3,Yes,PO-70318,cartons show transit damage,2026-08-29,Damaged in Transit,A-10873,Yard Chair Replacement Leg,Scrap,Verified,2026-09-02,2026-08-18
Closed,264759,OFF-LG-OTT-BLK,2026-08-17,Cascade Office Supply,5,RMA-700621,3552.41,Carla Mendes,4,Yes,264759,finish/color not preferred after delivery,2026-08-23,Color / Appearance,A-11148,Large Office Chair + Ottoman,Restock,Verified,2026-08-27,2026-08-18
Closed,269027,YARD-HD-GRN,2026-08-16,MetroHouse Store #5394,2,RMA-700669,132.16,Priya Nair,2,No,MET-32664,assembly kit incomplete,2026-08-24,Missing Parts / Hardware,A-11195,Heavy Duty Yard Chair,Restock,Verified,2026-08-25,2026-08-17
Closed,258063,FOLD-XL-CUSH,2026-08-14,HomeHarbor Store #4118,5,RMA-700064,758.85,Owen Brooks,1,No,HOM-37967,finish/color not preferred after delivery,2026-08-22,Color / Appearance,A-10932,Extra Large Cushioned Folding Chair,Restock,Verified,2026-08-27,2026-08-18
Closed,265751,GAME-STD-OTT-BLU,2026-08-14,Riverstone Home Store #4590,6,RMA-700330,4569.66,Jordan Kim,2,No,RIV-11905,assembly kit incomplete,2026-08-23,Missing Parts / Hardware,A-10582,Gaming Chair + Ottoman,Restock,Verified,2026-08-27,2026-08-15
Closed,264651,GAME-LG-RED,2026-08-12,Miles Nguyen,1,RMA-700162,1156.64,Priya Nair,1,Yes,264651,warehouse shipment did not match order line,2026-08-21,Wrong Product Shipped,A-11013,Large Gaming Chair,Rework,Verified,2026-08-22,2026-08-15
Closed,265955,OFF-STD-OTT-GRY,2026-08-10,Atlas Home Goods Store #2633,2,RMA-700151,899.52,Natalie Price,1,Yes,ATL-38279,items no longer needed after event was cancelled,2026-08-23,Changed Mind / No Longer Needed,A-10037,Standard Office Chair + Ottoman,Scrap,Verified,2026-08-28,2026-08-11
Closed,262852,FOLD-XL-CUSH,2026-08-09,Silver Lake Operations,2,RMA-700037,399.77,Owen Brooks,1,No,262852,hardware missing from cartons,2026-08-22,Missing Parts / Hardware,A-10919,Extra Large Cushioned Folding Chair,Restock,Verified,2026-08-22,2026-08-12
Closed,267604,YARD-HD-GRN,2026-08-08,Cornerstone Home Store #1014,7,RMA-700238,431.76,Owen Brooks,1,Yes,COR-15655,account project changed after delivery,2026-08-21,Changed Mind / No Longer Needed,A-10603,Heavy Duty Yard Chair,Restock,Verified,2026-08-21,2026-08-10
Closed,266597,YARD-HD-WHT,2026-08-08,Hearthside Market Store #7963,5,RMA-700317,308.40,Marcus Chen,3,Yes,HEA-88899,account project changed after delivery,2026-08-22,Changed Mind / No Longer Needed,A-10404,Heavy Duty Yard Chair,Restock,Verified,2026-08-23,2026-08-11
Closed,260926,FOLD-MET-STD,2026-08-08,Lakeside Commercial Interiors,5,RMA-700483,352.45,Natalie Price,1,Yes,260926,end users requested different size/fit,2026-08-15,Comfort / Fit Issue,A-10694,Basic Metal Folding Chair,Restock,Verified,2026-08-17,2026-08-11
Closed,264428,GAME-STD-OTT-BLU,2026-08-05,Stonebridge Business Furnishings,1,RMA-700452,870.41,Natalie Price,1,No,PO-94579,appearance did not match room plan,2026-08-10,Color / Appearance,A-10036,Gaming Chair + Ottoman,Scrap,Verified,2026-08-14,2026-08-05
Closed,261896,GAME-LG-BLU,2026-08-04,Highland Community Center,1,RMA-700240,979.21,Owen Brooks,1,No,261896,warehouse shipment did not match order line,2026-08-10,Wrong Product Shipped,A-10093,Large Gaming Chair,Restock,Verified,2026-08-10,2026-08-05
Closed,259395,FOLD-MET-STD,2026-08-03,Cascade Facilities,3,RMA-700034,225.02,Carla Mendes,3,No,PO-65106,several units damaged on arrival,2026-08-16,Damaged in Transit,A-11125,Basic Metal Folding Chair,Scrap,Verified,2026-08-21,2026-08-06
Closed,255411,YARD-STD-BLK,2026-08-03,WestBridge Home Store #6125,7,RMA-700190,254.66,Luis Romero,1,Yes,WES-19738,account project changed after delivery,2026-08-16,Changed Mind / No Longer Needed,A-10423,Standard Yard Chair,Scrap,Verified,2026-08-18,2026-08-07
Closed,262880,FOLD-CUSH,2026-08-03,Cascade Workspace Solutions,2,RMA-700197,227.58,Owen Brooks,4,Yes,262880,end users requested different size/fit,2026-08-15,Comfort / Fit Issue,A-10543,Metal Folding Chair with Cushion,Restock,Verified,2026-08-18,2026-08-04
Closed,263886,PART-YARD-LEG,2026-08-03,Miles Morales,2,RMA-700249,62.17,Devon Hale,1,No,263886,purchasing selected wrong chair configuration,2026-08-15,Account Ordered Wrong Product,A-10705,Yard Chair Replacement Leg,Restock,Verified,2026-08-18,2026-08-05
Closed,263495,OFF-LG-OTT-BLK,2026-08-02,Westlake Event Group,3,RMA-700449,2125.38,Priya Nair,2,No,263495,end users requested different size/fit,2026-08-12,Comfort / Fit Issue,A-10447,Large Office Chair + Ottoman,Restock,Verified,2026-08-13,2026-08-05
Closed,262904,PART-OFF-HDW,2026-08-01,Granite Corporate Services,9,RMA-700363,245.43,Marcus Chen,2,No,PO-22859,unit did not function correctly out of box,2026-08-11,Arrived Defective,A-11220,Office Chair Hardware Kit,Scrap,Verified,2026-08-11,2026-08-01
Closed,267010,OFF-LG-OTT-BLK,2026-07-31,Pacific Home Store #4628,3,RMA-700388,1827.45,Elena Ruiz,1,Yes,PAC-36995,unit did not function correctly out of box,2026-08-11,Arrived Defective,A-10345,Large Office Chair + Ottoman,Rework,Verified,2026-08-12,2026-08-03
Closed,264354,OFF-STD-OTT-GRY,2026-07-28,Lena Santos,2,RMA-700834,1285.02,Devon Hale,1,Yes,BLANKET-3631,account received duplicate quantity,2026-08-07,Duplicate Order / Shipment,A-10163,Standard Office Chair + Ottoman,Rework,Verified,2026-08-08,2026-07-30
Closed,267383,OFF-LG-OTT-GRY,2026-07-27,Cascade Office Supply,4,RMA-700263,3027.77,Carla Mendes,1,Yes,PO-39555,duplicate shipment confirmed by account,2026-08-06,Duplicate Order / Shipment,A-11148,Large Office Chair + Ottoman,Restock,Verified,2026-08-11,2026-07-27
Closed,258063,FOLD-MET-STD,2026-07-25,HomeHarbor Store #4118,3,RMA-700617,185.04,Owen Brooks,2,Yes,HOM-37967,account overordered for site rollout,2026-08-01,Account Ordered Too Many,A-10932,Basic Metal Folding Chair,Restock,Verified,2026-08-04,2026-07-25
Closed,265556,PART-OFF-ARM,2026-07-25,Elmwood Training Center,3,RMA-700670,227.97,Carla Mendes,1,Yes,PO-26034,account project changed after delivery,2026-08-05,Changed Mind / No Longer Needed,A-11130,Office Chair Armrest Set,Restock,Verified,2026-08-10,2026-07-28
Denied,262904,FOLD-CUSH,2026-07-24,Granite Corporate Services,3,RMA-700603,0.00,Marcus Chen,1,No,PO-22859,extra quantity not needed after final headcount,,Account Ordered Too Many,A-11220,Metal Folding Chair with Cushion,,Verified,,
Closed,261866,YARD-STD-GRN,2026-07-21,BluePeak Home Store #9183,2,RMA-700204,74.53,Natalie Price,1,Yes,BLU-76845,hardware missing from cartons,2026-08-05,Missing Parts / Hardware,A-10454,Standard Yard Chair,Scrap,Verified,2026-08-07,2026-07-25
Closed,265472,OFF-STD-BLK,2026-07-20,Canyon Corporate Services,14,RMA-700627,6782.11,Owen Brooks,2,No,PO-52350,extra quantity not needed after final headcount,2026-07-27,Account Ordered Too Many,A-10530,Standard Office Chair,Rework,Verified,2026-07-27,2026-07-23
Closed,258074,OFF-STD-GRY,2026-07-18,Northline Venue Services,8,RMA-700751,3385.20,Jordan Kim,3,Yes,258074,several units damaged on arrival,2026-07-31,Damaged in Transit,A-10309,Standard Office Chair,Restock,Verified,2026-07-31,2026-07-21
Closed,264164,PART-OFF-CAST,2026-07-16,Riverstone Home Store #0071,10,RMA-700262,291.34,Jordan Kim,2,No,RIV-49863,see case notes from account service,2026-07-26,Other,A-10411,Office Chair Caster Set,Restock,Verified,2026-07-27,2026-07-18
Closed,267963,PART-OFF-CAST,2026-07-14,Atlas Home Goods Store #2633,4,RMA-700698,108.12,Carla Mendes,1,Yes,ATL-43537,warehouse shipment did not match order line,2026-07-21,Wrong Product Shipped,A-10037,Office Chair Caster Set,Scrap,Verified,2026-07-25,2026-07-14
Closed,260719,YARD-STD-BLK,2026-07-14,Riverstone Home Store #0641,3,RMA-700786,101.88,Owen Brooks,1,No,RIV-61597,extra quantity not needed after final headcount,2026-07-24,Account Ordered Too Many,A-10909,Standard Yard Chair,Rework,Verified,2026-07-26,2026-07-17
Closed,254315,OFF-STD-GRY,2026-07-13,GreenLine Living Store #8014,3,RMA-700550,1111.53,Marcus Chen,1,No,GRE-54562,cartons show transit damage,2026-07-21,Damaged in Transit,A-10231,Standard Office Chair,Rework,Verified,2026-07-21,2026-07-15
Closed,262354,OFF-STD-OTT-BLK,2026-07-12,NorthMart Store #6712,21,RMA-700245,9444.96,Jordan Kim,2,No,NOR-74325,issue found during unpacking/assembly,2026-07-23,Arrived Defective,A-11218,Standard Office Chair + Ottoman,Restock,Verified,2026-07-26,2026-07-15
Closed,251263,GAME-STD-BLU,2026-07-10,Lakeside Facility Services,1,RMA-700048,754.97,Priya Nair,1,No,PO-72051,finish/color not preferred after delivery,2026-07-25,Color / Appearance,A-10951,Gaming Chair,Restock,Verified,2026-07-28,2026-07-13
Closed,251370,OFF-LG-GRY,2026-07-10,Lena Brooks,2,RMA-700643,1503.25,Devon Hale,1,No,251370,end users requested different size/fit,2026-07-18,Comfort / Fit Issue,A-10310,Large Office Chair,Rework,Verified,2026-07-18,2026-07-12
Closed,266625,YARD-STD-NVY,2026-07-09,MetroHouse Store #5022,1,RMA-700511,33.96,Owen Brooks,3,No,MET-49525,end users requested different size/fit,2026-07-18,Comfort / Fit Issue,A-10988,Standard Yard Chair,Restock,Verified,2026-07-23,2026-07-11
Closed,257289,OFF-STD-GRY,2026-07-09,HomeHarbor Store #6373,1,RMA-700813,370.51,Owen Brooks,2,Yes,HOM-61147,issue found during unpacking/assembly,2026-07-23,Arrived Defective,A-10619,Standard Office Chair,Rework,Verified,2026-07-23,2026-07-11
Closed,268418,OFF-STD-OTT-GRY,2026-07-08,Hearthside Market Store #2710,2,RMA-700401,899.52,Natalie Price,3,Yes,HEA-31833,assembly kit incomplete,2026-07-22,Missing Parts / Hardware,A-10665,Standard Office Chair + Ottoman,Restock,Verified,2026-07-24,2026-07-11
Closed,267529,FOLD-CUSH,2026-07-05,BluePeak Home Store #3042,4,RMA-700398,385.32,Carla Mendes,1,Yes,BLU-13106,account says chair does not fit intended users,2026-07-12,Comfort / Fit Issue,A-10509,Metal Folding Chair with Cushion,Restock,Verified,2026-07-17,2026-07-09
Closed,265366,FOLD-MET-STD,2026-07-05,HomeHarbor Store #4118,14,RMA-700454,863.52,Owen Brooks,1,Yes,HOM-12449,hardware missing from cartons,2026-07-16,Missing Parts / Hardware,A-10932,Basic Metal Folding Chair,Restock,Verified,2026-07-17,2026-07-08
Closed,256501,YARD-HD-BLK,2026-07-04,WestBridge Home Store #1151,2,RMA-700650,134.42,Carla Mendes,1,Yes,WES-74590,issue found during unpacking/assembly,2026-07-17,Arrived Defective,A-11159,Heavy Duty Yard Chair,Restock,Verified,2026-07-21,2026-07-08
Closed,263719,OFF-STD-OTT-GRY,2026-07-03,Brighton Commercial Interiors,6,RMA-700551,3550.18,Natalie Price,1,Yes,PO-27338,unit did not function correctly out of box,2026-07-15,Arrived Defective,A-10732,Standard Office Chair + Ottoman,Restock,Verified,2026-07-15,2026-07-03
Closed,266735,OFF-LG-OTT-BLK,2026-07-02,Pioneer Facility Services,3,RMA-700471,2121.66,Elena Ruiz,4,Yes,PO-85423,purchasing selected wrong chair configuration,2026-07-09,Account Ordered Wrong Product,A-11097,Large Office Chair + Ottoman,Restock,Verified,2026-07-14,2026-07-04
Closed,262531,GAME-STD-BLU,2026-06-23,Fox Hollow Venue Services,2,RMA-700743,1424.02,Natalie Price,2,No,PO-68904,return approved after manager review,2026-07-02,Other,A-10195,Gaming Chair,Restock,Verified,2026-07-04,2026-06-23
Closed,269319,OFF-STD-BLK,2026-06-20,Prairie Home Market Store #8477,5,RMA-700308,1729.05,Jordan Kim,2,Yes,PRA-53139,account received duplicate quantity,2026-06-29,Duplicate Order / Shipment,A-11122,Standard Office Chair,Restock,Verified,2026-06-29,2026-06-20
Closed,252707,YARD-STD-GRN,2026-06-20,Redwood Procurement,2,RMA-700674,77.62,Marcus Chen,2,Yes,PO-35569,extra quantity not needed after final headcount,2026-06-29,Account Ordered Too Many,A-11231,Standard Yard Chair,Scrap,Verified,2026-06-29,2026-06-21
Closed,250796,YARD-STD-GRN,2026-06-20,GreenLine Living Store #4952,1,RMA-700717,33.96,Carla Mendes,2,No,GRE-94052,cartons show transit damage,2026-06-27,Damaged in Transit,A-10707,Standard Yard Chair,Restock,Verified,2026-06-30,2026-06-23
Closed,268243,GAME-LG-RED,2026-06-18,Aspen Workplace Group,1,RMA-700084,870.41,Natalie Price,1,Yes,268243,items no longer needed after event was cancelled,2026-06-27,Changed Mind / No Longer Needed,A-11174,Large Gaming Chair,Restock,Verified,2026-07-01,2026-06-20
Closed,258074,OFF-LG-BLK,2026-06-17,Northline Venue Services,2,RMA-700096,1185.50,Jordan Kim,1,Yes,258074,extra quantity not needed after final headcount,2026-06-28,Account Ordered Too Many,A-10309,Large Office Chair,Restock,Verified,2026-06-28,2026-06-19
Closed,256276,OFF-STD-OTT-BLK,2026-06-17,Granite Facilities,3,RMA-700267,1445.64,Carla Mendes,1,No,PO-48694,issue found during unpacking/assembly,2026-06-29,Arrived Defective,A-10948,Standard Office Chair + Ottoman,Rework,Verified,2026-07-01,2026-06-20
Closed,260976,PART-YARD-HDW,2026-06-15,Isaac Gray,1,RMA-700109,27.04,Devon Hale,1,No,260976,several units damaged on arrival,2026-06-25,Damaged in Transit,A-10753,Yard Chair Hardware Kit,Restock,Verified,2026-06-28,2026-06-18
Closed,260454,YARD-HD-BLK,2026-06-14,NorthMart Store #6502,9,RMA-700466,555.12,Luis Romero,1,Yes,BLANKET-6574,items no longer needed after event was cancelled,2026-06-24,Changed Mind / No Longer Needed,A-10720,Heavy Duty Yard Chair,Restock,Verified,2026-06-25,2026-06-16
Denied,260454,YARD-HD-WHT,2026-06-11,NorthMart Store #6502,5,RMA-700788,0.00,Luis Romero,4,Yes,BLANKET-6574,assembly kit incomplete,,Missing Parts / Hardware,A-10720,Heavy Duty Yard Chair,,Verified,,
Closed,264210,OFF-LG-OTT-BLK,2026-06-10,Oak & Pine Church Supply,2,RMA-700036,1525.72,Carla Mendes,1,No,PO-94248,hardware missing from cartons,2026-06-20,Missing Parts / Hardware,A-10099,Large Office Chair + Ottoman,Restock,Verified,2026-06-21,2026-06-10
Closed,253445,FOLD-CUSH,2026-06-09,Atlas Home Goods Store #2782,6,RMA-700143,577.98,Owen Brooks,2,Yes,ATL-36951,several units damaged on arrival,2026-06-16,Damaged in Transit,A-11101,Metal Folding Chair with Cushion,Restock,Verified,2026-06-21,2026-06-11
Closed,251639,YARD-HD-NVY,2026-06-08,Pacific Home Store #5022,10,RMA-700260,660.80,Leah Winters,1,Yes,PAC-90312,hardware missing from cartons,2026-06-21,Missing Parts / Hardware,A-10971,Heavy Duty Yard Chair,Rework,Verified,2026-06-22,2026-06-10
Closed,264210,OFF-LG-OTT-GRY,2026-06-08,Oak & Pine Church Supply,4,RMA-700410,3051.43,Carla Mendes,3,Yes,PO-94248,assembly kit incomplete,2026-06-18,Missing Parts / Hardware,A-10099,Large Office Chair + Ottoman,Restock,Verified,2026-06-20,2026-06-09
Closed,259601,YARD-HD-BLK,2026-06-08,Atlas Home Goods Store #2633,13,RMA-700414,801.84,Natalie Price,1,No,ATL-15956,account project changed after delivery,2026-06-20,Changed Mind / No Longer Needed,A-10037,Heavy Duty Yard Chair,Rework,Verified,2026-06-20,2026-06-10
Closed,262565,YARD-HD-NVY,2026-06-08,WestBridge Home Store #6487,8,RMA-700431,493.44,Natalie Price,3,Yes,WES-90416,account project changed after delivery,2026-06-15,Changed Mind / No Longer Needed,A-10294,Heavy Duty Yard Chair,Restock,Verified,2026-06-15,2026-06-08
Closed,267805,FOLD-MET-STD,2026-06-08,Evergreen Procurement,1,RMA-700649,76.06,Elena Ruiz,2,Yes,PO-87325,return approved after manager review,2026-06-19,Other,A-10381,Basic Metal Folding Chair,Restock,Verified,2026-06-22,2026-06-10
Closed,267174,GAME-LG-OTT-BLU,2026-06-04,MetroHouse Store #5147,1,RMA-700218,1001.63,Natalie Price,1,Yes,MET-10631,issue found during unpacking/assembly,2026-06-10,Arrived Defective,A-11069,Large Gaming Chair + Ottoman,Restock,Verified,2026-06-10,2026-06-06
Closed,257189,OFF-LG-OTT-BLK,2026-06-03,Stonebridge Operations,8,RMA-700202,5221.28,Jordan Kim,1,Yes,257189,items no longer needed after event was cancelled,2026-06-12,Changed Mind / No Longer Needed,A-11217,Large Office Chair + Ottoman,Restock,Verified,2026-06-17,2026-06-07
Closed,263607,OFF-STD-GRY,2026-05-30,Mason Ridge Training Center,7,RMA-700450,2934.27,Carla Mendes,2,No,PO-73007,unit did not function correctly out of box,2026-06-05,Arrived Defective,A-10846,Standard Office Chair,Scrap,Verified,2026-06-05,2026-05-31
Waiting for Information,264115,OFF-STD-BLK,2026-05-30,Aspen Business Furnishings,5,RMA-700655,0.00,Marcus Chen,2,Yes,264115,hardware missing from cartons,,Missing Parts / Hardware,A-10402,Standard Office Chair,,Missing,,
Closed,269319,YARD-HD-WHT,2026-05-30,Prairie Home Market Store #8477,4,RMA-700736,246.72,Jordan Kim,3,Yes,PRA-53139,account overordered for site rollout,2026-06-12,Account Ordered Too Many,A-11122,Heavy Duty Yard Chair,Restock,Verified,2026-06-16,2026-06-01
Closed,264823,OFF-LG-OTT-BLK,2026-05-28,Cornerstone Home Store #5721,5,RMA-700045,3263.30,Priya Nair,1,No,COR-13789,account says pallet included wrong model/color,2026-06-10,Wrong Product Shipped,A-10494,Large Office Chair + Ottoman,Restock,Verified,2026-06-12,2026-05-30
Closed,256333,PART-YARD-FOOT,2026-05-23,Atlas Home Goods Store #5809,3,RMA-700337,45.15,Carla Mendes,2,No,ATL-47871,account says pallet included wrong model/color,2026-06-08,Wrong Product Shipped,A-10843,Yard Chair Foot Cap Set,Scrap,Verified,2026-06-13,2026-05-27
Closed,253012,GAME-STD-OTT-BLU,2026-05-23,Cedar & Main Store #7584,2,RMA-700357,1523.22,Natalie Price,2,No,CED-49527,items no longer needed after event was cancelled,2026-06-04,Changed Mind / No Longer Needed,A-10857,Gaming Chair + Ottoman,Restock,Verified,2026-06-04,2026-05-26
Closed,250562,OFF-STD-BLK,2026-05-21,Fox Hollow Corporate Services,1,RMA-700348,419.12,Luis Romero,2,Yes,250562,account says chair does not fit intended users,2026-05-31,Comfort / Fit Issue,A-10394,Standard Office Chair,Restock,Verified,2026-06-04,2026-05-21
Waiting for Information,256328,YARD-HD-BLK,2026-05-18,GreenLine Living Store #6620,2,RMA-700059,0.00,Marcus Chen,1,No,GRE-74108,items no longer needed after event was cancelled,,Changed Mind / No Longer Needed,A-10911,Heavy Duty Yard Chair,,Missing,,
Denied,250994,PART-FOLD-CUSH,2026-05-18,HomeHarbor Store #8929,7,RMA-700302,0.00,Natalie Price,3,No,HOM-79123,several units damaged on arrival,,Damaged in Transit,A-10518,Folding Chair Cushion Pad,,Missing,,
Closed,257907,OFF-LG-OTT-GRY,2026-05-17,Elmwood Community Center,2,RMA-700009,1392.34,Owen Brooks,1,Yes,PO-24603,account received duplicate quantity,2026-05-30,Duplicate Order / Shipment,A-10267,Large Office Chair + Ottoman,Scrap,Verified,2026-06-01,2026-05-20
Closed,251639,FOLD-XL-CUSH,2026-05-13,Pacific Home Store #5022,3,RMA-700057,487.83,Leah Winters,4,Yes,PAC-90312,return approved after manager review,2026-05-20,Other,A-10971,Extra Large Cushioned Folding Chair,Rework,Verified,2026-05-22,2026-05-14
Closed,256276,OFF-STD-OTT-BLK,2026-05-13,Granite Facilities,2,RMA-700625,963.76,Carla Mendes,1,No,PO-48694,account says pallet included wrong model/color,2026-05-24,Wrong Product Shipped,A-10948,Standard Office Chair + Ottoman,Restock,Verified,2026-05-28,2026-05-13
Closed,262119,FOLD-MET-STD,2026-05-13,Stonebridge Workspace Solutions,4,RMA-700680,264.32,Owen Brooks,2,Yes,PO-92791,unit did not function correctly out of box,2026-05-22,Arrived Defective,A-10815,Basic Metal Folding Chair,Restock,Verified,2026-05-23,2026-05-14
Closed,260137,YARD-STD-WHT,2026-05-12,Oak & Pine Event Group,1,RMA-700735,36.38,Priya Nair,2,Yes,260137,items no longer needed after event was cancelled,2026-05-21,Changed Mind / No Longer Needed,A-10279,Standard Yard Chair,Restock,Verified,2026-05-23,2026-05-15
Closed,266592,GAME-STD-BLU,2026-05-06,Northline Meeting Solutions,4,RMA-700279,3204.04,Luis Romero,2,No,PO-39545,items no longer needed after event was cancelled,2026-05-14,Changed Mind / No Longer Needed,A-11105,Gaming Chair,Restock,Verified,2026-05-15,2026-05-09
Closed,267593,YARD-HD-NVY,2026-05-06,HomeHarbor Store #9065,1,RMA-700758,61.68,Elena Ruiz,1,No,HOM-25851,issue found during unpacking/assembly,2026-05-17,Arrived Defective,A-10684,Heavy Duty Yard Chair,Restock,Verified,2026-05-17,2026-05-07
Closed,264329,YARD-HD-NVY,2026-05-06,Golden State Conference Services,3,RMA-700814,211.47,Owen Brooks,3,No,PO-55253,several units damaged on arrival,2026-05-13,Damaged in Transit,A-10246,Heavy Duty Yard Chair,Restock,Verified,2026-05-14,2026-05-06
Closed,265161,PART-OFF-CAST,2026-05-04,WestBridge Home Store #5310,5,RMA-700549,144.80,Priya Nair,1,No,WES-98431,account project changed after delivery,2026-05-16,Changed Mind / No Longer Needed,A-10981,Office Chair Caster Set,Restock,Verified,2026-05-19,2026-05-04
Closed,256228,YARD-STD-GRN,2026-05-02,Atlas Home Goods Store #5809,1,RMA-700270,36.38,Carla Mendes,2,No,ATL-54363,account project changed after delivery,2026-05-08,Changed Mind / No Longer Needed,A-10843,Standard Yard Chair,Restock,Verified,2026-05-13,2026-05-05
Closed,262531,YARD-HD-NVY,2026-04-27,Fox Hollow Venue Services,2,RMA-700155,140.98,Natalie Price,3,No,PO-68904,items no longer needed after event was cancelled,2026-05-12,Changed Mind / No Longer Needed,A-10195,Heavy Duty Yard Chair,Restock,Verified,2026-05-12,2026-05-01
Closed,260835,YARD-HD-GRN,2026-04-26,PrimeHouse Store #4713,2,RMA-700516,142.20,Priya Nair,1,Yes,PRI-29295,issue found during unpacking/assembly,2026-05-02,Arrived Defective,A-10539,Heavy Duty Yard Chair,Restock,Verified,2026-05-06,2026-04-28
Closed,251997,YARD-HD-NVY,2026-04-25,Summit Home Store #6603,7,RMA-700253,431.76,Natalie Price,1,No,SUM-19064,several units damaged on arrival,2026-05-01,Damaged in Transit,A-10406,Heavy Duty Yard Chair,Restock,Verified,2026-05-04,2026-04-26
Closed,265075,FOLD-XL-CUSH,2026-04-20,Riverstone Home Store #3817,2,RMA-700360,303.54,Owen Brooks,2,Yes,RIV-69597,purchasing selected wrong chair configuration,2026-04-26,Account Ordered Wrong Product,A-10608,Extra Large Cushioned Folding Chair,Restock,Verified,2026-05-01,2026-04-20
Closed,265393,FOLD-MET-STD,2026-04-17,Ironwood Education Services,2,RMA-700029,154.54,Elena Ruiz,1,Yes,265393,assembly kit incomplete,2026-04-23,Missing Parts / Hardware,A-10275,Basic Metal Folding Chair,Restock,Verified,2026-04-26,2026-04-20
Closed,268737,GAME-STD-OTT-BLU,2026-04-17,Brighton Facility Services,3,RMA-700090,2770.02,Marcus Chen,2,Yes,268737,account overordered for site rollout,2026-04-23,Account Ordered Too Many,A-10861,Gaming Chair + Ottoman,Restock,Verified,2026-04-25,2026-04-19
Closed,259304,FOLD-CUSH,2026-04-17,Hearthside Market Store #0808,5,RMA-700206,481.65,Priya Nair,2,Yes,HEA-44235,account project changed after delivery,2026-04-27,Changed Mind / No Longer Needed,A-11127,Metal Folding Chair with Cushion,Restock,Verified,2026-05-01,2026-04-19
Closed,254181,OFF-STD-OTT-BLK,2026-04-16,Highland Venue Services,2,RMA-700094,1244.51,Elena Ruiz,1,No,PO-82704,appearance did not match room plan,2026-04-27,Color / Appearance,A-10659,Standard Office Chair + Ottoman,Restock,Verified,2026-04-29,2026-04-20
Closed,257588,FOLD-XL-CUSH,2026-04-16,Prairie Home Market Store #6903,3,RMA-700120,455.31,Carla Mendes,3,Yes,PRA-66641,account confirmed wrong model was ordered,2026-04-30,Account Ordered Wrong Product,A-10877,Extra Large Cushioned Folding Chair,Restock,Verified,2026-05-01,2026-04-18
Closed,250796,FOLD-MET-STD,2026-04-16,GreenLine Living Store #4952,2,RMA-700585,123.36,Carla Mendes,1,No,GRE-94052,unit did not function correctly out of box,2026-04-27,Arrived Defective,A-10707,Basic Metal Folding Chair,Restock,Verified,2026-04-29,2026-04-17
Closed,253896,YARD-HD-NVY,2026-04-15,Hearthside Market Store #6158,2,RMA-700433,132.16,Marcus Chen,2,Yes,HEA-20297,unit did not function correctly out of box,2026-04-29,Arrived Defective,A-10067,Heavy Duty Yard Chair,Restock,Verified,2026-04-29,2026-04-18
Closed,258624,GAME-LG-RED,2026-04-12,Hillcrest Office Interiors,2,RMA-700503,1523.22,Natalie Price,4,No,PO-88943,assembly kit incomplete,2026-04-27,Missing Parts / Hardware,A-10726,Large Gaming Chair,Restock,Verified,2026-04-29,2026-04-16
Closed,257271,GAME-LG-OTT-BLU,2026-04-10,PrimeHouse Store #7834,1,RMA-700509,934.86,Natalie Price,2,Yes,PRI-47251,warehouse shipment did not match order line,2026-04-20,Wrong Product Shipped,A-10961,Large Gaming Chair + Ottoman,Restock,Verified,2026-04-23,2026-04-12
Closed,259353,OFF-LG-OTT-GRY,2026-04-09,Hillcrest Church Supply,2,RMA-700692,1584.27,Elena Ruiz,2,No,PO-68843,account project changed after delivery,2026-04-18,Changed Mind / No Longer Needed,A-10048,Large Office Chair + Ottoman,Restock,Verified,2026-04-19,2026-04-09
Closed,258310,PART-YARD-HDW,2026-04-08,Riverview Campus Services,2,RMA-700261,46.56,Leah Winters,3,No,258310,account received duplicate quantity,2026-04-15,Duplicate Order / Shipment,A-11179,Yard Chair Hardware Kit,Restock,Verified,2026-04-19,2026-04-08
Closed,259353,OFF-STD-BLK,2026-04-07,Hillcrest Church Supply,8,RMA-700393,3597.51,Elena Ruiz,1,Yes,PO-68843,account overordered for site rollout,2026-04-13,Account Ordered Too Many,A-10048,Standard Office Chair,Rework,Verified,2026-04-14,2026-04-07
Closed,255942,GAME-STD-OTT-BLU,2026-04-05,Silver Lake Facility Services,3,RMA-700130,2907.96,Natalie Price,1,Yes,255942,unit did not function correctly out of box,2026-04-11,Arrived Defective,A-10560,Gaming Chair + Ottoman,Rework,Verified,2026-04-12,2026-04-08
Closed,259050,FOLD-CUSH,2026-04-04,Willow Creek Training Center,3,RMA-700175,330.27,Marcus Chen,3,No,PO-40070,account project changed after delivery,2026-04-10,Changed Mind / No Longer Needed,A-10210,Metal Folding Chair with Cushion,Scrap,Verified,2026-04-10,2026-04-04
Closed,255317,OFF-LG-OTT-BLK,2026-04-04,Crescent Church Supply,4,RMA-700619,3187.18,Priya Nair,2,Yes,PO-96085,warehouse shipment did not match order line,2026-04-10,Wrong Product Shipped,A-10439,Large Office Chair + Ottoman,Restock,Verified,2026-04-12,2026-04-07
Closed,252196,YARD-HD-NVY,2026-04-03,Riverstone Home Store #2269,4,RMA-700808,246.72,Natalie Price,2,No,RIV-63982,account confirmed wrong model was ordered,2026-04-14,Account Ordered Wrong Product,A-10546,Heavy Duty Yard Chair,Restock,Verified,2026-04-18,2026-04-05
Closed,259084,FOLD-XL-CUSH,2026-04-01,Brighton Commercial Interiors,2,RMA-700284,348.96,Priya Nair,3,Yes,PO-71982,cartons show transit damage,2026-04-17,Damaged in Transit,A-10732,Extra Large Cushioned Folding Chair,Rework,Verified,2026-04-21,2026-04-05
Closed,254563,YARD-STD-NVY,2026-04-01,Summit Home Store #7804,9,RMA-700340,302.49,Luis Romero,3,Yes,SUM-30161,purchasing selected wrong chair configuration,2026-04-09,Account Ordered Wrong Product,A-10245,Standard Yard Chair,Scrap,Verified,2026-04-12,2026-04-03
Closed,268785,FOLD-XL-CUSH,2026-04-01,Pioneer Campus Services,8,RMA-700370,1474.32,Priya Nair,1,No,PO-73453,extra quantity not needed after final headcount,2026-04-12,Account Ordered Too Many,A-10848,Extra Large Cushioned Folding Chair,Restock,Verified,2026-04-16,2026-04-01
Closed,256587,FOLD-XL-CUSH,2026-03-30,Oak & Pine Corporate Services,1,RMA-700422,171.70,Owen Brooks,1,Yes,PO-61356,account says pallet included wrong model/color,2026-04-06,Wrong Product Shipped,A-10098,Extra Large Cushioned Folding Chair,Rework,Verified,2026-04-06,2026-03-30
Closed,259456,OFF-LG-BLK,2026-03-29,Riverview Office Supply,6,RMA-700028,3321.66,Natalie Price,2,Yes,PO-77167,end users requested different size/fit,2026-04-08,Comfort / Fit Issue,A-10630,Large Office Chair,Restock,Verified,2026-04-13,2026-04-01
Closed,254924,OFF-STD-GRY,2026-03-27,Hearthside Market Store #2710,3,RMA-700713,1037.43,Marcus Chen,3,No,HEA-77298,extra quantity not needed after final headcount,2026-04-09,Account Ordered Too Many,A-10665,Standard Office Chair,Restock,Verified,2026-04-13,2026-03-29
Closed,258456,FOLD-XL-CUSH,2026-03-21,Hearthside Market Store #6158,6,RMA-700553,901.38,Marcus Chen,2,No,HEA-16626,items no longer needed after event was cancelled,2026-03-28,Changed Mind / No Longer Needed,A-10067,Extra Large Cushioned Folding Chair,Rework,Verified,2026-04-01,2026-03-22
Closed,252366,OFF-LG-OTT-GRY,2026-03-20,Hearthside Market Store #6158,3,RMA-700011,1938.21,Marcus Chen,2,Yes,HEA-72090,account says pallet included wrong model/color,2026-03-29,Wrong Product Shipped,A-10067,Large Office Chair + Ottoman,Restock,Verified,2026-04-03,2026-03-24
Closed,258890,OFF-LG-GRY,2026-03-16,Fox Hollow Meeting Solutions,4,RMA-700711,2329.08,Luis Romero,2,No,PO-88705,cartons show transit damage,2026-03-21,Damaged in Transit,A-10465,Large Office Chair,Restock,Verified,2026-03-21,2026-03-17
Closed,254279,FOLD-MET-STD,2026-03-15,Mason Ridge Property Group,5,RMA-700347,402.28,Elena Ruiz,1,No,PO-91458,account project changed after delivery,2026-03-24,Changed Mind / No Longer Needed,A-10787,Basic Metal Folding Chair,Scrap,Verified,2026-03-26,2026-03-19
Closed,250964,GAME-LG-BLU,2026-03-12,GreenLine Living Store #0263,6,RMA-700762,4569.66,Carla Mendes,3,Yes,GRE-57898,issue found during unpacking/assembly,2026-03-23,Arrived Defective,A-11018,Large Gaming Chair,Scrap,Verified,2026-03-25,2026-03-14
Closed,256710,GAME-STD-OTT-BLU,2026-03-09,Caleb Davis,3,RMA-700538,3521.90,Devon Hale,1,No,256710,several units damaged on arrival,2026-03-14,Damaged in Transit,A-11112,Gaming Chair + Ottoman,Rework,Verified,2026-03-19,2026-03-10
Closed,259489,FOLD-XL-CUSH,2026-03-09,Stonebridge Operations,4,RMA-700642,693.80,Carla Mendes,2,Yes,PO-92773,account overordered for site rollout,2026-03-20,Account Ordered Too Many,A-11217,Extra Large Cushioned Folding Chair,Rework,Verified,2026-03-25,2026-03-13
Closed,258345,OFF-LG-GRY,2026-03-08,Riverstone Home Store #6442,3,RMA-700678,1453.23,Owen Brooks,4,Yes,RIV-12884,duplicate shipment confirmed by account,2026-03-15,Duplicate Order / Shipment,A-10772,Large Office Chair,Restock,Verified,2026-03-19,2026-03-09
Closed,269416,YARD-HD-GRN,2026-03-07,Summit Home Store #5322,3,RMA-700635,200.83,Luis Romero,1,Yes,SUM-22779,account project changed after delivery,2026-03-19,Changed Mind / No Longer Needed,A-10912,Heavy Duty Yard Chair,Restock,Verified,2026-03-21,2026-03-11
Denied,266122,GAME-LG-OTT-BLU,2026-03-05,Cornerstone Home Store #9438,6,RMA-700456,0.00,Natalie Price,1,No,COR-92204,account says pallet included wrong model/color,,Wrong Product Shipped,A-10889,Large Gaming Chair + Ottoman,,Verified,,
Closed,259208,OFF-LG-GRY,2026-03-04,NorthMart Store #8172,1,RMA-700194,479.51,Priya Nair,5,Yes,NOR-57964,account project changed after delivery,2026-03-16,Changed Mind / No Longer Needed,A-10012,Large Office Chair,Restock,Verified,2026-03-19,2026-03-08
Closed,257045,GAME-LG-OTT-RED,2026-03-04,Granite Property Group,2,RMA-700618,2379.64,Jordan Kim,3,No,PO-58410,account overordered for site rollout,2026-03-18,Account Ordered Too Many,A-10273,Large Gaming Chair + Ottoman,Restock,Verified,2026-03-18,2026-03-08
Closed,254955,OFF-LG-OTT-GRY,2026-03-02,Pioneer Event Group,1,RMA-700292,735.12,Owen Brooks,2,Yes,PO-14162,items no longer needed after event was cancelled,2026-03-06,Changed Mind / No Longer Needed,A-10614,Large Office Chair + Ottoman,Rework,Verified,2026-03-06,2026-03-03
Closed,259858,FOLD-XL-CUSH,2026-03-02,Twin Rivers Corporate Services,3,RMA-700821,551.73,Leah Winters,1,No,259858,account confirmed wrong model was ordered,2026-03-13,Account Ordered Wrong Product,A-10480,Extra Large Cushioned Folding Chair,Restock,Verified,2026-03-14,2026-03-04
Closed,253236,GAME-STD-OTT-BLU,2026-02-28,Stonebridge Community Center,1,RMA-700832,923.96,Luis Romero,2,Yes,PO-81739,appearance did not match room plan,2026-03-11,Color / Appearance,A-11245,Gaming Chair + Ottoman,Restock,Verified,2026-03-11,2026-03-04
Closed,253727,OFF-STD-GRY,2026-02-26,Summit Ridge Event Services,1,RMA-700744,424.24,Natalie Price,4,No,PO-44150,account project changed after delivery,2026-03-06,Changed Mind / No Longer Needed,A-10858,Standard Office Chair,Scrap,Verified,2026-03-09,2026-02-26
Closed,258734,FOLD-XL-CUSH,2026-02-24,Riverstone Home Store #1724,6,RMA-700828,965.82,Natalie Price,1,Yes,RIV-24941,see case notes from account service,2026-03-04,Other,A-10505,Extra Large Cushioned Folding Chair,Restock,Verified,2026-03-04,2026-02-24
Closed,258809,GAME-STD-BLU,2026-02-23,Harborview Education Services,2,RMA-700465,1409.64,Elena Ruiz,3,Yes,PO-37671,account project changed after delivery,2026-03-06,Changed Mind / No Longer Needed,A-11160,Gaming Chair,Restock,Verified,2026-03-08,2026-02-27
Closed,259208,FOLD-CUSH,2026-02-22,NorthMart Store #8172,4,RMA-700114,381.40,Priya Nair,2,Yes,NOR-57964,issue found during unpacking/assembly,2026-03-08,Arrived Defective,A-10012,Metal Folding Chair with Cushion,Scrap,Verified,2026-03-10,2026-02-24
Closed,259581,YARD-STD-NVY,2026-02-21,Summit Home Store #2613,4,RMA-700232,144.08,Luis Romero,2,Yes,SUM-64216,account says pallet included wrong model/color,2026-02-25,Wrong Product Shipped,A-10014,Standard Yard Chair,Rework,Verified,2026-02-27,2026-02-21
Closed,258518,OFF-STD-OTT-GRY,2026-02-21,WestBridge Home Store #9282,3,RMA-700286,1335.63,Priya Nair,4,No,WES-91880,warehouse shipment did not match order line,2026-03-06,Wrong Product Shipped,A-10382,Standard Office Chair + Ottoman,Restock,Verified,2026-03-07,2026-02-24
Closed,252213,FOLD-CUSH,2026-02-21,NorthMart Store #3262,6,RMA-700594,572.10,Priya Nair,2,Yes,NOR-62222,account confirmed wrong model was ordered,2026-03-01,Account Ordered Wrong Product,A-10816,Metal Folding Chair with Cushion,Restock,Verified,2026-03-04,2026-02-25
Closed,259145,YARD-HD-WHT,2026-02-20,Aspen Facilities,6,RMA-700804,453.57,Elena Ruiz,3,Yes,PO-64989,unit did not function correctly out of box,2026-03-01,Arrived Defective,A-10585,Heavy Duty Yard Chair,Scrap,Verified,2026-03-01,2026-02-23
Closed,255231,OFF-STD-OTT-BLK,2026-02-19,Liam Wood,2,RMA-700280,1312.10,Devon Hale,1,No,255231,issue found during unpacking/assembly,2026-02-25,Arrived Defective,A-10517,Standard Office Chair + Ottoman,Restock,Verified,2026-03-01,2026-02-21
Closed,256710,GAME-STD-OTT-BLU,2026-02-18,Caleb Davis,1,RMA-700432,1173.97,Devon Hale,1,Yes,256710,return approved after manager review,2026-02-27,Other,A-11112,Gaming Chair + Ottoman,Scrap,Verified,2026-02-28,2026-02-20
Closed,255872,GAME-STD-BLU,2026-02-15,Elmwood Campus Services,3,RMA-700179,2301.48,Priya Nair,5,No,PO-86586,cartons show transit damage,2026-02-25,Damaged in Transit,A-10894,Gaming Chair,Restock,Verified,2026-02-25,2026-02-19
Closed,256269,PART-YARD-LEG,2026-02-15,Harborview Workplace Group,3,RMA-700320,86.13,Jordan Kim,2,Yes,PO-80211,several units damaged on arrival,2026-02-21,Damaged in Transit,A-10698,Yard Chair Replacement Leg,Restock,Verified,2026-02-25,2026-02-15
Closed,250671,FOLD-XL-CUSH,2026-02-14,PrimeHouse Store #4614,3,RMA-700777,482.91,Marcus Chen,1,No,PRI-88958,unit did not function correctly out of box,2026-02-27,Arrived Defective,A-10567,Extra Large Cushioned Folding Chair,Restock,Verified,2026-02-27,2026-02-18
Closed,250321,FOLD-CUSH,2026-02-13,PrimeHouse Store #4614,3,RMA-700097,288.99,Natalie Price,2,Yes,PRI-56317,several units damaged on arrival,2026-02-24,Damaged in Transit,A-10567,Metal Folding Chair with Cushion,Restock,Verified,2026-03-01,2026-02-13
Closed,254570,FOLD-CUSH,2026-02-08,NorthMart Store #4229,2,RMA-700812,204.34,Luis Romero,1,No,NOR-59831,several units damaged on arrival,2026-02-18,Damaged in Transit,A-11216,Metal Folding Chair with Cushion,Restock,Verified,2026-02-20,2026-02-08
Closed,257258,GAME-LG-RED,2026-02-04,Canyon Property Group,2,RMA-700493,1827.95,Elena Ruiz,1,No,PO-57628,account project changed after delivery,2026-02-14,Changed Mind / No Longer Needed,A-10097,Large Gaming Chair,Restock,Verified,2026-02-17,2026-02-06
Closed,254154,OFF-LG-OTT-GRY,2026-01-29,Brookfield Event Group,2,RMA-700294,1378.28,Priya Nair,3,Yes,PO-40837,unit did not function correctly out of box,2026-02-08,Arrived Defective,A-10786,Large Office Chair + Ottoman,Restock,Verified,2026-02-08,2026-01-29
Closed,254805,GAME-STD-BLU,2026-01-29,Riverstone Home Store #8843,6,RMA-700328,3964.62,Carla Mendes,1,Yes,RIV-35346,items no longer needed after event was cancelled,2026-02-06,Changed Mind / No Longer Needed,A-10556,Gaming Chair,Restock,Verified,2026-02-10,2026-02-02
Denied,255165,OFF-STD-GRY,2026-01-24,Leo Cook,1,RMA-700007,0.00,Devon Hale,1,No,255165,account confirmed wrong model was ordered,,Account Ordered Wrong Product,A-10134,Standard Office Chair,,Missing,,
Closed,254570,GAME-STD-BLU,2026-01-24,NorthMart Store #4229,3,RMA-700377,1982.31,Luis Romero,3,Yes,NOR-59831,end users requested different size/fit,2026-02-04,Comfort / Fit Issue,A-11216,Gaming Chair,Scrap,Verified,2026-02-07,2026-01-26
Closed,255317,OFF-LG-OTT-BLK,2026-01-23,Crescent Church Supply,1,RMA-700385,796.80,Priya Nair,2,No,PO-96085,account confirmed wrong model was ordered,2026-02-04,Account Ordered Wrong Product,A-10439,Large Office Chair + Ottoman,Restock,Verified,2026-02-04,2026-01-24
Closed,254094,YARD-HD-GRN,2026-01-20,MetroHouse Store #3800,3,RMA-700727,183.15,Elena Ruiz,2,Yes,MET-81672,finish/color not preferred after delivery,2026-01-23,Color / Appearance,A-10161,Heavy Duty Yard Chair,Rework,Verified,2026-01-23,2026-01-20
Closed,256080,PART-FOLD-HINGE,2026-01-19,Elliot Hayes,8,RMA-700545,411.38,Devon Hale,1,No,256080,end users requested different size/fit,2026-01-31,Comfort / Fit Issue,A-10814,Folding Chair Hinge Set,Restock,Verified,2026-02-01,2026-01-19
Closed,255942,GAME-STD-OTT-BLU,2026-01-17,Silver Lake Facility Services,5,RMA-700826,4846.60,Natalie Price,1,Yes,255942,account confirmed wrong model was ordered,2026-01-20,Account Ordered Wrong Product,A-10560,Gaming Chair + Ottoman,Rework,Verified,2026-01-20,2026-01-17
Closed,252567,FOLD-MET-STD,2026-01-16,Liam Nguyen,1,RMA-700193,96.51,Jordan Kim,1,Yes,252567,cartons show transit damage,2026-01-26,Damaged in Transit,A-10214,Basic Metal Folding Chair,Restock,Verified,2026-01-28,2026-01-17
Closed,258951,GAME-LG-OTT-RED,2026-01-16,NorthMart Store #2249,3,RMA-700283,2776.23,Natalie Price,3,No,NOR-88613,account confirmed wrong model was ordered,2026-01-26,Account Ordered Wrong Product,A-10392,Large Gaming Chair + Ottoman,Rework,Verified,2026-01-31,2026-01-19
Closed,257134,GAME-STD-OTT-RED,2026-01-13,WestBridge Home Store #1447,2,RMA-700168,1723.24,Priya Nair,2,Yes,WES-37410,account confirmed wrong model was ordered,2026-01-26,Account Ordered Wrong Product,A-10974,Gaming Chair + Ottoman,Rework,Verified,2026-01-26,2026-01-17
Closed,259234,OFF-LG-OTT-GRY,2026-01-12,Prairie Home Market Store #8402,3,RMA-700488,1808.97,Carla Mendes,3,No,PRA-53549,hardware missing from cartons,2026-01-23,Missing Parts / Hardware,A-10376,Large Office Chair + Ottoman,Rework,Verified,2026-01-26,2026-01-13
Closed,255805,OFF-STD-OTT-BLK,2026-01-10,Copper Hill Procurement,3,RMA-700815,1652.36,Priya Nair,4,No,255805,items no longer needed after event was cancelled,2026-01-19,Changed Mind / No Longer Needed,A-10181,Standard Office Chair + Ottoman,Scrap,Verified,2026-01-21,2026-01-12
Closed,252124,PART-OFF-TILT,2026-01-09,Summit Home Store #5342,4,RMA-700061,349.88,Carla Mendes,1,Yes,SUM-61778,items no longer needed after event was cancelled,2026-01-24,Changed Mind / No Longer Needed,A-10280,Office Chair Tilt Mechanism,Restock,Verified,2026-01-26,2026-01-12
Closed,254095,YARD-STD-BLK,2026-01-08,MetroHouse Store #0658,5,RMA-700411,192.10,Natalie Price,1,Yes,MET-97265,account project changed after delivery,2026-01-19,Changed Mind / No Longer Needed,A-11209,Standard Yard Chair,Restock,Verified,2026-01-24,2026-01-11
Closed,256013,PART-OFF-ARM,2026-01-06,Hearthside Market Store #8796,5,RMA-700166,348.40,Jordan Kim,2,Yes,HEA-88088,finish/color not preferred after delivery,2026-01-16,Color / Appearance,A-10538,Office Chair Armrest Set,Restock,Verified,2026-01-21,2026-01-08
Closed,250282,FOLD-XL-CUSH,2026-01-06,Willow Creek Training Center,2,RMA-700704,364.86,Marcus Chen,2,No,PO-90690,warehouse shipment did not match order line,2026-01-13,Wrong Product Shipped,A-10210,Extra Large Cushioned Folding Chair,Restock,Verified,2026-01-15,2026-01-10
Closed,254991,PART-OFF-GAS,2026-01-04,NorthMart Store #4678,3,RMA-700272,138.78,Owen Brooks,1,Yes,NOR-30280,cartons show transit damage,2026-01-13,Damaged in Transit,A-10498,Office Chair Gas Lift,Rework,Verified,2026-01-15,2026-01-04
Closed,257690,GAME-STD-OTT-BLU,2026-01-03,Sunrise Hospitality Group,8,RMA-700453,8250.34,Priya Nair,1,No,PO-69377,return approved after manager review,2026-01-17,Other,A-10425,Gaming Chair + Ottoman,Restock,Verified,2026-01-20,2026-01-05
Closed,252489,FOLD-CUSH,2026-01-03,Maple Grove Workplace Group,8,RMA-700802,1002.80,Luis Romero,1,Yes,PO-40645,account overordered for site rollout,2026-01-15,Account Ordered Too Many,A-10366,Metal Folding Chair with Cushion,Restock,Verified,2026-01-18,2026-01-03
Closed,251196,PART-YARD-FOOT,2025-12-18,Prairie Home Market Store #0684,2,RMA-700106,27.94,Marcus Chen,3,Yes,PRA-99785,unit did not function correctly out of box,2025-12-24,Arrived Defective,A-10697,Yard Chair Foot Cap Set,Scrap,Verified,2025-12-24,2025-12-18
Closed,259605,OFF-LG-OTT-BLK,2026-01-02,Brighton Procurement,9,RMA-700314,6846.09,Jordan Kim,3,Yes,259605,items no longer needed after event was cancelled,2026-01-10,Changed Mind / No Longer Needed,A-10030,Large Office Chair + Ottoman,Restock,Verified,2026-01-11,2026-01-03
Closed,257684,YARD-HD-NVY,2026-01-02,Mason Ridge Training Center,16,RMA-700581,1186.11,Carla Mendes,1,No,257684,account project changed after delivery,2026-01-13,Changed Mind / No Longer Needed,A-10846,Heavy Duty Yard Chair,Restock,Verified,2026-01-15,2026-01-03
Closed,252247,YARD-HD-WHT,2025-12-29,Copper Hill Corporate Services,3,RMA-700010,224.59,Carla Mendes,1,Yes,252247,purchasing selected wrong chair configuration,2026-01-07,Account Ordered Wrong Product,A-10566,Heavy Duty Yard Chair,Restock,Verified,2026-01-10,2026-01-01
Waiting for Information,256802,GAME-LG-OTT-RED,2025-12-24,Cornerstone Home Store #7264,2,RMA-700035,0.00,Priya Nair,1,No,COR-52036,cartons show transit damage,,Damaged in Transit,A-10946,Large Gaming Chair + Ottoman,,Missing,,
Closed,251237,FOLD-XL-CUSH,2025-12-15,Juniper Meeting Solutions,5,RMA-700157,1054.34,Carla Mendes,1,No,251237,purchasing selected wrong chair configuration,2025-12-28,Account Ordered Wrong Product,A-10499,Extra Large Cushioned Folding Chair,Restock,Verified,2025-12-31,2025-12-16
Closed,252200,FOLD-XL-CUSH,2025-12-14,Harborview Purchasing Group,6,RMA-700228,1030.20,Carla Mendes,2,Yes,252200,account says chair does not fit intended users,2025-12-25,Comfort / Fit Issue,A-11032,Extra Large Cushioned Folding Chair,Scrap,Verified,2025-12-28,2025-12-17
Closed,258601,OFF-LG-OTT-GRY,2025-12-13,Fox Hollow Meeting Solutions,5,RMA-700556,3661.05,Natalie Price,1,Yes,PO-51814,end users requested different size/fit,2025-12-28,Comfort / Fit Issue,A-10465,Large Office Chair + Ottoman,Scrap,Verified,2025-12-30,2025-12-17
Closed,251196,OFF-STD-OTT-GRY,2025-12-11,Prairie Home Market Store #0684,2,RMA-700213,890.42,Marcus Chen,5,Yes,PRA-99785,account says chair does not fit intended users,2025-12-22,Comfort / Fit Issue,A-10697,Standard Office Chair + Ottoman,Restock,Verified,2025-12-24,2025-12-11
Closed,252924,GAME-STD-OTT-RED,2025-12-10,Redwood Meeting Solutions,2,RMA-700196,1723.24,Elena Ruiz,1,Yes,PO-15592,account confirmed wrong model was ordered,2025-12-18,Account Ordered Wrong Product,A-10892,Gaming Chair + Ottoman,Restock,Verified,2025-12-19,2025-12-13
Closed,255665,YARD-HD-WHT,2025-12-10,WestBridge Home Store #6487,1,RMA-700636,65.42,Natalie Price,3,Yes,WES-81265,see case notes from account service,2025-12-17,Other,A-10294,Heavy Duty Yard Chair,Scrap,Verified,2025-12-17,2025-12-13
Closed,258715,GAME-LG-OTT-RED,2025-12-08,Cedar Ridge Facilities,2,RMA-700227,2462.04,Jordan Kim,1,No,PO-13544,end users requested different size/fit,2025-12-16,Comfort / Fit Issue,A-10773,Large Gaming Chair + Ottoman,Scrap,Verified,2025-12-17,2025-12-09
Closed,253387,YARD-HD-BLK,2025-12-05,Urban Nest Store #5347,2,RMA-700071,122.10,Elena Ruiz,3,No,URB-78583,end users requested different size/fit,2025-12-20,Comfort / Fit Issue,A-10434,Heavy Duty Yard Chair,Restock,Verified,2025-12-22,2025-12-08
Closed,250671,FOLD-XL-CUSH,2025-12-05,PrimeHouse Store #4614,3,RMA-700682,482.91,Marcus Chen,1,No,PRI-88958,appearance did not match room plan,2025-12-17,Color / Appearance,A-10567,Extra Large Cushioned Folding Chair,Restock,Verified,2025-12-17,2025-12-07
Closed,257459,GAME-LG-RED,2025-11-30,Copper Hill Event Services,5,RMA-700387,4264.37,Jordan Kim,2,Yes,PO-14475,account project changed after delivery,2025-12-16,Changed Mind / No Longer Needed,A-10426,Large Gaming Chair,Scrap,Verified,2025-12-20,2025-12-04
Closed,254054,FOLD-MET-STD,2025-11-28,Summit Home Store #6603,2,RMA-700441,122.10,Natalie Price,4,No,SUM-87054,items no longer needed after event was cancelled,2025-12-10,Changed Mind / No Longer Needed,A-10406,Basic Metal Folding Chair,Restock,Verified,2025-12-13,2025-11-29
Closed,254948,GAME-LG-OTT-BLU,2025-11-25,Elise Davis,1,RMA-700846,1403.10,Devon Hale,1,Yes,254948,purchasing selected wrong chair configuration,2025-12-07,Account Ordered Wrong Product,A-11111,Large Gaming Chair + Ottoman,Restock,Verified,2025-12-12,2025-11-25
Closed,256575,OFF-LG-GRY,2025-11-22,Evergreen Workspace Solutions,3,RMA-700626,1961.82,Jordan Kim,1,Yes,PO-28341,account overordered for site rollout,2025-12-06,Account Ordered Too Many,A-10593,Large Office Chair,Restock,Verified,2025-12-07,2025-11-26
Closed,254489,FOLD-CUSH,2025-11-21,PrimeHouse Store #4633,4,RMA-700672,381.40,Elena Ruiz,2,Yes,PRI-39780,see case notes from account service,2025-12-02,Other,A-10586,Metal Folding Chair with Cushion,Restock,Verified,2025-12-03,2025-11-24
Denied,256482,GAME-LG-BLU,2025-11-20,NorthMart Store #2400,3,RMA-700078,0.00,Luis Romero,1,Yes,NOR-89462,end users requested different size/fit,,Comfort / Fit Issue,A-10862,Large Gaming Chair,,Verified,,
Closed,258770,GAME-LG-OTT-RED,2025-11-19,Sunrise Workspace Solutions,2,RMA-700220,2734.26,Owen Brooks,1,Yes,PO-60870,end users requested different size/fit,2025-11-27,Comfort / Fit Issue,A-10809,Large Gaming Chair + Ottoman,Restock,Verified,2025-11-29,2025-11-20
Closed,259351,GAME-STD-OTT-BLU,2025-11-17,Urban Nest Store #1272,6,RMA-700102,4847.08,Marcus Chen,1,Yes,URB-22523,unit did not function correctly out of box,2025-11-26,Arrived Defective,A-10979,Gaming Chair + Ottoman,Restock,Verified,2025-12-01,2025-11-18
Closed,250508,GAME-LG-OTT-BLU,2025-11-15,Urban Nest Store #7351,2,RMA-700584,1983.04,Natalie Price,1,No,URB-91107,issue found during unpacking/assembly,2025-11-25,Arrived Defective,A-10167,Large Gaming Chair + Ottoman,Scrap,Verified,2025-11-29,2025-11-16
Closed,250247,PART-FOLD-FOOT,2025-11-14,Willow Creek Event Services,2,RMA-700187,34.27,Elena Ruiz,4,No,PO-72224,account says pallet included wrong model/color,2025-11-21,Wrong Product Shipped,A-10977,Folding Chair Foot Cap Set,Rework,Verified,2025-11-24,2025-11-17
Closed,250775,FOLD-MET-STD,2025-11-13,Granite Corporate Services,3,RMA-700818,226.95,Marcus Chen,3,No,PO-31461,purchasing selected wrong chair configuration,2025-11-17,Account Ordered Wrong Product,A-11220,Basic Metal Folding Chair,Rework,Verified,2025-11-19,2025-11-14
Closed,256015,YARD-HD-GRN,2025-11-10,Seaside Community Center,4,RMA-700631,316.10,Priya Nair,1,Yes,PO-84889,appearance did not match room plan,2025-11-22,Color / Appearance,A-11152,Heavy Duty Yard Chair,Rework,Verified,2025-11-27,2025-11-10
Closed,256764,FOLD-MET-STD,2025-11-05,Hillcrest Office Interiors,3,RMA-700065,232.01,Natalie Price,1,Yes,PO-19650,account says pallet included wrong model/color,2025-11-17,Wrong Product Shipped,A-10726,Basic Metal Folding Chair,Restock,Verified,2025-11-18,2025-11-05
Closed,257538,OFF-STD-GRY,2025-11-03,Golden State School Supply,4,RMA-700002,1692.73,Natalie Price,1,Yes,257538,issue found during unpacking/assembly,2025-11-08,Arrived Defective,A-11120,Standard Office Chair,Restock,Verified,2025-11-13,2025-11-04
Closed,251006,OFF-STD-OTT-GRY,2025-11-03,Silver Lake Venue Services,6,RMA-700364,3115.61,Luis Romero,3,No,PO-27094,return approved after manager review,2025-11-08,Other,A-10322,Standard Office Chair + Ottoman,Restock,Verified,2025-11-09,2025-11-05
Closed,258536,OFF-STD-GRY,2025-11-02,Cedar Ridge Event Group,2,RMA-700475,794.39,Carla Mendes,1,Yes,258536,warehouse shipment did not match order line,2025-11-17,Wrong Product Shipped,A-10083,Standard Office Chair,Scrap,Verified,2025-11-20,2025-11-05
Closed,257961,YARD-HD-NVY,2025-11-01,Summit Home Store #5342,2,RMA-700738,122.10,Carla Mendes,2,No,SUM-72870,items no longer needed after event was cancelled,2025-11-14,Changed Mind / No Longer Needed,A-10280,Heavy Duty Yard Chair,Rework,Verified,2025-11-16,2025-11-02
Closed,250831,OFF-STD-BLK,2025-10-31,Heritage Procurement,2,RMA-700640,843.98,Carla Mendes,1,Yes,PO-50298,account project changed after delivery,2025-11-11,Changed Mind / No Longer Needed,A-10943,Standard Office Chair,Rework,Verified,2025-11-14,2025-11-01
Closed,253993,FOLD-CUSH,2025-10-24,Atlas Home Goods Store #9000,2,RMA-700148,190.70,Elena Ruiz,1,No,ATL-64923,several units damaged on arrival,2025-11-08,Damaged in Transit,A-11197,Metal Folding Chair with Cushion,Restock,Verified,2025-11-12,2025-10-27
Closed,250088,PART-OFF-CAST,2025-10-23,Pacific Home Store #6298,7,RMA-700351,214.06,Elena Ruiz,1,Yes,PAC-64232,several units damaged on arrival,2025-11-03,Damaged in Transit,A-10845,Office Chair Caster Set,Rework,Verified,2025-11-03,2025-10-24
Closed,257012,GAME-STD-OTT-BLU,2025-07-13,Miles Campbell,1,RMA-700646,1144.81,Devon Hale,1,No,257012,purchasing selected wrong chair configuration,2025-07-22,Account Ordered Wrong Product,A-10898,Gaming Chair + Ottoman,Rework,Verified,2025-07-23,2025-07-13
Closed,256604,PART-FOLD-HINGE,2025-10-21,Cedar Ridge Facility Services,5,RMA-700023,223.50,Priya Nair,1,Yes,256604,account says chair does not fit intended users,2025-11-04,Comfort / Fit Issue,A-10143,Folding Chair Hinge Set,Rework,Verified,2025-11-05,2025-10-23
Closed,255804,OFF-LG-OTT-GRY,2025-10-18,Golden State Education Services,1,RMA-700513,802.51,Carla Mendes,3,No,255804,account says pallet included wrong model/color,2025-11-02,Wrong Product Shipped,A-10545,Large Office Chair + Ottoman,Scrap,Verified,2025-11-04,2025-10-22
Closed,250565,YARD-STD-GRN,2025-10-16,Prairie Home Market Store #0937,5,RMA-700062,168.05,Carla Mendes,3,No,PRA-14037,account project changed after delivery,2025-10-23,Changed Mind / No Longer Needed,A-10868,Standard Yard Chair,Rework,Verified,2025-10-25,2025-10-20
Closed,257026,OFF-STD-GRY,2025-10-16,Fox Hollow Commercial Interiors,3,RMA-700647,1393.71,Owen Brooks,1,Yes,257026,cartons show transit damage,2025-10-22,Damaged in Transit,A-10700,Standard Office Chair,Restock,Verified,2025-10-26,2025-10-16
Denied,254639,FOLD-CUSH,2025-10-15,Atlas Home Goods Store #6254,3,RMA-700468,0.00,Priya Nair,1,No,ATL-50992,cartons show transit damage,,Damaged in Transit,A-10374,Metal Folding Chair with Cushion,,Verified,,
Closed,255665,YARD-HD-BLK,2025-10-12,WestBridge Home Store #6487,3,RMA-700528,196.26,Natalie Price,1,Yes,WES-81265,cartons show transit damage,2025-10-23,Damaged in Transit,A-10294,Heavy Duty Yard Chair,Restock,Verified,2025-10-26,2025-10-13
Closed,251032,YARD-STD-WHT,2025-10-11,GreenLine Living Store #5495,1,RMA-700567,33.61,Marcus Chen,2,Yes,GRE-16459,account project changed after delivery,2025-10-15,Changed Mind / No Longer Needed,A-10444,Standard Yard Chair,Restock,Verified,2025-10-15,2025-10-11
Closed,252246,YARD-HD-BLK,2025-10-11,Riverstone Home Store #0071,4,RMA-700601,244.20,Jordan Kim,1,No,RIV-59589,cartons show transit damage,2025-10-22,Damaged in Transit,A-10411,Heavy Duty Yard Chair,Restock,Verified,2025-10-26,2025-10-11
Denied,252937,OFF-STD-OTT-GRY,2025-10-10,Cascade Workspace Solutions,6,RMA-700008,0.00,Owen Brooks,3,Yes,252937,return approved after manager review,,Other,A-10543,Standard Office Chair + Ottoman,,Verified,,
Denied,253819,FOLD-CUSH,2025-10-10,Northline Event Services,3,RMA-700531,0.00,Owen Brooks,1,Yes,PO-49642,assembly kit incomplete,,Missing Parts / Hardware,A-11036,Metal Folding Chair with Cushion,,Verified,,
Closed,256963,FOLD-CUSH,2025-10-08,Riverstone Home Store #8846,2,RMA-700443,186.82,Luis Romero,5,Yes,RIV-58510,account says pallet included wrong model/color,2025-10-20,Wrong Product Shipped,A-10515,Metal Folding Chair with Cushion,Scrap,Verified,2025-10-20,2025-10-10
Closed,250976,GAME-LG-RED,2025-10-06,Willow Creek Procurement,2,RMA-700121,1752.42,Jordan Kim,2,Yes,PO-44256,account project changed after delivery,2025-10-15,Changed Mind / No Longer Needed,A-10182,Large Gaming Chair,Restock,Verified,2025-10-19,2025-10-09
Closed,252743,GAME-LG-BLU,2025-10-04,Isaac Kim,2,RMA-700610,2241.12,Devon Hale,1,Yes,252743,account overordered for site rollout,2025-10-16,Account Ordered Too Many,A-10475,Large Gaming Chair,Rework,Verified,2025-10-20,2025-10-08
Closed,252384,YARD-STD-NVY,2025-10-02,Pacific Home Store #6512,2,RMA-700451,76.84,Elena Ruiz,1,Yes,PAC-61458,hardware missing from cartons,2025-10-11,Missing Parts / Hardware,A-10638,Standard Yard Chair,Restock,Verified,2025-10-13,2025-10-05
Closed,254096,FOLD-MET-STD,2025-10-01,Riverstone Home Store #5724,7,RMA-700683,457.94,Owen Brooks,2,No,RIV-68986,items no longer needed after event was cancelled,2025-10-10,Changed Mind / No Longer Needed,A-10970,Basic Metal Folding Chair,Restock,Verified,2025-10-10,2025-10-03
Closed,252937,OFF-STD-OTT-GRY,2025-09-30,Cascade Workspace Solutions,10,RMA-700536,5881.03,Owen Brooks,3,No,252937,extra quantity not needed after final headcount,2025-10-06,Account Ordered Too Many,A-10543,Standard Office Chair + Ottoman,Restock,Verified,2025-10-11,2025-09-30
Closed,259038,FOLD-MET-STD,2025-09-29,Prairie Home Market Store #0937,4,RMA-700622,256.32,Carla Mendes,1,Yes,PRA-17826,account confirmed wrong model was ordered,2025-10-07,Account Ordered Wrong Product,A-10868,Basic Metal Folding Chair,Scrap,Verified,2025-10-09,2025-10-02
Closed,257402,PART-OFF-BASE,2025-09-27,Dylan Miller,1,RMA-700420,108.41,Devon Hale,1,Yes,257402,end users requested different size/fit,2025-10-04,Comfort / Fit Issue,A-10682,Office Chair Base,Rework,Verified,2025-10-09,2025-09-27
Closed,255425,OFF-LG-BLK,2025-09-24,Harborview Commercial Interiors,8,RMA-700570,4294.64,Marcus Chen,3,No,255425,account project changed after delivery,2025-10-04,Changed Mind / No Longer Needed,A-10666,Large Office Chair,Restock,Verified,2025-10-06,2025-09-24
Closed,252178,FOLD-MET-STD,2025-09-22,Riverstone Home Store #2269,7,RMA-700332,427.35,Natalie Price,3,No,RIV-75315,issue found during unpacking/assembly,2025-10-03,Arrived Defective,A-10546,Basic Metal Folding Chair,Rework,Verified,2025-10-06,2025-09-23
Closed,251538,FOLD-XL-CUSH,2025-08-21,Heritage Property Group,1,RMA-700849,177.60,Elena Ruiz,1,Yes,251538,cartons show transit damage,2025-08-29,Damaged in Transit,A-10125,Extra Large Cushioned Folding Chair,Rework,Verified,2025-09-03,2025-08-21
Closed,259093,OFF-STD-BLK,2025-09-12,Silver Lake Facility Services,9,RMA-700298,3741.03,Natalie Price,1,Yes,PO-14512,items no longer needed after event was cancelled,2025-09-23,Changed Mind / No Longer Needed,A-10560,Standard Office Chair,Restock,Verified,2025-09-23,2025-09-12
Closed,251705,YARD-STD-GRN,2025-09-12,Urban Nest Store #5400,12,RMA-700718,423.36,Carla Mendes,2,Yes,URB-15688,assembly kit incomplete,2025-09-26,Missing Parts / Hardware,A-11083,Standard Yard Chair,Scrap,Verified,2025-09-30,2025-09-15
Closed,259758,GAME-STD-RED,2025-09-09,Fox Hollow Venue Services,3,RMA-700156,2241.09,Natalie Price,1,No,259758,unit did not function correctly out of box,2025-09-15,Arrived Defective,A-10195,Gaming Chair,Restock,Verified,2025-09-15,2025-09-10
Closed,257159,YARD-STD-NVY,2025-09-04,PrimeHouse Store #0747,4,RMA-700765,145.53,Marcus Chen,1,No,PRI-31732,unit did not function correctly out of box,2025-09-13,Arrived Defective,A-10904,Standard Yard Chair,Scrap,Verified,2025-09-13,2025-09-04
Closed,252865,OFF-STD-OTT-GRY,2025-09-03,Granite Training Center,4,RMA-700067,2047.45,Carla Mendes,4,Yes,252865,end users requested different size/fit,2025-09-08,Comfort / Fit Issue,A-10811,Standard Office Chair + Ottoman,Restock,Verified,2025-09-09,2025-09-03
Closed,255375,OFF-STD-GRY,2025-09-02,Leo Gray,1,RMA-700004,524.57,Devon Hale,1,No,255375,items no longer needed after event was cancelled,2025-09-08,Changed Mind / No Longer Needed,A-10042,Standard Office Chair,Scrap,Verified,2025-09-10,2025-09-03
Closed,256703,PART-OFF-CAST,2025-09-02,Cornerstone Home Store #2098,3,RMA-700140,89.85,Luis Romero,2,No,COR-58943,unit did not function correctly out of box,2025-09-11,Arrived Defective,A-10484,Office Chair Caster Set,Restock,Verified,2025-09-16,2025-09-03
Closed,254408,YARD-STD-NVY,2025-09-02,NorthMart Store #0046,3,RMA-700293,100.83,Elena Ruiz,1,Yes,NOR-70443,account says chair does not fit intended users,2025-09-05,Comfort / Fit Issue,A-10774,Standard Yard Chair,Rework,Verified,2025-09-07,2025-09-02
Denied,258068,GAME-STD-RED,2025-09-01,Aspen Commercial Interiors,6,RMA-700182,0.00,Luis Romero,2,No,PO-17519,see case notes from account service,,Other,A-10225,Gaming Chair,,Verified,,
Closed,253286,YARD-STD-GRN,2025-08-29,Summit Home Store #3436,3,RMA-700427,105.84,Natalie Price,1,Yes,SUM-90372,issue found during unpacking/assembly,2025-09-10,Arrived Defective,A-10799,Standard Yard Chair,Scrap,Verified,2025-09-12,2025-08-29
Closed,256467,YARD-STD-WHT,2025-08-26,Cedar & Main Store #0035,3,RMA-700264,98.79,Owen Brooks,2,Yes,CED-33814,account says chair does not fit intended users,2025-09-07,Comfort / Fit Issue,A-10270,Standard Yard Chair,Rework,Verified,2025-09-12,2025-08-30
Closed,251980,YARD-STD-NVY,2025-08-24,GreenLine Living Store #4057,6,RMA-700458,201.66,Owen Brooks,2,Yes,BLANKET-3501,extra quantity not needed after final headcount,2025-09-01,Account Ordered Too Many,A-10601,Standard Yard Chair,Restock,Verified,2025-09-01,2025-08-25
Closed,258441,FOLD-CUSH,2025-08-19,Canyon Office Interiors,1,RMA-700715,112.67,Owen Brooks,3,Yes,PO-77910,hardware missing from cartons,2025-08-30,Missing Parts / Hardware,A-10080,Metal Folding Chair with Cushion,Restock,Verified,2025-08-30,2025-08-20
Closed,250195,FOLD-XL-CUSH,2025-08-18,WestBridge Home Store #5987,2,RMA-700288,294.34,Elena Ruiz,3,Yes,WES-86640,unit did not function correctly out of box,2025-08-30,Arrived Defective,A-10834,Extra Large Cushioned Folding Chair,Rework,Verified,2025-09-02,2025-08-20
Closed,259415,YARD-STD-BLK,2025-08-18,Urban Nest Store #7351,3,RMA-700687,100.83,Priya Nair,1,No,URB-70294,account says chair does not fit intended users,2025-08-30,Comfort / Fit Issue,A-10167,Standard Yard Chair,Restock,Verified,2025-08-31,2025-08-19
Closed,254614,GAME-STD-OTT-BLU,2025-08-11,Summit Ridge Purchasing Group,3,RMA-700122,2759.99,Elena Ruiz,2,Yes,PO-30593,duplicate shipment confirmed by account,2025-08-18,Duplicate Order / Shipment,A-10704,Gaming Chair + Ottoman,Rework,Verified,2025-08-18,2025-08-12
Closed,256567,YARD-HD-GRN,2025-08-09,GreenLine Living Store #5066,3,RMA-700383,192.24,Elena Ruiz,1,Yes,GRE-46679,end users requested different size/fit,2025-08-23,Comfort / Fit Issue,A-10399,Heavy Duty Yard Chair,Restock,Verified,2025-08-28,2025-08-12
Closed,253366,OFF-STD-GRY,2025-08-08,Leo Price,3,RMA-700172,1546.55,Devon Hale,1,Yes,253366,account says chair does not fit intended users,2025-08-14,Comfort / Fit Issue,A-10019,Standard Office Chair,Restock,Verified,2025-08-16,2025-08-11
Closed,252701,PART-OFF-HDW,2025-08-06,Maple Grove Event Group,2,RMA-700107,57.11,Owen Brooks,2,No,PO-74587,several units damaged on arrival,2025-08-17,Damaged in Transit,A-11010,Office Chair Hardware Kit,Restock,Verified,2025-08-18,2025-08-06
Closed,253564,OFF-LG-GRY,2025-08-06,Clearwater Meeting Solutions,8,RMA-700831,5411.56,Owen Brooks,1,Yes,PO-79382,issue found during unpacking/assembly,2025-08-10,Arrived Defective,A-11070,Large Office Chair,Restock,Verified,2025-08-12,2025-08-07
Closed,251544,FOLD-CUSH,2025-08-01,Fox Hollow Workspace Solutions,9,RMA-700063,1020.78,Carla Mendes,1,No,PO-51037,purchasing selected wrong chair configuration,2025-08-07,Account Ordered Wrong Product,A-10681,Metal Folding Chair with Cushion,Rework,Verified,2025-08-08,2025-08-03
Closed,251556,GAME-STD-OTT-RED,2025-07-27,Pioneer Procurement,3,RMA-700606,2581.77,Luis Romero,3,Yes,251556,account says chair does not fit intended users,2025-08-06,Comfort / Fit Issue,A-10094,Gaming Chair + Ottoman,Restock,Verified,2025-08-09,2025-07-28
Closed,250568,YARD-HD-BLK,2025-07-26,Meridian Office Interiors,4,RMA-700299,273.40,Leah Winters,3,No,250568,warehouse shipment did not match order line,2025-08-02,Wrong Product Shipped,A-10462,Heavy Duty Yard Chair,Restock,Verified,2025-08-03,2025-07-29
Closed,254413,GAME-STD-OTT-BLU,2025-07-23,Aspen Office Supply,4,RMA-700127,3803.93,Natalie Price,2,No,PO-25788,account confirmed wrong model was ordered,2025-08-02,Account Ordered Wrong Product,A-10859,Gaming Chair + Ottoman,Restock,Verified,2025-08-07,2025-07-23
Closed,252228,GAME-LG-OTT-RED,2025-07-22,Lena Miller,2,RMA-700623,2842.68,Devon Hale,1,Yes,252228,purchasing selected wrong chair configuration,2025-08-03,Account Ordered Wrong Product,A-11077,Large Gaming Chair + Ottoman,Restock,Verified,2025-08-04,2025-07-22
Closed,258361,FOLD-MET-STD,2025-07-21,Summit Home Store #2391,3,RMA-700501,192.24,Luis Romero,2,Yes,SUM-36389,items no longer needed after event was cancelled,2025-08-02,Changed Mind / No Longer Needed,A-10766,Basic Metal Folding Chair,Restock,Verified,2025-08-04,2025-07-22
Closed,257985,YARD-HD-BLK,2025-07-20,Brookfield Procurement,2,RMA-700490,149.09,Elena Ruiz,2,Yes,PO-75404,account says pallet included wrong model/color,2025-07-29,Wrong Product Shipped,A-10418,Heavy Duty Yard Chair,Restock,Verified,2025-08-01,2025-07-22
Closed,255426,FOLD-CUSH,2025-07-19,Urban Nest Store #7426,4,RMA-700634,400.32,Jordan Kim,3,Yes,URB-59249,appearance did not match room plan,2025-07-24,Color / Appearance,A-10551,Metal Folding Chair with Cushion,Rework,Verified,2025-07-29,2025-07-19
Closed,259994,GAME-LG-OTT-RED,2025-07-18,WestBridge Home Store #4529,1,RMA-700170,979.86,Owen Brooks,1,Yes,WES-66888,appearance did not match room plan,2025-07-28,Color / Appearance,A-10954,Large Gaming Chair + Ottoman,Rework,Verified,2025-07-28,2025-07-20
Closed,243258,FOLD-MET-STD,2025-07-17,Maple Grove Facility Services,5,RMA-700653,366.84,Carla Mendes,1,Yes,PO-41772,warehouse shipment did not match order line,2025-07-23,Wrong Product Shipped,A-10105,Basic Metal Folding Chair,Rework,Verified,2025-07-26,2025-07-18
Closed,257742,PART-OFF-TILT,2025-07-15,Stonebridge Business Furnishings,2,RMA-700305,1759.35,Elena Ruiz,3,No,PO-66878,items no longer needed after event was cancelled,2025-07-18,Changed Mind / No Longer Needed,A-10036,Office Chair Tilt Mechanism,Restock,Verified,2025-07-23,2025-07-15
Closed,250558,FOLD-CUSH,2025-07-15,PrimeHouse Store #7933,4,RMA-700329,373.64,Natalie Price,1,Yes,PRI-22918,end users requested different size/fit,2025-07-23,Comfort / Fit Issue,A-10307,Metal Folding Chair with Cushion,Scrap,Verified,2025-07-26,2025-07-15
Closed,245399,YARD-STD-GRN,2025-07-14,Cedar & Main Store #8283,1,RMA-700442,35.28,Jordan Kim,3,Yes,CED-42070,purchasing selected wrong chair configuration,2025-07-21,Account Ordered Wrong Product,A-10629,Standard Yard Chair,Restock,Verified,2025-07-26,2025-07-15
Closed,251387,YARD-HD-NVY,2025-07-12,Prairie Home Market Store #8926,5,RMA-700158,299.05,Natalie Price,4,No,PRA-11771,appearance did not match room plan,2025-07-24,Color / Appearance,A-11163,Heavy Duty Yard Chair,Rework,Verified,2025-07-28,2025-07-12
Closed,257818,GAME-LG-BLU,2025-07-09,Evergreen Office Interiors,2,RMA-700518,1899.08,Marcus Chen,1,Yes,257818,unit did not function correctly out of box,2025-07-23,Arrived Defective,A-11188,Large Gaming Chair,Scrap,Verified,2025-07-27,2025-07-13
Denied,246822,GAME-LG-BLU,2025-07-08,Cedar Ridge School Supply,1,RMA-700766,0.00,Luis Romero,3,Yes,PO-54966,end users requested different size/fit,,Comfort / Fit Issue,A-10284,Large Gaming Chair,,Missing,,
Closed,258417,PART-OFF-CAST,2025-07-07,Oak & Pine Venue Services,1,RMA-700335,31.82,Marcus Chen,3,No,PO-78691,duplicate shipment confirmed by account,2025-07-17,Duplicate Order / Shipment,A-10057,Office Chair Caster Set,Restock,Verified,2025-07-22,2025-07-08
Closed,259879,GAME-LG-OTT-RED,2025-07-07,Theo Nguyen,1,RMA-700502,1376.82,Devon Hale,1,Yes,259879,cartons show transit damage,2025-07-12,Damaged in Transit,A-10020,Large Gaming Chair + Ottoman,Scrap,Verified,2025-07-15,2025-07-07
Closed,254815,FOLD-MET-STD,2025-07-04,Seaside Operations,2,RMA-700841,148.51,Priya Nair,1,Yes,PO-21470,appearance did not match room plan,2025-07-19,Color / Appearance,A-10126,Basic Metal Folding Chair,Restock,Verified,2025-07-22,2025-07-07
Denied,259889,GAME-STD-BLU,2025-07-03,Willow Creek Procurement,4,RMA-700817,0.00,Jordan Kim,1,No,PO-58896,account says chair does not fit intended users,,Comfort / Fit Issue,A-10182,Gaming Chair,,Verified,,
Closed,259700,GAME-LG-OTT-BLU,2025-07-02,HomeHarbor Store #9065,2,RMA-700526,1942.56,Elena Ruiz,3,No,HOM-13946,account overordered for site rollout,2025-07-08,Account Ordered Too Many,A-10684,Large Gaming Chair + Ottoman,Rework,Verified,2025-07-11,2025-07-03
Closed,249900,GAME-STD-RED,2025-07-01,Cedar Ridge Facility Services,13,RMA-700055,10066.90,Owen Brooks,4,No,PO-37953,see case notes from account service,2025-07-08,Other,A-10143,Gaming Chair,Restock,Verified,2025-07-10,2025-07-02
Closed,253481,YARD-STD-NVY,2025-06-27,PrimeHouse Store #7077,1,RMA-700146,37.63,Owen Brooks,1,No,PRI-22716,several units damaged on arrival,2025-07-05,Damaged in Transit,A-10117,Standard Yard Chair,Rework,Verified,2025-07-08,2025-07-01
Closed,258868,OFF-LG-BLK,2025-06-26,Ironwood Education Services,6,RMA-700287,3528.57,Elena Ruiz,2,Yes,PO-43305,unit did not function correctly out of box,2025-07-04,Arrived Defective,A-10275,Large Office Chair,Scrap,Verified,2025-07-04,2025-06-29
Closed,254404,OFF-LG-OTT-BLK,2025-06-25,Summit Ridge Event Services,3,RMA-700805,2062.32,Natalie Price,2,Yes,PO-80632,issue found during unpacking/assembly,2025-07-03,Arrived Defective,A-10858,Large Office Chair + Ottoman,Scrap,Verified,2025-07-07,2025-06-27
Closed,252690,OFF-LG-GRY,2025-06-19,Redwood Office Supply,4,RMA-700209,2281.52,Owen Brooks,1,Yes,PO-74262,unit did not function correctly out of box,2025-06-30,Arrived Defective,A-10683,Large Office Chair,Restock,Verified,2025-07-03,2025-06-22
Closed,256567,FOLD-MET-STD,2025-06-19,GreenLine Living Store #5066,5,RMA-700589,320.40,Elena Ruiz,3,Yes,GRE-46679,account project changed after delivery,2025-07-04,Changed Mind / No Longer Needed,A-10399,Basic Metal Folding Chair,Restock,Verified,2025-07-08,2025-06-22
Closed,248872,FOLD-CUSH,2025-06-17,Pacific Home Store #8728,3,RMA-700088,280.23,Luis Romero,1,Yes,PAC-33893,account confirmed wrong model was ordered,2025-06-25,Account Ordered Wrong Product,A-10047,Metal Folding Chair with Cushion,Rework,Verified,2025-06-26,2025-06-18
Closed,257736,PART-FOLD-FOOT,2025-06-16,Naomi Nguyen,3,RMA-700304,60.11,Devon Hale,1,Yes,BLANKET-5211,assembly kit incomplete,2025-06-26,Missing Parts / Hardware,A-11143,Folding Chair Foot Cap Set,Scrap,Verified,2025-06-30,2025-06-19
Closed,248787,YARD-HD-BLK,2025-06-15,WestBridge Home Store #6487,4,RMA-700040,256.32,Owen Brooks,2,Yes,WES-50583,cartons show transit damage,2025-06-24,Damaged in Transit,A-10294,Heavy Duty Yard Chair,Restock,Verified,2025-06-26,2025-06-17
Closed,250256,FOLD-CUSH,2025-06-15,Oak & Pine Corporate Services,2,RMA-700400,245.38,Owen Brooks,2,No,PO-39053,purchasing selected wrong chair configuration,2025-06-23,Account Ordered Wrong Product,A-10098,Metal Folding Chair with Cushion,Restock,Verified,2025-06-28,2025-06-17
Closed,252353,FOLD-XL-CUSH,2025-06-14,Harborview Operations,2,RMA-700309,338.18,Marcus Chen,2,Yes,PO-55948,hardware missing from cartons,2025-06-22,Missing Parts / Hardware,A-11022,Extra Large Cushioned Folding Chair,Restock,Verified,2025-06-23,2025-06-15
Closed,259296,PART-FOLD-HINGE,2025-06-12,MetroHouse Store #8747,2,RMA-700345,65.86,Jordan Kim,2,No,MET-74130,return approved after manager review,2025-06-19,Other,A-10604,Folding Chair Hinge Set,Scrap,Verified,2025-06-19,2025-06-14
Denied,243670,OFF-STD-GRY,2025-06-12,Stonebridge Meeting Solutions,2,RMA-700699,0.00,Owen Brooks,3,Yes,PO-79653,issue found during unpacking/assembly,,Arrived Defective,A-10102,Standard Office Chair,,Verified,,
Closed,255426,GAME-STD-OTT-BLU,2025-06-09,Urban Nest Store #7426,6,RMA-700576,4747.68,Jordan Kim,4,No,URB-59249,account project changed after delivery,2025-06-23,Changed Mind / No Longer Needed,A-10551,Gaming Chair + Ottoman,Scrap,Verified,2025-06-25,2025-06-12
Denied,251860,YARD-HD-WHT,2025-06-07,Atlas Home Goods Store #4979,9,RMA-700142,0.00,Elena Ruiz,2,Yes,ATL-51875,account confirmed wrong model was ordered,,Account Ordered Wrong Product,A-10124,Heavy Duty Yard Chair,,Verified,,
Closed,259363,GAME-LG-BLU,2025-06-07,Fox Hollow Office Supply,12,RMA-700837,10128.36,Elena Ruiz,3,No,PO-89716,unit did not function correctly out of box,2025-06-12,Arrived Defective,A-10420,Large Gaming Chair,Scrap,Verified,2025-06-13,2025-06-07
Denied,247605,GAME-LG-RED,2025-06-06,Westlake Meeting Solutions,1,RMA-700016,0.00,Owen Brooks,1,No,247605,cartons show transit damage,,Damaged in Transit,A-10674,Large Gaming Chair,,Verified,,
Closed,248988,FOLD-CUSH,2025-06-04,Pioneer Church Supply,3,RMA-700361,320.25,Leah Winters,3,Yes,PO-85786,end users requested different size/fit,2025-06-14,Comfort / Fit Issue,A-10660,Metal Folding Chair with Cushion,Restock,Verified,2025-06-17,2025-06-05
Closed,247233,OFF-LG-BLK,2025-06-02,Evergreen Conference Services,1,RMA-700119,536.83,Luis Romero,1,No,PO-87391,account overordered for site rollout,2025-06-18,Account Ordered Too Many,A-10443,Large Office Chair,Restock,Verified,2025-06-23,2025-06-06
Closed,244568,YARD-HD-WHT,2025-05-31,Urban Nest Store #2237,3,RMA-700374,192.24,Carla Mendes,2,Yes,URB-54884,extra quantity not needed after final headcount,2025-06-13,Account Ordered Too Many,A-10292,Heavy Duty Yard Chair,Rework,Verified,2025-06-15,2025-06-03
Closed,242962,GAME-STD-OTT-RED,2025-05-31,Redwood Community Center,3,RMA-700512,2774.66,Luis Romero,1,No,PO-54095,several units damaged on arrival,2025-06-12,Damaged in Transit,A-10084,Gaming Chair + Ottoman,Rework,Verified,2025-06-17,2025-06-04
Closed,244590,OFF-STD-BLK,2025-05-27,BluePeak Home Store #9730,4,RMA-700160,1437.12,Carla Mendes,1,No,BLU-96068,appearance did not match room plan,2025-06-12,Color / Appearance,A-11149,Standard Office Chair,Scrap,Verified,2025-06-14,2025-05-31
Closed,256809,GAME-STD-BLU,2025-05-20,PrimeHouse Store #1172,3,RMA-700632,1941.84,Marcus Chen,1,Yes,PRI-17411,issue found during unpacking/assembly,2025-06-01,Arrived Defective,A-10451,Gaming Chair,Restock,Verified,2025-06-01,2025-05-22
Closed,258966,GAME-STD-OTT-RED,2025-05-19,Stonebridge Corporate Services,10,RMA-700003,10070.11,Carla Mendes,1,Yes,PO-99109,hardware missing from cartons,2025-06-01,Missing Parts / Hardware,A-11099,Gaming Chair + Ottoman,Restock,Verified,2025-06-06,2025-05-22
Closed,257160,YARD-STD-GRN,2025-05-19,Pacific Home Store #0129,4,RMA-700108,131.72,Elena Ruiz,1,No,PAC-90696,items no longer needed after event was cancelled,2025-05-26,Changed Mind / No Longer Needed,A-11219,Standard Yard Chair,Restock,Verified,2025-05-27,2025-05-19
Waiting for Information,252414,YARD-STD-WHT,2025-05-18,Summit Ridge Community Center,5,RMA-700696,0.00,Carla Mendes,1,Yes,PO-81509,issue found during unpacking/assembly,,Arrived Defective,A-11057,Standard Yard Chair,,Missing,,
Closed,254053,YARD-HD-GRN,2025-05-18,Riverstone Home Store #3858,4,RMA-700791,256.32,Natalie Price,2,Yes,RIV-65628,hardware missing from cartons,2025-06-01,Missing Parts / Hardware,A-10987,Heavy Duty Yard Chair,Restock,Verified,2025-06-01,2025-05-20
Closed,249645,GAME-LG-OTT-BLU,2025-05-17,Bluewater Facilities,7,RMA-700506,7252.21,Marcus Chen,1,Yes,PO-47128,assembly kit incomplete,2025-05-22,Missing Parts / Hardware,A-10193,Large Gaming Chair + Ottoman,Rework,Verified,2025-05-27,2025-05-17
Closed,248388,GAME-STD-RED,2025-05-17,Brookfield Procurement,3,RMA-700708,1941.84,Elena Ruiz,2,Yes,248388,items no longer needed after event was cancelled,2025-05-27,Changed Mind / No Longer Needed,A-10418,Gaming Chair,Restock,Verified,2025-05-31,2025-05-19
Closed,253654,FOLD-XL-CUSH,2025-05-16,Cedar & Main Store #1179,2,RMA-700341,294.34,Owen Brooks,3,Yes,CED-59585,issue found during unpacking/assembly,2025-05-28,Arrived Defective,A-10010,Extra Large Cushioned Folding Chair,Restock,Verified,2025-06-02,2025-05-19
Closed,247744,FOLD-CUSH,2025-05-15,Heritage Procurement,4,RMA-700628,461.02,Carla Mendes,1,No,PO-91927,account project changed after delivery,2025-05-23,Changed Mind / No Longer Needed,A-10943,Metal Folding Chair with Cushion,Restock,Verified,2025-05-24,2025-05-18
Closed,245210,GAME-STD-RED,2025-05-10,Summit Home Store #8475,4,RMA-700845,2589.12,Marcus Chen,1,Yes,SUM-81137,appearance did not match room plan,2025-05-17,Color / Appearance,A-10899,Gaming Chair,Restock,Verified,2025-05-18,2025-05-10
Closed,240092,OFF-STD-BLK,2025-05-09,Heritage Commercial Interiors,2,RMA-700525,893.10,Marcus Chen,1,No,PO-96316,cartons show transit damage,2025-05-19,Damaged in Transit,A-10770,Standard Office Chair,Restock,Verified,2025-05-24,2025-05-10
Closed,248388,PART-FOLD-CUSH,2025-05-09,Brookfield Procurement,4,RMA-700656,119.80,Elena Ruiz,5,Yes,248388,extra quantity not needed after final headcount,2025-05-14,Account Ordered Too Many,A-10418,Folding Chair Cushion Pad,Restock,Verified,2025-05-18,2025-05-09
Closed,241988,FOLD-MET-STD,2025-05-07,MetroHouse Store #5147,10,RMA-700038,598.10,Priya Nair,1,Yes,MET-66017,account says chair does not fit intended users,2025-05-19,Comfort / Fit Issue,A-11069,Basic Metal Folding Chair,Rework,Verified,2025-05-21,2025-05-11
Closed,241104,YARD-HD-NVY,2025-05-03,Hearthside Market Store #7265,10,RMA-700668,690.05,Elena Ruiz,2,No,HEA-55897,account project changed after delivery,2025-05-14,Changed Mind / No Longer Needed,A-10724,Heavy Duty Yard Chair,Restock,Verified,2025-05-16,2025-05-04
Closed,241653,GAME-STD-OTT-BLU,2025-04-28,Clearwater Event Group,1,RMA-700598,914.47,Elena Ruiz,3,Yes,241653,end users requested different size/fit,2025-05-07,Comfort / Fit Issue,A-10554,Gaming Chair + Ottoman,Rework,Verified,2025-05-11,2025-04-30
Closed,241461,YARD-HD-WHT,2025-04-25,Pacific Home Store #1528,1,RMA-700836,59.81,Jordan Kim,1,Yes,PAC-68465,account confirmed wrong model was ordered,2025-05-02,Account Ordered Wrong Product,A-10323,Heavy Duty Yard Chair,Scrap,Verified,2025-05-04,2025-04-26
Closed,245155,OFF-LG-OTT-BLK,2025-04-23,Stonebridge Training Center,1,RMA-700186,717.26,Carla Mendes,3,No,PO-38976,account project changed after delivery,2025-04-28,Changed Mind / No Longer Needed,A-10155,Large Office Chair + Ottoman,Restock,Verified,2025-05-03,2025-04-23
Closed,248329,GAME-LG-OTT-BLU,2025-04-23,Cascade Church Supply,1,RMA-700588,1165.54,Marcus Chen,2,Yes,PO-75522,account overordered for site rollout,2025-04-30,Account Ordered Too Many,A-10748,Large Gaming Chair + Ottoman,Rework,Verified,2025-05-05,2025-04-23
Closed,244969,PART-YARD-HDW,2025-04-16,Cedar & Main Store #2814,1,RMA-700799,16.63,Carla Mendes,3,No,CED-42208,account received duplicate quantity,2025-04-20,Duplicate Order / Shipment,A-10615,Yard Chair Hardware Kit,Restock,Verified,2025-04-23,2025-04-17
Closed,243522,OFF-STD-OTT-BLK,2025-04-12,Parkside Procurement,1,RMA-700782,560.74,Carla Mendes,3,No,PO-66131,warehouse shipment did not match order line,2025-04-22,Wrong Product Shipped,A-11223,Standard Office Chair + Ottoman,Restock,Verified,2025-04-23,2025-04-15
Closed,240975,GAME-LG-BLU,2025-04-10,Elmwood Commercial Interiors,10,RMA-700426,8874.40,Luis Romero,3,No,PO-16173,items no longer needed after event was cancelled,2025-04-18,Changed Mind / No Longer Needed,A-10780,Large Gaming Chair,Scrap,Verified,2025-04-23,2025-04-14
Closed,242166,YARD-STD-WHT,2025-04-09,Urban Nest Store #6813,14,RMA-700464,461.02,Priya Nair,3,No,URB-47181,extra quantity not needed after final headcount,2025-04-17,Account Ordered Too Many,A-10469,Standard Yard Chair,Restock,Verified,2025-04-20,2025-04-11
Closed,248761,GAME-LG-OTT-RED,2025-04-08,NorthMart Store #4229,1,RMA-700819,906.53,Priya Nair,3,No,NOR-20067,account says pallet included wrong model/color,2025-04-24,Wrong Product Shipped,A-11216,Large Gaming Chair + Ottoman,Scrap,Verified,2025-04-24,2025-04-12
Closed,249788,FOLD-XL-CUSH,2025-04-06,Hearthside Market Store #8186,3,RMA-700697,441.51,Jordan Kim,1,Yes,HEA-62414,finish/color not preferred after delivery,2025-04-14,Color / Appearance,A-10360,Extra Large Cushioned Folding Chair,Restock,Verified,2025-04-17,2025-04-08
Closed,248537,GAME-STD-OTT-RED,2025-04-05,Hearthside Market Store #1501,5,RMA-700150,3654.20,Marcus Chen,3,No,HEA-44535,items no longer needed after event was cancelled,2025-04-10,Changed Mind / No Longer Needed,A-10492,Gaming Chair + Ottoman,Restock,Verified,2025-04-14,2025-04-06
Closed,244586,GAME-STD-OTT-BLU,2025-03-30,Mason Ridge Office Supply,2,RMA-700662,1899.08,Marcus Chen,1,Yes,PO-53823,warehouse shipment did not match order line,2025-04-06,Wrong Product Shipped,A-11151,Gaming Chair + Ottoman,Restock,Verified,2025-04-11,2025-04-03
Waiting for Information,241754,YARD-STD-GRN,2025-03-29,BluePeak Home Store #6715,3,RMA-700771,0.00,Jordan Kim,1,Yes,BLU-41039,return approved after manager review,,Other,A-10677,Standard Yard Chair,,Missing,,
Closed,243375,FOLD-XL-CUSH,2025-03-27,BluePeak Home Store #4758,1,RMA-700310,159.62,Marcus Chen,1,No,BLU-44420,unit did not function correctly out of box,2025-04-07,Arrived Defective,A-10044,Extra Large Cushioned Folding Chair,Rework,Verified,2025-04-11,2025-03-30
Closed,249591,GAME-LG-OTT-BLU,2025-03-27,Maple Grove Facilities,5,RMA-700591,5180.15,Marcus Chen,3,No,PO-83135,items no longer needed after event was cancelled,2025-04-02,Changed Mind / No Longer Needed,A-10648,Large Gaming Chair + Ottoman,Rework,Verified,2025-04-06,2025-03-30
Closed,259390,GAME-STD-OTT-BLU,2025-03-26,Brookfield Education Services,5,RMA-700580,4483.90,Carla Mendes,1,Yes,PO-71999,assembly kit incomplete,2025-04-01,Missing Parts / Hardware,A-10921,Gaming Chair + Ottoman,Restock,Verified,2025-04-06,2025-03-26
Closed,253306,FOLD-XL-CUSH,2025-03-25,HomeHarbor Store #2041,1,RMA-700026,157.68,Carla Mendes,3,Yes,HOM-31996,end users requested different size/fit,2025-04-03,Comfort / Fit Issue,A-10342,Extra Large Cushioned Folding Chair,Rework,Verified,2025-04-08,2025-03-29
Closed,247502,FOLD-XL-CUSH,2025-03-22,Summit Home Store #6393,5,RMA-700720,735.85,Leah Winters,3,Yes,SUM-34218,account overordered for site rollout,2025-03-29,Account Ordered Too Many,A-10121,Extra Large Cushioned Folding Chair,Scrap,Verified,2025-04-03,2025-03-23
Closed,248754,GAME-STD-OTT-RED,2025-03-21,Elise Nguyen,2,RMA-700018,2240.32,Luis Romero,1,No,248754,extra quantity not needed after final headcount,2025-03-25,Account Ordered Too Many,A-11173,Gaming Chair + Ottoman,Rework,Verified,2025-03-25,2025-03-21
Closed,245109,YARD-STD-BLK,2025-03-14,HomeHarbor Store #6373,3,RMA-700095,105.84,Owen Brooks,2,Yes,BLANKET-8389,cartons show transit damage,2025-03-24,Damaged in Transit,A-10619,Standard Yard Chair,Scrap,Verified,2025-03-25,2025-03-14
Closed,245510,YARD-STD-NVY,2025-03-14,Summit Home Store #7272,5,RMA-700226,162.95,Marcus Chen,2,No,SUM-84972,account project changed after delivery,2025-03-25,Changed Mind / No Longer Needed,A-10643,Standard Yard Chair,Restock,Verified,2025-03-27,2025-03-17
Closed,255157,GAME-LG-BLU,2025-03-08,Redwood Community Center,3,RMA-700030,2777.47,Luis Romero,2,No,PO-38922,account confirmed wrong model was ordered,2025-03-19,Account Ordered Wrong Product,A-10084,Large Gaming Chair,Restock,Verified,2025-03-19,2025-03-11
Closed,241585,FOLD-MET-STD,2025-03-08,Prairie Home Market Store #0160,5,RMA-700255,295.95,Priya Nair,4,Yes,PRA-80056,appearance did not match room plan,2025-03-15,Color / Appearance,A-10667,Basic Metal Folding Chair,Rework,Verified,2025-03-15,2025-03-12
Closed,245865,FOLD-XL-CUSH,2025-03-07,Northline Venue Services,4,RMA-700641,714.80,Jordan Kim,3,No,PO-95619,finish/color not preferred after delivery,2025-03-20,Color / Appearance,A-10309,Extra Large Cushioned Folding Chair,Restock,Verified,2025-03-23,2025-03-08
Closed,240357,GAME-LG-OTT-BLU,2025-03-06,Ironwood Event Group,4,RMA-700596,4724.17,Marcus Chen,1,No,PO-69022,items no longer needed after event was cancelled,2025-03-12,Changed Mind / No Longer Needed,A-10455,Large Gaming Chair + Ottoman,Rework,Verified,2025-03-12,2025-03-08
Closed,246710,YARD-STD-BLK,2025-03-02,Cedar & Main Store #4627,7,RMA-700753,228.13,Elena Ruiz,1,No,CED-99269,assembly kit incomplete,2025-03-18,Missing Parts / Hardware,A-10887,Standard Yard Chair,Scrap,Verified,2025-03-18,2025-03-06
Closed,248792,FOLD-XL-CUSH,2025-02-28,Summit Home Store #1773,4,RMA-700173,582.56,Owen Brooks,2,Yes,SUM-34443,end users requested different size/fit,2025-03-03,Comfort / Fit Issue,A-10991,Extra Large Cushioned Folding Chair,Scrap,Verified,2025-03-06,2025-02-28
Closed,240988,OFF-STD-GRY,2025-02-28,Leo Foster,2,RMA-700522,1030.23,Devon Hale,1,Yes,240988,several units damaged on arrival,2025-03-05,Damaged in Transit,A-11056,Standard Office Chair,Restock,Verified,2025-03-09,2025-03-02
Closed,245305,OFF-LG-OTT-GRY,2025-02-23,Seaside Operations,5,RMA-700527,3844.53,Carla Mendes,1,No,PO-29161,issue found during unpacking/assembly,2025-03-01,Arrived Defective,A-10126,Large Office Chair + Ottoman,Restock,Verified,2025-03-03,2025-02-24
Closed,242512,OFF-LG-OTT-BLK,2025-02-23,Willow Creek Business Furnishings,2,RMA-700807,1447.91,Luis Romero,2,Yes,242512,end users requested different size/fit,2025-03-04,Comfort / Fit Issue,A-10800,Large Office Chair + Ottoman,Rework,Verified,2025-03-08,2025-02-27
Closed,248877,OFF-STD-BLK,2025-02-22,Canyon Meeting Solutions,2,RMA-700208,763.94,Jordan Kim,2,No,PO-84466,finish/color not preferred after delivery,2025-03-06,Color / Appearance,A-10529,Standard Office Chair,Rework,Verified,2025-03-06,2025-02-23
Denied,243781,OFF-LG-OTT-GRY,2025-02-18,Chloe Parker,1,RMA-700236,0.00,Marcus Chen,1,Yes,243781,finish/color not preferred after delivery,,Color / Appearance,A-10944,Large Office Chair + Ottoman,,Verified,,
Closed,242712,FOLD-CUSH,2025-02-12,PrimeHouse Store #7077,9,RMA-700703,831.96,Priya Nair,4,Yes,PRI-72623,account says chair does not fit intended users,2025-02-25,Comfort / Fit Issue,A-10117,Metal Folding Chair with Cushion,Scrap,Verified,2025-02-28,2025-02-14
Closed,247170,GAME-STD-BLU,2025-02-11,HomeHarbor Store #1502,3,RMA-700344,2049.72,Luis Romero,1,Yes,HOM-74223,warehouse shipment did not match order line,2025-02-25,Wrong Product Shipped,A-10096,Gaming Chair,Restock,Verified,2025-03-02,2025-02-15
Closed,240646,OFF-LG-BLK,2025-02-10,Summit Home Store #6393,3,RMA-700244,1394.52,Luis Romero,1,Yes,SUM-21668,cartons show transit damage,2025-02-13,Damaged in Transit,A-10121,Large Office Chair,Restock,Verified,2025-02-15,2025-02-10
Closed,244561,FOLD-XL-CUSH,2025-02-10,HomeHarbor Store #3664,2,RMA-700436,291.28,Jordan Kim,4,No,HOM-41143,cartons show transit damage,2025-02-16,Damaged in Transit,A-10779,Extra Large Cushioned Folding Chair,Restock,Verified,2025-02-21,2025-02-13
Closed,245400,FOLD-XL-CUSH,2025-02-09,Willow Creek Conference Services,3,RMA-700811,468.12,Luis Romero,3,Yes,PO-65370,warehouse shipment did not match order line,2025-02-17,Wrong Product Shipped,A-11003,Extra Large Cushioned Folding Chair,Rework,Verified,2025-02-22,2025-02-11
Closed,249090,FOLD-XL-CUSH,2025-02-07,Northline Venue Services,1,RMA-700597,157.68,Jordan Kim,2,No,PO-97259,hardware missing from cartons,2025-02-20,Missing Parts / Hardware,A-10309,Extra Large Cushioned Folding Chair,Restock,Verified,2025-02-22,2025-02-09
Closed,247880,PART-YARD-FOOT,2025-02-04,GreenLine Living Store #4952,3,RMA-700492,38.31,Jordan Kim,3,Yes,GRE-71075,items no longer needed after event was cancelled,2025-02-11,Changed Mind / No Longer Needed,A-10707,Yard Chair Foot Cap Set,Scrap,Verified,2025-02-15,2025-02-05
Closed,240307,OFF-LG-BLK,2025-02-01,Lakeside Training Center,4,RMA-700042,2591.46,Luis Romero,1,Yes,PO-88231,several units damaged on arrival,2025-02-11,Damaged in Transit,A-10958,Large Office Chair,Restock,Verified,2025-02-13,2025-02-04
Closed,249701,OFF-STD-BLK,2025-02-01,Audrey Long,1,RMA-700652,511.79,Priya Nair,1,Yes,249701,end users requested different size/fit,2025-02-08,Comfort / Fit Issue,A-11016,Standard Office Chair,Rework,Verified,2025-02-13,2025-02-02
Closed,243689,GAME-LG-OTT-BLU,2025-01-28,Caleb Price,2,RMA-700554,2813.25,Devon Hale,1,No,243689,account says chair does not fit intended users,2025-02-05,Comfort / Fit Issue,A-10056,Large Gaming Chair + Ottoman,Rework,Verified,2025-02-10,2025-01-28
Waiting for Information,246764,YARD-STD-GRN,2025-01-27,Summit Home Store #2391,3,RMA-700460,0.00,Luis Romero,2,Yes,SUM-73397,account confirmed wrong model was ordered,,Account Ordered Wrong Product,A-10766,Standard Yard Chair,,Missing,,
Closed,242124,FOLD-XL-CUSH,2025-01-27,Cornerstone Home Store #9215,3,RMA-700801,436.92,Owen Brooks,2,No,COR-22617,unit did not function correctly out of box,2025-02-04,Arrived Defective,A-10070,Extra Large Cushioned Folding Chair,Restock,Verified,2025-02-04,2025-01-29
Closed,246076,YARD-HD-BLK,2025-01-26,WestBridge Home Store #5330,4,RMA-700561,236.76,Owen Brooks,4,Yes,WES-68668,unit did not function correctly out of box,2025-02-02,Arrived Defective,A-11128,Heavy Duty Yard Chair,Restock,Verified,2025-02-02,2025-01-26
Closed,248953,PART-YARD-HDW,2025-01-24,Twin Rivers Design Studio,1,RMA-700134,26.03,Elena Ruiz,2,Yes,PO-12900,issue found during unpacking/assembly,2025-02-07,Arrived Defective,A-10955,Yard Chair Hardware Kit,Rework,Verified,2025-02-10,2025-01-26
Closed,246495,YARD-STD-BLK,2025-01-24,BluePeak Home Store #7164,2,RMA-700223,65.18,Jordan Kim,1,Yes,BLU-19423,issue found during unpacking/assembly,2025-01-31,Arrived Defective,A-11154,Standard Yard Chair,Restock,Verified,2025-02-03,2025-01-28
Closed,240410,FOLD-CUSH,2025-01-23,Cornerstone Home Store #1062,2,RMA-700110,184.88,Leah Winters,2,Yes,COR-14053,account project changed after delivery,2025-01-29,Changed Mind / No Longer Needed,A-10137,Metal Folding Chair with Cushion,Scrap,Verified,2025-02-01,2025-01-25
Closed,249113,OFF-STD-BLK,2025-01-22,Highland Property Group,3,RMA-700184,1134.20,Elena Ruiz,4,No,249113,several units damaged on arrival,2025-02-02,Damaged in Transit,A-10931,Standard Office Chair,Rework,Verified,2025-02-02,2025-01-23
Closed,247288,GAME-LG-OTT-BLU,2025-01-22,Riverstone Home Store #7657,4,RMA-700827,3844.64,Elena Ruiz,2,No,RIV-34348,extra quantity not needed after final headcount,2025-01-31,Account Ordered Too Many,A-11064,Large Gaming Chair + Ottoman,Restock,Verified,2025-02-03,2025-01-23
Closed,240985,YARD-STD-GRN,2025-01-20,Cedar & Main Store #0035,2,RMA-700219,65.18,Leah Winters,1,Yes,CED-67968,items no longer needed after event was cancelled,2025-01-30,Changed Mind / No Longer Needed,A-10270,Standard Yard Chair,Restock,Verified,2025-01-30,2025-01-20
Closed,240948,FOLD-XL-CUSH,2025-01-19,Aspen Workplace Group,1,RMA-700303,177.66,Leah Winters,1,No,PO-28330,purchasing selected wrong chair configuration,2025-01-29,Account Ordered Wrong Product,A-11174,Extra Large Cushioned Folding Chair,Restock,Verified,2025-01-30,2025-01-20
Closed,242029,FOLD-CUSH,2025-01-19,Riverstone Home Store #3858,5,RMA-700350,462.20,Leah Winters,3,No,RIV-66352,items no longer needed after event was cancelled,2025-01-26,Changed Mind / No Longer Needed,A-10987,Metal Folding Chair with Cushion,Restock,Verified,2025-01-29,2025-01-21
Closed,246054,YARD-HD-WHT,2025-01-18,Cedar & Main Store #1069,2,RMA-700770,125.90,Carla Mendes,1,Yes,CED-83768,purchasing selected wrong chair configuration,2025-01-23,Account Ordered Wrong Product,A-10878,Heavy Duty Yard Chair,Rework,Verified,2025-01-26,2025-01-20
Closed,242189,FOLD-XL-CUSH,2025-01-15,Clearwater Hospitality Group,2,RMA-700043,383.29,Elena Ruiz,3,Yes,242189,account confirmed wrong model was ordered,2025-01-21,Account Ordered Wrong Product,A-10290,Extra Large Cushioned Folding Chair,Rework,Verified,2025-01-26,2025-01-18
Closed,244978,PART-FOLD-HINGE,2025-01-13,Fairview Commercial Interiors,7,RMA-700103,325.85,Owen Brooks,1,Yes,244978,warehouse shipment did not match order line,2025-01-26,Wrong Product Shipped,A-10966,Folding Chair Hinge Set,Restock,Verified,2025-01-30,2025-01-15
Closed,249292,FOLD-XL-CUSH,2025-01-12,MetroHouse Store #5487,3,RMA-700021,436.92,Carla Mendes,4,Yes,MET-64637,issue found during unpacking/assembly,2025-01-23,Arrived Defective,A-10731,Extra Large Cushioned Folding Chair,Restock,Verified,2025-01-28,2025-01-16
Closed,244880,GAME-LG-RED,2025-01-09,HomeHarbor Store #1502,3,RMA-700445,2349.12,Luis Romero,1,Yes,HOM-24372,issue found during unpacking/assembly,2025-01-17,Arrived Defective,A-10096,Large Gaming Chair,Restock,Verified,2025-01-17,2025-01-11
Closed,242986,YARD-HD-NVY,2025-01-09,PrimeHouse Store #1308,7,RMA-700504,444.99,Carla Mendes,4,No,PRI-49194,account says chair does not fit intended users,2025-01-21,Comfort / Fit Issue,A-10830,Heavy Duty Yard Chair,Scrap,Verified,2025-01-24,2025-01-09
Closed,242189,OFF-STD-OTT-GRY,2025-01-09,Clearwater Hospitality Group,2,RMA-700694,1135.89,Elena Ruiz,1,No,242189,unit did not function correctly out of box,2025-01-18,Arrived Defective,A-10290,Standard Office Chair + Ottoman,Restock,Verified,2025-01-18,2025-01-10
Closed,242593,GAME-LG-OTT-BLU,2025-01-02,Cascade Purchasing Group,6,RMA-700217,6151.44,Carla Mendes,3,Yes,PO-66725,account project changed after delivery,2025-01-12,Changed Mind / No Longer Needed,A-10261,Large Gaming Chair + Ottoman,Scrap,Verified,2025-01-15,2025-01-03
Closed,248050,FOLD-XL-CUSH,2024-12-28,Canyon Facilities,3,RMA-700031,530.52,Priya Nair,2,Yes,PO-11008,end users requested different size/fit,2025-01-03,Comfort / Fit Issue,A-10947,Extra Large Cushioned Folding Chair,Scrap,Verified,2025-01-04,2024-12-30
Closed,244154,OFF-STD-BLK,2024-12-28,WestBridge Home Store #9705,6,RMA-700706,1991.04,Carla Mendes,3,Yes,WES-74939,extra quantity not needed after final headcount,2025-01-06,Account Ordered Too Many,A-10537,Standard Office Chair,Restock,Verified,2025-01-09,2024-12-29
Closed,249805,YARD-HD-BLK,2024-12-26,Cedar & Main Store #0035,1,RMA-700797,63.41,Owen Brooks,1,Yes,CED-26816,unit did not function correctly out of box,2025-01-04,Arrived Defective,A-10270,Heavy Duty Yard Chair,Restock,Verified,2025-01-08,2024-12-26
Closed,240533,YARD-HD-BLK,2024-12-22,Cedar & Main Store #1098,4,RMA-700675,236.76,Jordan Kim,4,No,CED-40689,extra quantity not needed after final headcount,2025-01-07,Account Ordered Too Many,A-10708,Heavy Duty Yard Chair,Restock,Verified,2025-01-12,2024-12-26
Closed,240841,OFF-STD-BLK,2024-12-19,Redwood Event Group,2,RMA-700430,815.87,Luis Romero,3,Yes,240841,unit did not function correctly out of box,2024-12-27,Arrived Defective,A-10607,Standard Office Chair,Rework,Verified,2024-12-31,2024-12-19
Closed,248731,OFF-STD-BLK,2024-12-18,Fairview Campus Services,4,RMA-700835,1508.07,Jordan Kim,3,Yes,PO-55954,issue found during unpacking/assembly,2024-12-23,Arrived Defective,A-10005,Standard Office Chair,Restock,Verified,2024-12-27,2024-12-19
Closed,249580,FOLD-MET-STD,2024-12-17,Golden State Workspace Solutions,9,RMA-700515,646.83,Carla Mendes,2,Yes,PO-37255,purchasing selected wrong chair configuration,2024-12-28,Account Ordered Wrong Product,A-10266,Basic Metal Folding Chair,Restock,Verified,2024-12-30,2024-12-18
Closed,240803,PART-OFF-BASE,2024-12-17,Brookfield Community Center,3,RMA-700543,299.20,Luis Romero,4,Yes,PO-37437,hardware missing from cartons,2024-12-29,Missing Parts / Hardware,A-10885,Office Chair Base,Restock,Verified,2025-01-01,2024-12-17
Closed,242565,OFF-LG-OTT-GRY,2024-12-17,Silver Lake Venue Services,2,RMA-700723,1455.78,Luis Romero,1,Yes,PO-39290,end users requested different size/fit,2024-12-25,Comfort / Fit Issue,A-10322,Large Office Chair + Ottoman,Restock,Verified,2024-12-26,2024-12-21
Closed,249956,PART-FOLD-CUSH,2024-12-16,Pioneer Campus Services,3,RMA-700843,111.15,Jordan Kim,2,No,249956,extra quantity not needed after final headcount,2024-12-26,Account Ordered Too Many,A-10848,Folding Chair Cushion Pad,Restock,Verified,2024-12-28,2024-12-19
Closed,243328,FOLD-XL-CUSH,2024-12-15,Copper Hill Property Group,2,RMA-700159,353.00,Luis Romero,2,No,PO-36921,warehouse shipment did not match order line,2024-12-27,Wrong Product Shipped,A-11202,Extra Large Cushioned Folding Chair,Restock,Verified,2024-12-29,2024-12-17
Closed,245619,OFF-STD-GRY,2024-12-13,Pioneer Facilities,4,RMA-700613,1870.80,Owen Brooks,1,Yes,PO-76827,hardware missing from cartons,2024-12-18,Missing Parts / Hardware,A-10110,Standard Office Chair,Restock,Verified,2024-12-20,2024-12-14
Closed,243104,YARD-HD-GRN,2024-12-11,Atlas Home Goods Store #4813,1,RMA-700663,59.19,Luis Romero,2,Yes,ATL-10429,account overordered for site rollout,2024-12-14,Account Ordered Too Many,A-10296,Heavy Duty Yard Chair,Restock,Verified,2024-12-16,2024-12-11
Closed,248297,OFF-LG-BLK,2024-12-11,Clearwater Purchasing Group,3,RMA-700721,1593.72,Elena Ruiz,2,Yes,248297,unit did not function correctly out of box,2024-12-22,Arrived Defective,A-10927,Large Office Chair,Restock,Verified,2024-12-25,2024-12-11
Closed,240841,OFF-STD-BLK,2024-12-09,Redwood Event Group,8,RMA-700271,3263.47,Luis Romero,3,Yes,240841,unit did not function correctly out of box,2024-12-16,Arrived Defective,A-10607,Standard Office Chair,Rework,Verified,2024-12-16,2024-12-12
Closed,240803,OFF-LG-OTT-GRY,2024-12-07,Brookfield Community Center,6,RMA-700188,4516.05,Luis Romero,2,No,PO-37437,account project changed after delivery,2024-12-17,Changed Mind / No Longer Needed,A-10885,Large Office Chair + Ottoman,Restock,Verified,2024-12-21,2024-12-10
Closed,249580,PART-FOLD-CUSH,2024-12-07,Golden State Workspace Solutions,1,RMA-700654,31.49,Carla Mendes,1,Yes,PO-37255,assembly kit incomplete,2024-12-13,Missing Parts / Hardware,A-10266,Folding Chair Cushion Pad,Rework,Verified,2024-12-16,2024-12-08
Closed,248521,PART-OFF-HDW,2024-12-02,Clearwater Hospitality Group,3,RMA-700665,89.86,Elena Ruiz,1,No,PO-13556,hardware missing from cartons,2024-12-15,Missing Parts / Hardware,A-10290,Office Chair Hardware Kit,Restock,Verified,2024-12-17,2024-12-06
Closed,241198,FOLD-XL-CUSH,2024-11-25,Meridian Office Interiors,4,RMA-700773,624.16,Marcus Chen,1,No,241198,items no longer needed after event was cancelled,2024-12-04,Changed Mind / No Longer Needed,A-10462,Extra Large Cushioned Folding Chair,Restock,Verified,2024-12-04,2024-11-28
Closed,246577,PART-YARD-LEG,2024-11-23,Bluewater Purchasing Group,5,RMA-700053,149.29,Marcus Chen,1,Yes,246577,unit did not function correctly out of box,2024-12-07,Arrived Defective,A-10749,Yard Chair Replacement Leg,Scrap,Verified,2024-12-12,2024-11-27
Closed,244870,OFF-STD-BLK,2024-11-16,Summit Home Store #9444,2,RMA-700614,805.88,Jordan Kim,1,No,SUM-43373,warehouse shipment did not match order line,2024-11-29,Wrong Product Shipped,A-10278,Standard Office Chair,Scrap,Verified,2024-12-01,2024-11-19
Closed,246251,OFF-STD-BLK,2024-11-12,Prairie Home Market Store #9593,3,RMA-700171,1066.62,Owen Brooks,3,No,PRA-33752,issue found during unpacking/assembly,2024-11-17,Arrived Defective,A-10027,Standard Office Chair,Restock,Verified,2024-11-22,2024-11-14
Closed,243045,OFF-LG-OTT-GRY,2024-11-12,Miles Long,2,RMA-700189,1890.65,Devon Hale,1,No,243045,items no longer needed after event was cancelled,2024-11-17,Changed Mind / No Longer Needed,A-10685,Large Office Chair + Ottoman,Rework,Verified,2024-11-19,2024-11-13
Closed,247745,OFF-STD-BLK,2024-11-08,Highland Facility Services,10,RMA-700318,4026.06,Carla Mendes,4,No,PO-84159,issue found during unpacking/assembly,2024-11-19,Arrived Defective,A-10993,Standard Office Chair,Rework,Verified,2024-11-24,2024-11-12
Closed,241945,FOLD-MET-STD,2024-11-06,Oak & Pine Event Group,5,RMA-700795,403.80,Luis Romero,1,Yes,PO-35556,account says chair does not fit intended users,2024-11-15,Comfort / Fit Issue,A-10279,Basic Metal Folding Chair,Rework,Verified,2024-11-16,2024-11-09
Closed,244574,GAME-STD-OTT-RED,2024-11-05,Pioneer Church Supply,3,RMA-700325,2663.75,Luis Romero,2,Yes,244574,extra quantity not needed after final headcount,2024-11-13,Account Ordered Too Many,A-10660,Gaming Chair + Ottoman,Restock,Verified,2024-11-13,2024-11-05
Closed,244297,YARD-STD-GRN,2024-11-02,PrimeHouse Store #1308,2,RMA-700392,65.18,Luis Romero,1,No,PRI-69312,items no longer needed after event was cancelled,2024-11-10,Changed Mind / No Longer Needed,A-10830,Standard Yard Chair,Rework,Verified,2024-11-15,2024-11-05
Denied,240186,YARD-STD-BLK,2024-10-26,Clearwater Workplace Group,2,RMA-700489,0.00,Owen Brooks,5,Yes,240186,account received duplicate quantity,,Duplicate Order / Shipment,A-10248,Standard Yard Chair,,Verified,,
Denied,245095,OFF-LG-BLK,2024-10-23,GreenLine Living Store #4445,8,RMA-700702,0.00,Leah Winters,1,Yes,GRE-75996,finish/color not preferred after delivery,,Color / Appearance,A-10041,Large Office Chair,,Verified,,
Closed,243270,PART-OFF-GAS,2024-10-21,Cedar & Main Store #0035,5,RMA-700542,224.20,Jordan Kim,4,Yes,CED-42629,cartons show transit damage,2024-11-06,Damaged in Transit,A-10270,Office Chair Gas Lift,Restock,Verified,2024-11-11,2024-10-25
Closed,248456,FOLD-XL-CUSH,2024-10-20,Silver Lake Corporate Services,1,RMA-700343,176.84,Carla Mendes,1,Yes,PO-47929,account confirmed wrong model was ordered,2024-10-29,Account Ordered Wrong Product,A-10130,Extra Large Cushioned Folding Chair,Rework,Verified,2024-11-02,2024-10-20
Closed,244513,YARD-HD-BLK,2024-10-19,NorthMart Store #4896,19,RMA-700324,1124.61,Carla Mendes,4,No,NOR-73685,cartons show transit damage,2024-10-26,Damaged in Transit,A-10960,Heavy Duty Yard Chair,Restock,Verified,2024-10-28,2024-10-23
Closed,242091,YARD-STD-NVY,2024-10-18,Brighton Business Furnishings,1,RMA-700125,40.43,Owen Brooks,1,Yes,PO-59078,appearance did not match room plan,2024-10-24,Color / Appearance,A-10009,Standard Yard Chair,Restock,Verified,2024-10-25,2024-10-18
Closed,243579,OFF-LG-GRY,2024-10-18,Brookfield Workplace Group,2,RMA-700724,996.08,Carla Mendes,4,Yes,PO-63647,account overordered for site rollout,2024-10-31,Account Ordered Too Many,A-11094,Large Office Chair,Scrap,Verified,2024-11-02,2024-10-19
Closed,248654,FOLD-MET-STD,2024-10-17,GreenLine Living Store #9430,5,RMA-700519,317.05,Owen Brooks,1,Yes,GRE-72244,unit did not function correctly out of box,2024-10-26,Arrived Defective,A-11005,Basic Metal Folding Chair,Rework,Verified,2024-10-31,2024-10-21
Closed,242169,OFF-STD-OTT-GRY,2024-10-16,Clearwater Event Group,3,RMA-700565,1377.05,Carla Mendes,2,Yes,PO-50273,duplicate shipment confirmed by account,2024-10-25,Duplicate Order / Shipment,A-10554,Standard Office Chair + Ottoman,Rework,Verified,2024-10-26,2024-10-20
Closed,245049,GAME-STD-OTT-RED,2024-10-14,Seaside Facilities,1,RMA-700544,886.11,Carla Mendes,1,No,PO-27249,account project changed after delivery,2024-10-21,Changed Mind / No Longer Needed,A-10765,Gaming Chair + Ottoman,Rework,Verified,2024-10-21,2024-10-16
Closed,249108,YARD-STD-NVY,2024-10-13,Hearthside Market Store #8796,4,RMA-700369,130.36,Owen Brooks,2,No,HEA-91011,extra quantity not needed after final headcount,2024-10-18,Account Ordered Too Many,A-10538,Standard Yard Chair,Scrap,Verified,2024-10-21,2024-10-15
Closed,246030,GAME-STD-OTT-RED,2024-10-13,NorthMart Store #1765,7,RMA-700615,5115.88,Owen Brooks,3,No,NOR-47070,issue found during unpacking/assembly,2024-10-16,Arrived Defective,A-10222,Gaming Chair + Ottoman,Restock,Verified,2024-10-21,2024-10-13
Closed,248645,FOLD-MET-STD,2024-10-11,Willow Creek Business Furnishings,2,RMA-700664,146.79,Marcus Chen,2,Yes,PO-45940,end users requested different size/fit,2024-10-19,Comfort / Fit Issue,A-10800,Basic Metal Folding Chair,Restock,Verified,2024-10-20,2024-10-13
Closed,249263,OFF-STD-OTT-BLK,2024-10-10,Sofia Morgan,2,RMA-700319,1340.36,Devon Hale,1,Yes,249263,duplicate shipment confirmed by account,2024-10-18,Duplicate Order / Shipment,A-11155,Standard Office Chair + Ottoman,Restock,Verified,2024-10-21,2024-10-12
Closed,244915,OFF-STD-OTT-BLK,2024-10-10,Lena Long,2,RMA-700395,1341.10,Devon Hale,1,No,244915,unit did not function correctly out of box,2024-10-18,Arrived Defective,A-11161,Standard Office Chair + Ottoman,Restock,Verified,2024-10-21,2024-10-11
Closed,248296,OFF-LG-GRY,2024-10-09,Isaac Reed,1,RMA-700573,664.05,Elena Ruiz,1,No,248296,end users requested different size/fit,2024-10-16,Comfort / Fit Issue,A-11019,Large Office Chair,Rework,Verified,2024-10-16,2024-10-12
Closed,244692,GAME-STD-OTT-BLU,2024-10-08,Harborview Procurement,4,RMA-700547,3986.07,Owen Brooks,3,Yes,PO-94339,account project changed after delivery,2024-10-12,Changed Mind / No Longer Needed,A-10337,Gaming Chair + Ottoman,Rework,Verified,2024-10-15,2024-10-09
Closed,241756,FOLD-MET-STD,2024-10-07,Summit Home Store #9444,2,RMA-700389,118.38,Jordan Kim,3,Yes,SUM-61838,warehouse shipment did not match order line,2024-10-21,Wrong Product Shipped,A-10278,Basic Metal Folding Chair,Restock,Verified,2024-10-25,2024-10-09
Denied,246393,FOLD-CUSH,2024-10-05,Atlas Home Goods Store #6254,5,RMA-700404,0.00,Priya Nair,1,No,ATL-74758,finish/color not preferred after delivery,,Color / Appearance,A-10374,Metal Folding Chair with Cushion,,Verified,,
Closed,245086,GAME-LG-RED,2024-10-02,Granite Workspace Solutions,2,RMA-700338,1566.08,Marcus Chen,4,No,PO-77842,end users requested different size/fit,2024-10-11,Comfort / Fit Issue,A-11207,Large Gaming Chair,Restock,Verified,2024-10-11,2024-10-05
Closed,243069,YARD-STD-BLK,2024-10-01,Bluewater Facility Services,7,RMA-700336,254.18,Carla Mendes,2,No,PO-13325,end users requested different size/fit,2024-10-07,Comfort / Fit Issue,A-10654,Standard Yard Chair,Rework,Verified,2024-10-09,2024-10-01
Closed,245051,YARD-STD-BLK,2024-09-30,PrimeHouse Store #4834,3,RMA-700241,97.77,Owen Brooks,3,No,PRI-67242,items no longer needed after event was cancelled,2024-10-15,Changed Mind / No Longer Needed,A-10090,Standard Yard Chair,Rework,Verified,2024-10-19,2024-10-03
Closed,244688,YARD-HD-WHT,2024-09-29,Atlas Home Goods Store #2321,5,RMA-700725,289.70,Priya Nair,4,Yes,ATL-39784,issue found during unpacking/assembly,2024-10-12,Arrived Defective,A-10544,Heavy Duty Yard Chair,Scrap,Verified,2024-10-16,2024-09-30
Closed,242683,GAME-LG-RED,2024-09-28,Jonah Ross,1,RMA-700015,1142.98,Devon Hale,1,Yes,242683,account confirmed wrong model was ordered,2024-10-04,Account Ordered Wrong Product,A-10957,Large Gaming Chair,Restock,Verified,2024-10-05,2024-09-30
Closed,247116,GAME-LG-RED,2024-09-27,Bluewater Facility Services,2,RMA-700346,1737.51,Carla Mendes,1,Yes,PO-84097,end users requested different size/fit,2024-10-08,Comfort / Fit Issue,A-10654,Large Gaming Chair,Scrap,Verified,2024-10-08,2024-09-28
Closed,244979,YARD-STD-NVY,2024-09-20,WestBridge Home Store #6487,1,RMA-700044,33.99,Marcus Chen,2,No,WES-87308,unit did not function correctly out of box,2024-10-05,Arrived Defective,A-10294,Standard Yard Chair,Restock,Verified,2024-10-05,2024-09-24
Closed,242114,OFF-STD-OTT-BLK,2024-09-15,Cornerstone Home Store #9215,2,RMA-700046,863.18,Carla Mendes,1,No,COR-97027,account project changed after delivery,2024-09-24,Changed Mind / No Longer Needed,A-10070,Standard Office Chair + Ottoman,Restock,Verified,2024-09-25,2024-09-19
Closed,240850,FOLD-XL-CUSH,2024-09-14,MetroHouse Store #2116,1,RMA-700269,145.64,Owen Brooks,1,Yes,MET-10558,several units damaged on arrival,2024-09-21,Damaged in Transit,A-10982,Extra Large Cushioned Folding Chair,Restock,Verified,2024-09-24,2024-09-17
Closed,241740,GAME-STD-OTT-RED,2024-09-09,Mason Ridge Corporate Services,2,RMA-700579,1930.58,Jordan Kim,1,No,PO-65001,see case notes from account service,2024-09-20,Other,A-10703,Gaming Chair + Ottoman,Restock,Verified,2024-09-24,2024-09-11
Closed,243438,FOLD-MET-STD,2024-09-07,Cedar & Main Store #1098,5,RMA-700535,317.91,Leah Winters,4,Yes,CED-78726,cartons show transit damage,2024-09-20,Damaged in Transit,A-10708,Basic Metal Folding Chair,Restock,Verified,2024-09-21,2024-09-08
Closed,245790,GAME-LG-OTT-RED,2024-09-06,Pioneer Education Services,3,RMA-700604,3192.45,Marcus Chen,3,No,BLANKET-7265,unit did not function correctly out of box,2024-09-11,Arrived Defective,A-10072,Large Gaming Chair + Ottoman,Restock,Verified,2024-09-14,2024-09-07
Closed,248456,FOLD-XL-CUSH,2024-09-05,Silver Lake Corporate Services,7,RMA-700124,1237.88,Carla Mendes,1,No,PO-47929,items no longer needed after event was cancelled,2024-09-12,Changed Mind / No Longer Needed,A-10130,Extra Large Cushioned Folding Chair,Restock,Verified,2024-09-16,2024-09-08
Closed,240804,OFF-LG-OTT-GRY,2024-09-05,Bluewater Commercial Interiors,10,RMA-700139,6539.80,Owen Brooks,3,Yes,PO-63067,account says pallet included wrong model/color,2024-09-15,Wrong Product Shipped,A-10291,Large Office Chair + Ottoman,Scrap,Verified,2024-09-15,2024-09-07
Closed,246484,FOLD-CUSH,2024-09-04,Ironwood Operations,2,RMA-700379,211.28,Luis Romero,3,Yes,246484,account project changed after delivery,2024-09-07,Changed Mind / No Longer Needed,A-10207,Metal Folding Chair with Cushion,Restock,Verified,2024-09-07,2024-09-04
Closed,244163,YARD-HD-BLK,2024-09-03,GreenLine Living Store #4090,9,RMA-700760,608.76,Marcus Chen,2,Yes,BLANKET-5169,warehouse shipment did not match order line,2024-09-12,Wrong Product Shipped,A-10183,Heavy Duty Yard Chair,Restock,Verified,2024-09-13,2024-09-06
Denied,249393,YARD-HD-GRN,2024-08-31,Prairie Home Market Store #4411,3,RMA-700759,0.00,Leah Winters,3,Yes,PRA-51915,appearance did not match room plan,,Color / Appearance,A-11060,Heavy Duty Yard Chair,,Verified,,
Closed,243056,OFF-STD-OTT-GRY,2024-08-28,Cedar Ridge Event Group,7,RMA-700372,3432.91,Carla Mendes,3,No,243056,account overordered for site rollout,2024-09-08,Account Ordered Too Many,A-10083,Standard Office Chair + Ottoman,Restock,Verified,2024-09-13,2024-09-01
Denied,247932,FOLD-MET-STD,2024-08-27,Fox Hollow Conference Services,2,RMA-700768,0.00,Priya Nair,3,No,PO-16210,items no longer needed after event was cancelled,,Changed Mind / No Longer Needed,A-10395,Basic Metal Folding Chair,,Verified,,
Closed,249672,GAME-STD-OTT-RED,2024-08-20,Highland Facility Services,2,RMA-700291,1772.98,Luis Romero,2,No,PO-61571,end users requested different size/fit,2024-09-01,Comfort / Fit Issue,A-10993,Gaming Chair + Ottoman,Restock,Verified,2024-09-04,2024-08-23
Closed,247444,YARD-STD-GRN,2024-08-19,WestBridge Home Store #8078,4,RMA-700507,127.60,Jordan Kim,2,Yes,WES-21347,items no longer needed after event was cancelled,2024-09-02,Changed Mind / No Longer Needed,A-11138,Standard Yard Chair,Restock,Verified,2024-09-03,2024-08-21
Denied,247801,FOLD-CUSH,2024-08-18,Maple Grove Community Center,4,RMA-700560,0.00,Marcus Chen,2,Yes,PO-34086,account project changed after delivery,,Changed Mind / No Longer Needed,A-11233,Metal Folding Chair with Cushion,,Verified,,
Closed,242543,FOLD-CUSH,2024-08-17,Granite Workspace Solutions,2,RMA-700178,198.08,Luis Romero,2,No,242543,assembly kit incomplete,2024-08-30,Missing Parts / Hardware,A-11207,Metal Folding Chair with Cushion,Restock,Verified,2024-08-31,2024-08-20
Closed,245049,FOLD-XL-CUSH,2024-08-16,Seaside Facilities,1,RMA-700693,176.58,Carla Mendes,5,Yes,PO-27249,cartons show transit damage,2024-08-27,Damaged in Transit,A-10765,Extra Large Cushioned Folding Chair,Scrap,Verified,2024-08-27,2024-08-19
Closed,240874,PART-FOLD-FOOT,2024-08-15,Clearwater Operations,3,RMA-700575,53.72,Marcus Chen,1,No,PO-42655,end users requested different size/fit,2024-08-21,Comfort / Fit Issue,A-11201,Folding Chair Foot Cap Set,Restock,Verified,2024-08-26,2024-08-18
Closed,247700,YARD-HD-GRN,2024-08-11,PrimeHouse Store #7370,3,RMA-700716,186.24,Marcus Chen,1,No,PRI-84095,account confirmed wrong model was ordered,2024-08-15,Account Ordered Wrong Product,A-10171,Heavy Duty Yard Chair,Scrap,Verified,2024-08-20,2024-08-11
Closed,244545,YARD-STD-WHT,2024-08-06,HomeHarbor Store #6373,2,RMA-700138,76.60,Elena Ruiz,4,Yes,HOM-36266,account says chair does not fit intended users,2024-08-14,Comfort / Fit Issue,A-10619,Standard Yard Chair,Restock,Verified,2024-08-19,2024-08-09
Closed,246336,FOLD-MET-STD,2024-08-03,Hearthside Market Store #6764,6,RMA-700521,355.14,Samuel Ortiz,5,No,HEA-33862,finish/color not preferred after delivery,2024-08-18,Color / Appearance,A-10594,Basic Metal Folding Chair,Restock,Verified,2024-08-21,2024-08-07
Closed,241190,GAME-STD-OTT-RED,2024-08-02,Fairview School Supply,10,RMA-700342,8687.60,Marcus Chen,2,No,PO-65418,several units damaged on arrival,2024-08-07,Damaged in Transit,A-10109,Gaming Chair + Ottoman,Rework,Verified,2024-08-10,2024-08-02
Closed,245917,YARD-STD-WHT,2024-07-31,PrimeHouse Store #9690,4,RMA-700237,127.60,Owen Brooks,3,No,PRI-41123,account says chair does not fit intended users,2024-08-11,Comfort / Fit Issue,A-10380,Standard Yard Chair,Scrap,Verified,2024-08-16,2024-08-03
Closed,249393,YARD-HD-GRN,2024-07-30,Prairie Home Market Store #4411,2,RMA-700077,124.88,Leah Winters,3,Yes,PRA-51915,assembly kit incomplete,2024-08-09,Missing Parts / Hardware,A-11060,Heavy Duty Yard Chair,Restock,Verified,2024-08-12,2024-08-02
Closed,246814,GAME-STD-BLU,2024-07-30,Atlas Home Goods Store #5809,3,RMA-700485,1755.75,Carla Mendes,2,No,ATL-57862,issue found during unpacking/assembly,2024-08-08,Arrived Defective,A-10843,Gaming Chair,Restock,Verified,2024-08-11,2024-07-30
Closed,246801,FOLD-XL-CUSH,2024-07-27,Redwood Procurement,1,RMA-700484,185.42,Owen Brooks,1,Yes,PO-62631,issue found during unpacking/assembly,2024-08-07,Arrived Defective,A-11231,Extra Large Cushioned Folding Chair,Rework,Verified,2024-08-12,2024-07-27
Closed,240157,PART-OFF-CAST,2024-07-26,Golden State Venue Services,3,RMA-700574,120.09,Elena Ruiz,1,No,240157,warehouse shipment did not match order line,2024-08-09,Wrong Product Shipped,A-10035,Office Chair Caster Set,Rework,Verified,2024-08-14,2024-07-29
Closed,241964,FOLD-XL-CUSH,2024-07-24,Brighton Office Supply,2,RMA-700105,305.50,Priya Nair,1,No,PO-77358,account says chair does not fit intended users,2024-08-01,Comfort / Fit Issue,A-10197,Extra Large Cushioned Folding Chair,Scrap,Verified,2024-08-02,2024-07-24
Closed,246750,YARD-HD-NVY,2024-07-22,Cedar & Main Store #7584,2,RMA-700546,115.88,Carla Mendes,1,Yes,CED-99847,extra quantity not needed after final headcount,2024-08-05,Account Ordered Too Many,A-10857,Heavy Duty Yard Chair,Rework,Verified,2024-08-06,2024-07-25
Closed,236351,FOLD-XL-CUSH,2024-07-22,BluePeak Home Store #1115,6,RMA-700587,855.42,Elena Ruiz,3,Yes,BLU-20758,items no longer needed after event was cancelled,2024-08-03,Changed Mind / No Longer Needed,A-10387,Extra Large Cushioned Folding Chair,Rework,Verified,2024-08-06,2024-07-25
Closed,247244,GAME-STD-OTT-BLU,2024-07-20,Brighton Facility Services,4,RMA-700774,3679.44,Jordan Kim,3,Yes,PO-82147,account confirmed wrong model was ordered,2024-08-05,Account Ordered Wrong Product,A-10861,Gaming Chair + Ottoman,Restock,Verified,2024-08-10,2024-07-24
Closed,237597,FOLD-CUSH,2024-07-17,Riverstone Home Store #0071,9,RMA-700645,814.41,Carla Mendes,1,No,RIV-60594,account project changed after delivery,2024-07-27,Changed Mind / No Longer Needed,A-10411,Metal Folding Chair with Cushion,Restock,Verified,2024-07-31,2024-07-19
Closed,243280,FOLD-MET-STD,2024-07-16,Riverview Training Center,5,RMA-700211,374.68,Luis Romero,2,Yes,PO-11204,account says pallet included wrong model/color,2024-08-01,Wrong Product Shipped,A-11015,Basic Metal Folding Chair,Restock,Verified,2024-08-06,2024-07-20
Denied,246901,OFF-LG-OTT-GRY,2024-07-11,Pacific Home Store #3972,2,RMA-700349,0.00,Elena Ruiz,1,Yes,PAC-37075,cartons show transit damage,,Damaged in Transit,A-10847,Large Office Chair + Ottoman,,Verified,,
Waiting for Information,247444,OFF-LG-OTT-BLK,2024-07-11,WestBridge Home Store #8078,4,RMA-700793,0.00,Jordan Kim,3,Yes,WES-21347,cartons show transit damage,,Damaged in Transit,A-11138,Large Office Chair + Ottoman,,Missing,,
Closed,247055,GAME-STD-BLU,2024-07-06,Mara Ward,1,RMA-700257,921.25,Devon Hale,1,Yes,247055,account says chair does not fit intended users,2024-07-20,Comfort / Fit Issue,A-10901,Gaming Chair,Rework,Verified,2024-07-20,2024-07-08
Closed,245175,FOLD-MET-STD,2024-07-05,Hillcrest Workspace Solutions,3,RMA-700256,186.24,Carla Mendes,2,No,245175,warehouse shipment did not match order line,2024-07-12,Wrong Product Shipped,A-10695,Basic Metal Folding Chair,Scrap,Verified,2024-07-14,2024-07-09
Closed,249014,YARD-STD-WHT,2024-07-03,Ironwood Facilities,2,RMA-700757,87.88,Marcus Chen,2,No,249014,purchasing selected wrong chair configuration,2024-07-14,Account Ordered Wrong Product,A-10060,Standard Yard Chair,Scrap,Verified,2024-07-14,2024-07-06
Closed,236482,OFF-LG-OTT-BLK,2024-06-30,Summit Ridge Purchasing Group,7,RMA-700117,5294.02,Elena Ruiz,1,No,PO-29119,account confirmed wrong model was ordered,2024-07-06,Account Ordered Wrong Product,A-10704,Large Office Chair + Ottoman,Rework,Verified,2024-07-10,2024-07-01
Closed,247172,GAME-LG-BLU,2024-06-26,Granite Facilities,2,RMA-700149,1635.32,Carla Mendes,4,Yes,PO-78678,end users requested different size/fit,2024-07-02,Comfort / Fit Issue,A-10948,Large Gaming Chair,Restock,Verified,2024-07-07,2024-06-29
Closed,241418,OFF-LG-GRY,2024-06-24,Fox Hollow Meeting Solutions,3,RMA-700803,1650.47,Elena Ruiz,1,No,PO-33278,several units damaged on arrival,2024-07-08,Damaged in Transit,A-10465,Large Office Chair,Restock,Verified,2024-07-09,2024-06-28
Closed,249403,FOLD-CUSH,2024-06-21,Pacific Home Store #5248,7,RMA-700290,633.43,Priya Nair,5,No,PAC-15223,account overordered for site rollout,2024-06-29,Account Ordered Too Many,A-10640,Metal Folding Chair with Cushion,Restock,Verified,2024-07-04,2024-06-25
Closed,235240,GAME-STD-OTT-RED,2024-06-13,Riverview Office Supply,2,RMA-700027,2104.60,Carla Mendes,2,Yes,PO-12235,end users requested different size/fit,2024-06-21,Comfort / Fit Issue,A-10630,Gaming Chair + Ottoman,Rework,Verified,2024-06-23,2024-06-14
Closed,241007,YARD-STD-NVY,2024-06-13,Willow Creek Church Supply,1,RMA-700137,36.46,Priya Nair,3,Yes,241007,warehouse shipment did not match order line,2024-06-19,Wrong Product Shipped,A-10371,Standard Yard Chair,Restock,Verified,2024-06-23,2024-06-14
Closed,236523,OFF-LG-OTT-BLK,2024-06-12,Heritage Conference Services,1,RMA-700402,671.93,Leah Winters,1,Yes,PO-30093,account says chair does not fit intended users,2024-06-19,Comfort / Fit Issue,A-10826,Large Office Chair + Ottoman,Restock,Verified,2024-06-19,2024-06-13
Closed,231675,GAME-LG-OTT-BLU,2024-06-12,Evergreen Conference Services,1,RMA-700847,1141.44,Luis Romero,1,No,PO-35146,account project changed after delivery,2024-06-22,Changed Mind / No Longer Needed,A-10443,Large Gaming Chair + Ottoman,Rework,Verified,2024-06-27,2024-06-12
Denied,241964,OFF-STD-OTT-BLK,2024-06-09,Brighton Office Supply,2,RMA-700418,0.00,Priya Nair,2,Yes,PO-77358,end users requested different size/fit,,Comfort / Fit Issue,A-10197,Standard Office Chair + Ottoman,,Verified,,
Closed,244329,FOLD-CUSH,2024-06-09,HomeHarbor Store #8147,5,RMA-700671,452.45,Jordan Kim,3,No,HOM-95794,cartons show transit damage,2024-06-19,Damaged in Transit,A-11039,Metal Folding Chair with Cushion,Restock,Verified,2024-06-22,2024-06-10
Closed,243280,FOLD-MET-STD,2024-06-08,Riverview Training Center,4,RMA-700115,299.75,Luis Romero,2,Yes,PO-11204,appearance did not match room plan,2024-06-19,Color / Appearance,A-11015,Basic Metal Folding Chair,Rework,Verified,2024-06-22,2024-06-10
Closed,245700,GAME-STD-OTT-RED,2024-06-07,Amelia Nguyen,1,RMA-700041,1111.20,Priya Nair,1,Yes,245700,account says chair does not fit intended users,2024-06-16,Comfort / Fit Issue,A-10485,Gaming Chair + Ottoman,Rework,Verified,2024-06-20,2024-06-10
Closed,230239,OFF-LG-BLK,2024-06-05,Maya Parker,1,RMA-700091,701.81,Devon Hale,1,Yes,230239,warehouse shipment did not match order line,2024-06-19,Wrong Product Shipped,A-11248,Large Office Chair,Rework,Verified,2024-06-21,2024-06-08
Closed,241710,GAME-LG-BLU,2024-06-04,Riley Price,1,RMA-700282,1176.81,Luis Romero,1,Yes,241710,return approved after manager review,2024-06-15,Other,A-10740,Large Gaming Chair,Rework,Verified,2024-06-16,2024-06-05
Denied,242933,YARD-STD-WHT,2024-06-02,Summit Home Store #2560,1,RMA-700781,0.00,Luis Romero,3,Yes,SUM-60044,account overordered for site rollout,,Account Ordered Too Many,A-10123,Standard Yard Chair,,Verified,,
Closed,241425,GAME-STD-OTT-RED,2024-05-30,Stonebridge Business Furnishings,9,RMA-700462,7818.84,Elena Ruiz,2,No,241425,account says chair does not fit intended users,2024-06-11,Comfort / Fit Issue,A-10036,Gaming Chair + Ottoman,Rework,Verified,2024-06-14,2024-05-30
Closed,246944,GAME-STD-RED,2024-05-26,Pacific Home Store #4628,3,RMA-700455,1755.75,Elena Ruiz,2,Yes,PAC-97565,account project changed after delivery,2024-05-31,Changed Mind / No Longer Needed,A-10345,Gaming Chair,Restock,Verified,2024-06-04,2024-05-27
Closed,241579,PART-FOLD-HINGE,2024-05-24,Parkside Campus Services,5,RMA-700001,242.70,Priya Nair,1,Yes,PO-45778,account confirmed wrong model was ordered,2024-06-05,Account Ordered Wrong Product,A-10017,Folding Chair Hinge Set,Rework,Verified,2024-06-08,2024-05-24
Closed,243815,OFF-LG-GRY,2024-05-22,Juniper Education Services,1,RMA-700176,559.57,Marcus Chen,1,No,PO-66932,unit did not function correctly out of box,2024-06-04,Arrived Defective,A-10928,Large Office Chair,Restock,Verified,2024-06-07,2024-05-24
Closed,231412,GAME-STD-BLU,2024-05-21,Elmwood Operations,3,RMA-700423,2261.60,Luis Romero,2,Yes,PO-88487,items no longer needed after event was cancelled,2024-05-26,Changed Mind / No Longer Needed,A-11031,Gaming Chair,Restock,Verified,2024-05-27,2024-05-22
Closed,232308,OFF-STD-OTT-GRY,2024-05-20,Isaac Carter,1,RMA-700666,650.90,Devon Hale,1,Yes,232308,assembly kit incomplete,2024-05-29,Missing Parts / Hardware,A-10571,Standard Office Chair + Ottoman,Scrap,Verified,2024-06-02,2024-05-20
Closed,246836,YARD-STD-NVY,2024-05-19,Summit Home Store #9370,13,RMA-700373,414.70,Carla Mendes,5,No,SUM-11384,return approved after manager review,2024-06-03,Other,A-10227,Standard Yard Chair,Restock,Verified,2024-06-07,2024-05-23
Closed,238521,PART-FOLD-FOOT,2024-05-16,NorthMart Store #8179,2,RMA-700129,24.74,Marcus Chen,1,Yes,NOR-45549,several units damaged on arrival,2024-05-30,Damaged in Transit,A-10316,Folding Chair Foot Cap Set,Restock,Verified,2024-05-31,2024-05-19
Closed,237597,FOLD-CUSH,2024-05-16,Riverstone Home Store #0071,2,RMA-700690,180.98,Carla Mendes,1,No,RIV-60594,hardware missing from cartons,2024-05-23,Missing Parts / Hardware,A-10411,Metal Folding Chair with Cushion,Rework,Verified,2024-05-23,2024-05-17
Closed,235930,YARD-HD-NVY,2024-05-07,Hearthside Market Store #8485,2,RMA-700599,124.16,Leah Winters,1,No,HEA-64542,see case notes from account service,2024-05-21,Other,A-11193,Heavy Duty Yard Chair,Restock,Verified,2024-05-23,2024-05-10
Closed,247455,YARD-HD-GRN,2024-05-04,Bluewater Community Center,1,RMA-700688,76.30,Owen Brooks,1,No,PO-33761,issue found during unpacking/assembly,2024-05-12,Arrived Defective,A-10783,Heavy Duty Yard Chair,Restock,Verified,2024-05-17,2024-05-06
Closed,233070,FOLD-MET-STD,2024-04-30,Riverstone Home Store #6793,4,RMA-700060,231.76,Carla Mendes,3,No,RIV-16915,account project changed after delivery,2024-05-07,Changed Mind / No Longer Needed,A-10613,Basic Metal Folding Chair,Restock,Verified,2024-05-12,2024-05-02
Closed,236048,FOLD-XL-CUSH,2024-04-30,Urban Nest Store #2372,2,RMA-700399,285.14,Carla Mendes,3,Yes,URB-84456,account confirmed wrong model was ordered,2024-05-06,Account Ordered Wrong Product,A-10430,Extra Large Cushioned Folding Chair,Restock,Verified,2024-05-06,2024-05-03
Closed,249919,PART-OFF-GAS,2024-04-28,Hearthside Market Store #4021,3,RMA-700224,123.45,Leah Winters,4,No,HEA-83159,extra quantity not needed after final headcount,2024-05-02,Account Ordered Too Many,A-10330,Office Chair Gas Lift,Scrap,Verified,2024-05-07,2024-04-28
Closed,244867,GAME-STD-OTT-BLU,2024-04-24,Stonebridge School Supply,6,RMA-700824,4905.96,Priya Nair,1,No,PO-90494,items no longer needed after event was cancelled,2024-05-05,Changed Mind / No Longer Needed,A-10424,Gaming Chair + Ottoman,Rework,Verified,2024-05-09,2024-04-25
Closed,246269,FOLD-CUSH,2024-04-21,Isaac Kim,3,RMA-700141,479.07,Samuel Ortiz,1,Yes,246269,extra quantity not needed after final headcount,2024-04-29,Account Ordered Too Many,A-10475,Metal Folding Chair with Cushion,Scrap,Verified,2024-05-03,2024-04-21
Closed,231793,GAME-LG-OTT-RED,2024-04-20,Willow Creek Commercial Interiors,3,RMA-700676,3025.25,Elena Ruiz,4,No,PO-78973,account project changed after delivery,2024-05-04,Changed Mind / No Longer Needed,A-10176,Large Gaming Chair + Ottoman,Restock,Verified,2024-05-05,2024-04-24
Closed,242821,OFF-LG-BLK,2024-04-19,Mason Ridge Hospitality Group,7,RMA-700066,3661.75,Carla Mendes,1,Yes,PO-23270,assembly kit incomplete,2024-05-01,Missing Parts / Hardware,A-10840,Large Office Chair,Rework,Verified,2024-05-01,2024-04-21
Denied,232091,OFF-STD-OTT-BLK,2024-04-15,Heritage Conference Services,1,RMA-700191,0.00,Marcus Chen,2,Yes,PO-92489,issue found during unpacking/assembly,,Arrived Defective,A-10826,Standard Office Chair + Ottoman,,Verified,,
Closed,237861,YARD-HD-BLK,2024-04-15,GreenLine Living Store #0800,5,RMA-700384,289.70,Samuel Ortiz,2,No,GRE-55788,cartons show transit damage,2024-04-19,Damaged in Transit,A-10179,Heavy Duty Yard Chair,Scrap,Verified,2024-04-24,2024-04-15
Closed,230449,FOLD-MET-STD,2024-04-14,Hearthside Market Store #2705,2,RMA-700205,115.88,Luis Romero,3,No,HEA-51186,account says pallet included wrong model/color,2024-04-21,Wrong Product Shipped,A-10187,Basic Metal Folding Chair,Restock,Verified,2024-04-22,2024-04-18
Closed,244794,OFF-LG-OTT-GRY,2024-04-14,PrimeHouse Store #3370,2,RMA-700289,1144.46,Elena Ruiz,3,Yes,PRI-53794,cartons show transit damage,2024-04-21,Damaged in Transit,A-11029,Large Office Chair + Ottoman,Restock,Verified,2024-04-21,2024-04-16
Closed,233480,GAME-STD-OTT-BLU,2024-04-12,PrimeHouse Store #3370,9,RMA-700809,6300.54,Elena Ruiz,2,Yes,PRI-97387,account says chair does not fit intended users,2024-04-21,Comfort / Fit Issue,A-11029,Gaming Chair + Ottoman,Restock,Verified,2024-04-24,2024-04-13
Closed,235888,OFF-STD-GRY,2024-04-10,Miles Nguyen,2,RMA-700425,999.01,Devon Hale,1,Yes,235888,account says pallet included wrong model/color,2024-04-22,Wrong Product Shipped,A-10801,Standard Office Chair,Scrap,Verified,2024-04-24,2024-04-14
Closed,238772,YARD-HD-GRN,2024-04-09,Hearthside Market Store #0387,7,RMA-700203,426.52,Marcus Chen,3,No,HEA-74643,extra quantity not needed after final headcount,2024-04-14,Account Ordered Too Many,A-11146,Heavy Duty Yard Chair,Restock,Verified,2024-04-18,2024-04-10
Closed,239282,FOLD-MET-STD,2024-04-05,NorthMart Store #9907,2,RMA-700161,121.48,Carla Mendes,2,Yes,NOR-37601,account says chair does not fit intended users,2024-04-18,Comfort / Fit Issue,A-10168,Basic Metal Folding Chair,Restock,Verified,2024-04-19,2024-04-06
Closed,231729,OFF-STD-GRY,2024-04-02,Meridian Hospitality Group,9,RMA-700564,3473.82,Owen Brooks,1,Yes,PO-18887,items no longer needed after event was cancelled,2024-04-18,Changed Mind / No Longer Needed,A-10636,Standard Office Chair,Restock,Verified,2024-04-18,2024-04-06
Closed,230525,OFF-STD-GRY,2024-03-30,Elliot Hayes,1,RMA-700210,487.40,Devon Hale,1,Yes,230525,several units damaged on arrival,2024-04-12,Damaged in Transit,A-10814,Standard Office Chair,Restock,Verified,2024-04-15,2024-04-02
Closed,233135,FOLD-CUSH,2024-03-30,Oak & Pine Workspace Solutions,1,RMA-700684,107.46,Luis Romero,1,Yes,PO-47787,several units damaged on arrival,2024-04-07,Damaged in Transit,A-11011,Metal Folding Chair with Cushion,Restock,Verified,2024-04-11,2024-04-01
Denied,234808,GAME-LG-BLU,2024-03-30,Northline Meeting Solutions,1,RMA-700800,0.00,Luis Romero,3,Yes,PO-67833,unit did not function correctly out of box,,Arrived Defective,A-11105,Large Gaming Chair,,Missing,,
Closed,248709,YARD-STD-WHT,2024-03-27,Prairie Home Market Store #0937,4,RMA-700365,136.72,Leah Winters,2,Yes,PRA-45100,items no longer needed after event was cancelled,2024-04-08,Changed Mind / No Longer Needed,A-10868,Standard Yard Chair,Scrap,Verified,2024-04-10,2024-03-31
Closed,244352,FOLD-XL-CUSH,2024-03-26,Prairie Home Market Store #5565,12,RMA-700390,1710.84,Owen Brooks,2,No,PRA-86024,issue found during unpacking/assembly,2024-04-03,Arrived Defective,A-10340,Extra Large Cushioned Folding Chair,Rework,Verified,2024-04-05,2024-03-29
Denied,241046,GAME-STD-RED,2024-03-25,Crescent Church Supply,3,RMA-700246,0.00,Priya Nair,2,No,PO-45620,issue found during unpacking/assembly,,Arrived Defective,A-10439,Gaming Chair,,Verified,,
Closed,238035,GAME-LG-RED,2024-03-25,Lena Miller,4,RMA-700265,4483.66,Devon Hale,1,Yes,238035,extra quantity not needed after final headcount,2024-03-31,Account Ordered Too Many,A-11077,Large Gaming Chair,Restock,Verified,2024-03-31,2024-03-28
Closed,237494,FOLD-XL-CUSH,2024-03-25,Copper Hill Operations,1,RMA-700686,190.16,Luis Romero,2,No,PO-17488,account says chair does not fit intended users,2024-04-04,Comfort / Fit Issue,A-10838,Extra Large Cushioned Folding Chair,Rework,Verified,2024-04-07,2024-03-25
Closed,237833,GAME-STD-BLU,2024-03-24,Lakeside Workplace Group,3,RMA-700530,2006.58,Priya Nair,2,No,PO-55359,account says pallet included wrong model/color,2024-03-31,Wrong Product Shipped,A-10976,Gaming Chair,Scrap,Verified,2024-04-02,2024-03-28
Closed,232887,OFF-LG-OTT-GRY,2024-03-17,MetroHouse Store #7651,5,RMA-700582,3199.55,Marcus Chen,3,No,MET-54865,purchasing selected wrong chair configuration,2024-03-30,Account Ordered Wrong Product,A-10953,Large Office Chair + Ottoman,Restock,Verified,2024-04-01,2024-03-21
Closed,233611,PART-OFF-BASE,2024-03-15,Urban Nest Store #1705,1,RMA-700729,78.26,Luis Romero,3,Yes,URB-21147,hardware missing from cartons,2024-03-24,Missing Parts / Hardware,A-10792,Office Chair Base,Scrap,Verified,2024-03-25,2024-03-17
Closed,234669,GAME-LG-RED,2024-03-14,Hillcrest Office Interiors,6,RMA-700047,5727.39,Elena Ruiz,3,No,PO-28022,issue found during unpacking/assembly,2024-03-21,Arrived Defective,A-10726,Large Gaming Chair,Restock,Verified,2024-03-23,2024-03-14
Closed,235322,FOLD-MET-STD,2024-03-14,Urban Nest Store #0026,6,RMA-700609,372.48,Carla Mendes,1,No,URB-52179,purchasing selected wrong chair configuration,2024-03-19,Account Ordered Wrong Product,A-10687,Basic Metal Folding Chair,Restock,Verified,2024-03-24,2024-03-14
Closed,235751,YARD-STD-NVY,2024-03-13,Urban Nest Store #1705,1,RMA-700472,31.90,Samuel Ortiz,2,No,URB-27872,purchasing selected wrong chair configuration,2024-03-23,Account Ordered Wrong Product,A-10792,Standard Yard Chair,Restock,Verified,2024-03-26,2024-03-14
Closed,237264,FOLD-XL-CUSH,2024-03-12,Westlake Purchasing Group,6,RMA-700073,1024.60,Elena Ruiz,2,No,PO-34367,account project changed after delivery,2024-03-15,Changed Mind / No Longer Needed,A-10489,Extra Large Cushioned Folding Chair,Restock,Verified,2024-03-16,2024-03-12
Denied,238913,PART-OFF-ARM,2024-03-12,Audrey Long,3,RMA-700362,0.00,Devon Hale,1,No,238913,several units damaged on arrival,,Damaged in Transit,A-11016,Office Chair Armrest Set,,Verified,,
Closed,231960,GAME-LG-BLU,2024-03-11,NorthMart Store #0989,2,RMA-700440,1500.14,Luis Romero,2,Yes,NOR-84167,return approved after manager review,2024-03-26,Other,A-10804,Large Gaming Chair,Restock,Verified,2024-03-30,2024-03-15
Closed,230593,GAME-LG-BLU,2024-03-10,Granite Venue Services,6,RMA-700391,4905.96,Carla Mendes,2,Yes,PO-55197,purchasing selected wrong chair configuration,2024-03-14,Account Ordered Wrong Product,A-10917,Large Gaming Chair,Scrap,Verified,2024-03-15,2024-03-10
Closed,233667,GAME-LG-BLU,2024-03-05,Granite Workspace Solutions,2,RMA-700752,1700.16,Luis Romero,2,Yes,PO-14693,hardware missing from cartons,2024-03-09,Missing Parts / Hardware,A-11207,Large Gaming Chair,Rework,Verified,2024-03-12,2024-03-05
Closed,238308,PART-YARD-LEG,2024-03-01,Juniper Meeting Solutions,2,RMA-700629,50.14,Priya Nair,3,Yes,PO-75696,extra quantity not needed after final headcount,2024-03-14,Account Ordered Too Many,A-10499,Yard Chair Replacement Leg,Restock,Verified,2024-03-18,2024-03-04
Closed,234669,PART-OFF-HDW,2024-02-29,Hillcrest Office Interiors,2,RMA-700307,55.97,Elena Ruiz,4,Yes,PO-28022,account project changed after delivery,2024-03-04,Changed Mind / No Longer Needed,A-10726,Office Chair Hardware Kit,Rework,Verified,2024-03-06,2024-02-29
Closed,237958,GAME-LG-BLU,2024-02-27,Aspen Event Services,4,RMA-700820,3899.99,Carla Mendes,1,Yes,PO-89413,return approved after manager review,2024-03-12,Other,A-10562,Large Gaming Chair,Scrap,Verified,2024-03-15,2024-03-01
Closed,232632,YARD-STD-WHT,2024-02-21,Cedar & Main Store #0850,4,RMA-700586,124.84,Luis Romero,1,No,CED-84958,account confirmed wrong model was ordered,2024-02-26,Account Ordered Wrong Product,A-10548,Standard Yard Chair,Restock,Verified,2024-02-26,2024-02-23
Closed,234583,FOLD-XL-CUSH,2024-02-21,WestBridge Home Store #6125,12,RMA-700767,1710.84,Luis Romero,1,Yes,WES-84238,account overordered for site rollout,2024-03-07,Account Ordered Too Many,A-10423,Extra Large Cushioned Folding Chair,Rework,Verified,2024-03-11,2024-02-25
Closed,237155,GAME-LG-OTT-RED,2024-02-20,Lakeside Workplace Group,1,RMA-700268,1143.62,Leah Winters,2,No,PO-69622,see case notes from account service,2024-02-29,Other,A-10976,Large Gaming Chair + Ottoman,Restock,Verified,2024-03-03,2024-02-23
Denied,239701,OFF-STD-GRY,2024-02-20,PrimeHouse Store #1172,3,RMA-700534,0.00,Marcus Chen,1,No,PRI-34096,purchasing selected wrong chair configuration,,Account Ordered Wrong Product,A-10451,Standard Office Chair,,Missing,,
Closed,230473,OFF-LG-OTT-BLK,2024-02-18,Heritage Operations,4,RMA-700499,2831.94,Priya Nair,2,Yes,PO-74507,finish/color not preferred after delivery,2024-02-25,Color / Appearance,A-11035,Large Office Chair + Ottoman,Restock,Verified,2024-02-26,2024-02-22
Closed,239445,GAME-STD-OTT-BLU,2024-02-11,Fairview Conference Services,1,RMA-700323,1212.46,Samuel Ortiz,2,Yes,PO-26712,cartons show transit damage,2024-02-23,Damaged in Transit,A-10625,Gaming Chair + Ottoman,Restock,Verified,2024-02-24,2024-02-13
Closed,238772,YARD-STD-GRN,2024-02-06,Hearthside Market Store #0387,3,RMA-700463,100.63,Marcus Chen,1,No,HEA-74643,items no longer needed after event was cancelled,2024-02-20,Changed Mind / No Longer Needed,A-11146,Standard Yard Chair,Rework,Verified,2024-02-25,2024-02-09
Closed,239087,YARD-HD-GRN,2024-02-04,Prairie Home Market Store #5730,13,RMA-700006,782.06,Priya Nair,3,Yes,PRA-71038,items no longer needed after event was cancelled,2024-02-11,Changed Mind / No Longer Needed,A-11088,Heavy Duty Yard Chair,Rework,Verified,2024-02-13,2024-02-07
Closed,239282,FOLD-MET-STD,2024-02-04,NorthMart Store #9907,6,RMA-700225,364.44,Carla Mendes,2,No,NOR-37601,issue found during unpacking/assembly,2024-02-19,Arrived Defective,A-10168,Basic Metal Folding Chair,Restock,Verified,2024-02-20,2024-02-08
Closed,235615,OFF-STD-OTT-GRY,2024-02-01,Urban Nest Store #9394,4,RMA-700216,1653.64,Luis Romero,5,No,URB-44760,items no longer needed after event was cancelled,2024-02-09,Changed Mind / No Longer Needed,A-10964,Standard Office Chair + Ottoman,Scrap,Verified,2024-02-12,2024-02-03
Closed,238162,PART-FOLD-CUSH,2024-01-31,Cedar Ridge Workplace Group,2,RMA-700508,73.01,Carla Mendes,1,Yes,238162,items no longer needed after event was cancelled,2024-02-14,Changed Mind / No Longer Needed,A-11100,Folding Chair Cushion Pad,Restock,Verified,2024-02-15,2024-02-04
Closed,239177,GAME-STD-OTT-RED,2024-01-29,Twin Rivers Procurement,2,RMA-700352,1800.16,Owen Brooks,2,Yes,PO-11567,items no longer needed after event was cancelled,2024-02-10,Changed Mind / No Longer Needed,A-11164,Gaming Chair + Ottoman,Restock,Verified,2024-02-10,2024-01-31
Closed,231162,YARD-STD-NVY,2024-01-28,Heritage Procurement,1,RMA-700300,37.90,Marcus Chen,2,Yes,231162,account project changed after delivery,2024-02-13,Changed Mind / No Longer Needed,A-10943,Standard Yard Chair,Rework,Verified,2024-02-15,2024-02-01
Closed,239052,FOLD-CUSH,2024-01-28,Atlas Home Goods Store #0853,2,RMA-700572,177.08,Luis Romero,3,Yes,ATL-35510,purchasing selected wrong chair configuration,2024-02-10,Account Ordered Wrong Product,A-10513,Metal Folding Chair with Cushion,Restock,Verified,2024-02-11,2024-01-31
Closed,234160,GAME-LG-OTT-BLU,2024-01-20,Golden State Design Studio,2,RMA-700381,1964.14,Owen Brooks,1,No,234160,cartons show transit damage,2024-01-28,Damaged in Transit,A-10676,Large Gaming Chair + Ottoman,Restock,Verified,2024-02-02,2024-01-23
Closed,230350,YARD-STD-WHT,2024-01-18,NorthMart Store #8179,2,RMA-700050,62.42,Marcus Chen,3,No,NOR-52843,account project changed after delivery,2024-01-27,Changed Mind / No Longer Needed,A-10316,Standard Yard Chair,Scrap,Verified,2024-01-28,2024-01-19
Closed,237643,FOLD-MET-STD,2024-01-18,BluePeak Home Store #9183,2,RMA-700481,113.38,Elena Ruiz,1,Yes,BLU-40033,cartons show transit damage,2024-02-02,Damaged in Transit,A-10454,Basic Metal Folding Chair,Restock,Verified,2024-02-06,2024-01-22
Closed,232719,PART-FOLD-FOOT,2024-01-14,Pioneer School Supply,1,RMA-700079,18.73,Carla Mendes,1,No,PO-63291,cartons show transit damage,2024-01-23,Damaged in Transit,A-10180,Folding Chair Foot Cap Set,Restock,Verified,2024-01-27,2024-01-17
Closed,233595,OFF-STD-BLK,2024-01-13,Copper Hill Office Supply,4,RMA-700691,1463.29,Owen Brooks,1,Yes,PO-73248,warehouse shipment did not match order line,2024-01-28,Wrong Product Shipped,A-10449,Standard Office Chair,Rework,Verified,2024-02-01,2024-01-17
Closed,236659,FOLD-MET-STD,2024-01-12,Urban Nest Store #5400,1,RMA-700056,56.69,Carla Mendes,1,Yes,URB-35709,extra quantity not needed after final headcount,2024-01-17,Account Ordered Too Many,A-11083,Basic Metal Folding Chair,Restock,Verified,2024-01-18,2024-01-12
Closed,234484,PART-YARD-FOOT,2024-01-11,Harborview Procurement,1,RMA-700482,16.43,Carla Mendes,3,No,PO-42573,account says chair does not fit intended users,2024-01-17,Comfort / Fit Issue,A-10337,Yard Chair Foot Cap Set,Restock,Verified,2024-01-19,2024-01-13
Closed,235556,PART-YARD-HDW,2024-01-11,Fairview Office Supply,3,RMA-700741,72.93,Priya Nair,2,No,PO-17958,see case notes from account service,2024-01-20,Other,A-11139,Yard Chair Hardware Kit,Rework,Verified,2024-01-25,2024-01-14
Closed,236025,GAME-LG-OTT-BLU,2024-01-11,Pioneer Campus Services,2,RMA-700822,1964.14,Owen Brooks,3,Yes,PO-47999,account project changed after delivery,2024-01-16,Changed Mind / No Longer Needed,A-10848,Large Gaming Chair + Ottoman,Rework,Verified,2024-01-21,2024-01-12
Closed,231451,YARD-HD-GRN,2024-01-07,BluePeak Home Store #7164,4,RMA-700578,226.76,Carla Mendes,1,No,BLU-94524,account confirmed wrong model was ordered,2024-01-12,Account Ordered Wrong Product,A-11154,Heavy Duty Yard Chair,Restock,Verified,2024-01-16,2024-01-09
Closed,233462,GAME-LG-RED,2024-01-05,Prairie Home Market Store #4438,2,RMA-700167,1400.12,Luis Romero,2,No,PRA-67754,account confirmed wrong model was ordered,2024-01-17,Account Ordered Wrong Product,A-10591,Large Gaming Chair,Restock,Verified,2024-01-21,2024-01-05
Closed,237093,GAME-STD-OTT-BLU,2024-01-04,BluePeak Home Store #3125,7,RMA-700514,6135.23,Luis Romero,1,No,BLU-76227,finish/color not preferred after delivery,2024-01-12,Color / Appearance,A-11225,Gaming Chair + Ottoman,Restock,Verified,2024-01-16,2024-01-07
Denied,239929,FOLD-XL-CUSH,2023-12-26,Twin Rivers Design Studio,6,RMA-700607,0.00,Owen Brooks,3,Yes,PO-76993,assembly kit incomplete,,Missing Parts / Hardware,A-10955,Extra Large Cushioned Folding Chair,,Verified,,
Closed,239341,FOLD-XL-CUSH,2023-12-23,Atlas Home Goods Store #4813,5,RMA-700017,819.92,Marcus Chen,1,Yes,ATL-29421,items no longer needed after event was cancelled,2024-01-07,Changed Mind / No Longer Needed,A-10296,Extra Large Cushioned Folding Chair,Restock,Verified,2024-01-09,2023-12-26
Closed,231530,GAME-STD-BLU,2023-12-20,Ironwood Event Group,7,RMA-700181,4915.32,Marcus Chen,1,Yes,PO-12920,end users requested different size/fit,2023-12-31,Comfort / Fit Issue,A-10455,Gaming Chair,Restock,Verified,2024-01-03,2023-12-20
Closed,234357,OFF-STD-OTT-BLK,2023-12-20,Julian Parker,1,RMA-700787,632.13,Devon Hale,1,Yes,234357,several units damaged on arrival,2023-12-25,Damaged in Transit,A-11107,Standard Office Chair + Ottoman,Restock,Verified,2023-12-26,2023-12-21
Closed,234873,GAME-LG-OTT-BLU,2023-12-18,Urban Nest Store #1272,1,RMA-700406,859.31,Leah Winters,3,No,URB-19049,account says chair does not fit intended users,2023-12-26,Comfort / Fit Issue,A-10979,Large Gaming Chair + Ottoman,Scrap,Verified,2023-12-26,2023-12-18
Closed,238242,PART-OFF-TILT,2023-12-15,Aspen Event Services,2,RMA-700153,211.14,Carla Mendes,1,No,PO-39281,unit did not function correctly out of box,2023-12-28,Arrived Defective,A-10562,Office Chair Tilt Mechanism,Restock,Verified,2023-12-30,2023-12-19
Closed,232180,GAME-LG-OTT-RED,2023-12-14,Sienna Ward,1,RMA-700748,1324.04,Devon Hale,1,Yes,232180,account says pallet included wrong model/color,2023-12-25,Wrong Product Shipped,A-10750,Large Gaming Chair + Ottoman,Restock,Verified,2023-12-28,2023-12-17
Closed,232042,YARD-HD-GRN,2023-12-07,BluePeak Home Store #5207,3,RMA-700316,170.07,Priya Nair,3,No,BLU-76668,account project changed after delivery,2023-12-22,Changed Mind / No Longer Needed,A-10669,Heavy Duty Yard Chair,Restock,Verified,2023-12-22,2023-12-10
Denied,239647,YARD-HD-BLK,2023-12-07,Urban Nest Store #2237,2,RMA-700566,0.00,Marcus Chen,1,No,URB-87128,account overordered for site rollout,,Account Ordered Too Many,A-10292,Heavy Duty Yard Chair,,Verified,,
Closed,233062,YARD-STD-GRN,2023-12-07,Fairview Church Supply,3,RMA-700659,107.01,Luis Romero,3,No,PO-68572,hardware missing from cartons,2023-12-16,Missing Parts / Hardware,A-10758,Standard Yard Chair,Restock,Verified,2023-12-17,2023-12-11
Closed,239929,OFF-LG-BLK,2023-12-03,Twin Rivers Design Studio,3,RMA-700104,1780.27,Owen Brooks,2,No,PO-76993,finish/color not preferred after delivery,2023-12-11,Color / Appearance,A-10955,Large Office Chair,Restock,Verified,2023-12-11,2023-12-04
Closed,232211,YARD-HD-WHT,2023-12-03,Urban Nest Store #2372,3,RMA-700444,170.07,Owen Brooks,3,No,URB-17891,several units damaged on arrival,2023-12-07,Damaged in Transit,A-10430,Heavy Duty Yard Chair,Restock,Verified,2023-12-07,2023-12-04
Closed,232469,YARD-HD-BLK,2023-12-01,Riverstone Home Store #8738,3,RMA-700285,170.07,Priya Nair,3,Yes,RIV-52981,unit did not function correctly out of box,2023-12-06,Arrived Defective,A-10797,Heavy Duty Yard Chair,Restock,Verified,2023-12-07,2023-12-03
Closed,236201,PART-OFF-GAS,2023-11-29,Urban Nest Store #2372,11,RMA-700359,472.45,Carla Mendes,3,No,URB-34291,several units damaged on arrival,2023-12-06,Damaged in Transit,A-10430,Office Chair Gas Lift,Scrap,Verified,2023-12-08,2023-11-30
Closed,236659,GAME-STD-BLU,2023-11-27,Urban Nest Store #5400,1,RMA-700085,572.66,Carla Mendes,3,Yes,URB-35709,hardware missing from cartons,2023-12-09,Missing Parts / Hardware,A-11083,Gaming Chair,Restock,Verified,2023-12-10,2023-11-27
Closed,232503,OFF-STD-OTT-GRY,2023-11-25,Riverstone Home Store #8290,1,RMA-700112,442.94,Carla Mendes,2,No,RIV-23588,items no longer needed after event was cancelled,2023-12-05,Changed Mind / No Longer Needed,A-10866,Standard Office Chair + Ottoman,Rework,Verified,2023-12-09,2023-11-26
Closed,239110,FOLD-CUSH,2023-11-25,Cornerstone Home Store #7901,17,RMA-700278,1505.18,Priya Nair,2,Yes,COR-81789,account says pallet included wrong model/color,2023-12-01,Wrong Product Shipped,A-10900,Metal Folding Chair with Cushion,Restock,Verified,2023-12-06,2023-11-25
Closed,236251,GAME-STD-OTT-RED,2023-11-19,Willow Creek Procurement,3,RMA-700470,2762.80,Priya Nair,2,Yes,236251,items no longer needed after event was cancelled,2023-11-25,Changed Mind / No Longer Needed,A-10182,Gaming Chair + Ottoman,Scrap,Verified,2023-11-25,2023-11-22
Closed,239063,YARD-STD-NVY,2023-11-17,Cedar & Main Store #8053,8,RMA-700033,249.68,Marcus Chen,5,No,CED-43927,issue found during unpacking/assembly,2023-11-23,Arrived Defective,A-10679,Standard Yard Chair,Rework,Verified,2023-11-28,2023-11-20
Closed,235210,YARD-HD-NVY,2023-11-17,HomeHarbor Store #6373,1,RMA-700568,56.69,Owen Brooks,3,Yes,BLANKET-8389,several units damaged on arrival,2023-11-30,Damaged in Transit,A-10619,Heavy Duty Yard Chair,Restock,Verified,2023-12-02,2023-11-19
Closed,239293,GAME-STD-RED,2023-11-16,Cornerstone Home Store #2098,6,RMA-700126,3681.42,Carla Mendes,1,Yes,COR-93088,account project changed after delivery,2023-11-28,Changed Mind / No Longer Needed,A-10484,Gaming Chair,Scrap,Verified,2023-11-29,2023-11-20
Closed,237561,GAME-LG-OTT-RED,2023-11-15,Summit Ridge Office Interiors,2,RMA-700630,1841.38,Luis Romero,4,No,237561,cartons show transit damage,2023-11-23,Damaged in Transit,A-10085,Large Gaming Chair + Ottoman,Restock,Verified,2023-11-27,2023-11-17
Closed,233227,FOLD-XL-CUSH,2023-11-12,Westlake Community Center,4,RMA-700230,783.49,Marcus Chen,2,Yes,PO-19773,account says chair does not fit intended users,2023-11-25,Comfort / Fit Issue,A-10158,Extra Large Cushioned Folding Chair,Rework,Verified,2023-11-30,2023-11-13
Closed,230737,GAME-STD-OTT-RED,2023-11-12,Evergreen Property Group,9,RMA-700478,8550.81,Priya Nair,1,Yes,PO-10918,appearance did not match room plan,2023-11-19,Color / Appearance,A-10924,Gaming Chair + Ottoman,Restock,Verified,2023-11-23,2023-11-16
Closed,231599,OFF-STD-OTT-BLK,2023-11-12,Maple Grove Facilities,13,RMA-700494,6142.11,Nora Patel,4,Yes,PO-10268,cartons show transit damage,2023-11-21,Damaged in Transit,A-10648,Standard Office Chair + Ottoman,Rework,Verified,2023-11-25,2023-11-16
Denied,238316,GAME-STD-OTT-BLU,2023-11-09,Hillcrest Office Interiors,2,RMA-700169,0.00,Marcus Chen,3,Yes,PO-79102,return approved after manager review,,Other,A-10726,Gaming Chair + Ottoman,,Verified,,
Closed,233859,FOLD-MET-STD,2023-11-09,Clearwater Property Group,1,RMA-700833,68.84,Marcus Chen,2,Yes,233859,account confirmed wrong model was ordered,2023-11-13,Account Ordered Wrong Product,A-10559,Basic Metal Folding Chair,Scrap,Verified,2023-11-15,2023-11-10
Closed,233043,FOLD-XL-CUSH,2023-11-08,Hearthside Market Store #8485,2,RMA-700163,318.86,Luis Romero,1,No,HEA-24411,account says chair does not fit intended users,2023-11-21,Comfort / Fit Issue,A-11193,Extra Large Cushioned Folding Chair,Restock,Verified,2023-11-24,2023-11-11
Closed,236616,YARD-STD-BLK,2023-11-08,Urban Nest Store #2372,11,RMA-700616,392.37,Elena Ruiz,1,Yes,URB-49884,warehouse shipment did not match order line,2023-11-15,Wrong Product Shipped,A-10430,Standard Yard Chair,Restock,Verified,2023-11-15,2023-11-12
Closed,236345,YARD-STD-BLK,2023-11-05,PrimeHouse Store #8501,2,RMA-700378,67.74,Luis Romero,2,Yes,PRI-23769,issue found during unpacking/assembly,2023-11-11,Arrived Defective,A-10209,Standard Yard Chair,Rework,Verified,2023-11-11,2023-11-05
Closed,239613,OFF-LG-BLK,2023-11-05,Cornerstone Home Store #3373,8,RMA-700612,3781.23,Luis Romero,3,Yes,COR-30305,cartons show transit damage,2023-11-19,Damaged in Transit,A-10576,Large Office Chair,Restock,Verified,2023-11-20,2023-11-07
Closed,231933,YARD-HD-BLK,2023-10-28,Atlas Home Goods Store #2543,6,RMA-700074,340.14,Luis Romero,2,No,ATL-94149,end users requested different size/fit,2023-11-02,Comfort / Fit Issue,A-10218,Heavy Duty Yard Chair,Restock,Verified,2023-11-06,2023-10-28
Closed,232565,FOLD-CUSH,2023-10-26,Urban Nest Store #0369,7,RMA-700541,619.78,Elena Ruiz,1,Yes,URB-84690,account project changed after delivery,2023-11-06,Changed Mind / No Longer Needed,A-11106,Metal Folding Chair with Cushion,Restock,Verified,2023-11-08,2023-10-28
Closed,236580,FOLD-MET-STD,2023-10-19,Clearwater Operations,11,RMA-700737,854.13,Luis Romero,1,Yes,PO-51530,account confirmed wrong model was ordered,2023-10-26,Account Ordered Wrong Product,A-11201,Basic Metal Folding Chair,Rework,Verified,2023-10-26,2023-10-23
Closed,239582,GAME-LG-OTT-RED,2023-10-18,Summit Ridge Education Services,2,RMA-700382,2081.43,Marcus Chen,4,Yes,PO-70993,extra quantity not needed after final headcount,2023-10-28,Account Ordered Too Many,A-10553,Large Gaming Chair + Ottoman,Scrap,Verified,2023-10-31,2023-10-18
Closed,234596,YARD-HD-GRN,2023-10-07,BluePeak Home Store #9730,5,RMA-700480,303.70,Marcus Chen,1,Yes,BLU-94882,account says chair does not fit intended users,2023-10-17,Comfort / Fit Issue,A-11149,Heavy Duty Yard Chair,Scrap,Verified,2023-10-21,2023-10-07
Closed,237450,GAME-STD-OTT-RED,2023-10-06,Fox Hollow Venue Services,2,RMA-700778,1947.07,Samuel Ortiz,1,Yes,PO-13699,account says pallet included wrong model/color,2023-10-16,Wrong Product Shipped,A-10195,Gaming Chair + Ottoman,Restock,Verified,2023-10-19,2023-10-06
Denied,231382,OFF-LG-OTT-BLK,2023-10-02,Aspen Facilities,3,RMA-700446,0.00,Priya Nair,1,No,PO-66584,account says chair does not fit intended users,,Comfort / Fit Issue,A-10585,Large Office Chair + Ottoman,,Verified,,
Closed,237367,FOLD-XL-CUSH,2023-09-30,Hearthside Market Store #2705,2,RMA-700022,292.36,Elena Ruiz,1,No,HEA-58242,purchasing selected wrong chair configuration,2023-10-13,Account Ordered Wrong Product,A-10187,Extra Large Cushioned Folding Chair,Rework,Verified,2023-10-14,2023-10-03
Closed,231757,FOLD-MET-STD,2023-09-28,Canyon Education Services,1,RMA-700183,67.80,Elena Ruiz,1,Yes,231757,several units damaged on arrival,2023-10-08,Damaged in Transit,A-10166,Basic Metal Folding Chair,Restock,Verified,2023-10-09,2023-09-28
Closed,238918,GAME-LG-OTT-RED,2023-09-26,Brookfield Office Supply,1,RMA-700457,1128.70,Leah Winters,1,Yes,238918,unit did not function correctly out of box,2023-10-08,Arrived Defective,A-10923,Large Gaming Chair + Ottoman,Scrap,Verified,2023-10-11,2023-09-28
Closed,233544,YARD-HD-GRN,2023-09-21,Atlas Home Goods Store #2321,4,RMA-700850,242.96,Marcus Chen,1,No,ATL-63974,items no longer needed after event was cancelled,2023-09-26,Changed Mind / No Longer Needed,A-10544,Heavy Duty Yard Chair,Restock,Verified,2023-10-01,2023-09-22
Closed,235827,GAME-LG-OTT-RED,2023-09-19,Golden State Purchasing Group,3,RMA-700212,3118.00,Carla Mendes,3,Yes,235827,items no longer needed after event was cancelled,2023-09-23,Changed Mind / No Longer Needed,A-10068,Large Gaming Chair + Ottoman,Restock,Verified,2023-09-27,2023-09-19
Closed,235538,OFF-LG-OTT-BLK,2023-09-19,Pacific Home Store #3972,2,RMA-700840,1199.84,Elena Ruiz,2,Yes,PAC-68224,items no longer needed after event was cancelled,2023-09-27,Changed Mind / No Longer Needed,A-10847,Large Office Chair + Ottoman,Scrap,Verified,2023-10-02,2023-09-19
Denied,233190,YARD-STD-NVY,2023-09-18,Urban Nest Store #5202,5,RMA-700413,0.00,Marcus Chen,2,No,URB-17559,account confirmed wrong model was ordered,,Account Ordered Wrong Product,A-11116,Standard Yard Chair,,Verified,,
Closed,234916,FOLD-CUSH,2023-09-18,Hearthside Market Store #7043,2,RMA-700750,177.08,Owen Brooks,3,Yes,HEA-68440,issue found during unpacking/assembly,2023-09-26,Arrived Defective,A-11041,Metal Folding Chair with Cushion,Rework,Verified,2023-09-30,2023-09-18
Closed,239293,GAME-STD-RED,2023-09-14,Cornerstone Home Store #2098,2,RMA-700448,1227.14,Carla Mendes,1,No,COR-93088,warehouse shipment did not match order line,2023-09-20,Wrong Product Shipped,A-10484,Gaming Chair,Restock,Verified,2023-09-24,2023-09-17
Denied,237594,FOLD-XL-CUSH,2023-09-13,Golden State Workplace Group,2,RMA-700101,0.00,Leah Winters,3,Yes,PO-65398,several units damaged on arrival,,Damaged in Transit,A-10855,Extra Large Cushioned Folding Chair,,Verified,,
Closed,239380,FOLD-CUSH,2023-09-13,MetroHouse Store #8027,4,RMA-700722,379.48,Luis Romero,2,Yes,MET-65798,items no longer needed after event was cancelled,2023-09-25,Changed Mind / No Longer Needed,A-10821,Metal Folding Chair with Cushion,Scrap,Verified,2023-09-26,2023-09-17
Closed,232222,YARD-HD-GRN,2023-09-11,Brighton Business Furnishings,1,RMA-700111,73.34,Priya Nair,1,No,PO-59210,account confirmed wrong model was ordered,2023-09-16,Account Ordered Wrong Product,A-10009,Heavy Duty Yard Chair,Restock,Verified,2023-09-19,2023-09-12
Closed,239189,GAME-LG-BLU,2023-09-10,Chloe Santos,1,RMA-700234,1077.30,Devon Hale,1,Yes,239189,hardware missing from cartons,2023-09-17,Missing Parts / Hardware,A-10853,Large Gaming Chair,Restock,Verified,2023-09-22,2023-09-12
Closed,233675,GAME-LG-OTT-BLU,2023-09-08,Westlake Event Group,6,RMA-700200,5402.76,Owen Brooks,3,No,233675,hardware missing from cartons,2023-09-14,Missing Parts / Hardware,A-10447,Large Gaming Chair + Ottoman,Restock,Verified,2023-09-17,2023-09-10
Denied,231943,FOLD-XL-CUSH,2023-09-02,Urban Nest Store #8780,2,RMA-700409,0.00,Owen Brooks,1,No,URB-20651,appearance did not match room plan,,Color / Appearance,A-11150,Extra Large Cushioned Folding Chair,,Verified,,
Closed,239014,YARD-HD-BLK,2023-09-01,Riverview Training Center,3,RMA-700174,225.75,Samuel Ortiz,1,Yes,PO-28295,cartons show transit damage,2023-09-08,Damaged in Transit,A-11015,Heavy Duty Yard Chair,Restock,Verified,2023-09-10,2023-09-04
Closed,239755,FOLD-MET-STD,2023-08-28,Hearthside Market Store #2705,1,RMA-700331,59.41,Priya Nair,1,No,HEA-22951,cartons show transit damage,2023-09-06,Damaged in Transit,A-10187,Basic Metal Folding Chair,Restock,Verified,2023-09-06,2023-08-30
Closed,238981,YARD-STD-BLK,2023-08-26,NorthMart Store #4229,2,RMA-700497,62.42,Priya Nair,1,No,NOR-44736,cartons show transit damage,2023-09-06,Damaged in Transit,A-11216,Standard Yard Chair,Restock,Verified,2023-09-07,2023-08-26
Closed,239004,GAME-LG-RED,2023-08-26,Fox Hollow Workspace Solutions,3,RMA-700780,2250.21,Carla Mendes,4,Yes,239004,hardware missing from cartons,2023-09-01,Missing Parts / Hardware,A-10681,Large Gaming Chair,Restock,Verified,2023-09-04,2023-08-29
Closed,232716,YARD-HD-GRN,2023-08-25,NorthMart Store #3262,1,RMA-700524,59.41,Priya Nair,2,No,NOR-18213,duplicate shipment confirmed by account,2023-09-03,Duplicate Order / Shipment,A-10816,Heavy Duty Yard Chair,Rework,Verified,2023-09-05,2023-08-26
Closed,236861,PART-FOLD-CUSH,2023-08-23,Prairie Home Market Store #0160,4,RMA-700080,118.00,Priya Nair,1,Yes,PRA-56356,unit did not function correctly out of box,2023-09-06,Arrived Defective,A-10667,Folding Chair Cushion Pad,Restock,Verified,2023-09-11,2023-08-27
Closed,233675,FOLD-CUSH,2023-08-21,Westlake Event Group,3,RMA-700339,278.34,Owen Brooks,2,No,233675,end users requested different size/fit,2023-09-01,Comfort / Fit Issue,A-10447,Metal Folding Chair with Cushion,Restock,Verified,2023-09-01,2023-08-24
Closed,237085,FOLD-MET-STD,2023-08-18,NorthMart Store #2400,4,RMA-700250,226.76,Leah Winters,2,No,NOR-39740,unit did not function correctly out of box,2023-08-29,Arrived Defective,A-10862,Basic Metal Folding Chair,Restock,Verified,2023-08-31,2023-08-20
Closed,235208,FOLD-MET-STD,2023-08-18,Riverstone Home Store #5724,4,RMA-700779,221.80,Elena Ruiz,1,Yes,RIV-96491,account says chair does not fit intended users,2023-08-30,Comfort / Fit Issue,A-10970,Basic Metal Folding Chair,Restock,Verified,2023-08-31,2023-08-21
Denied,232982,GAME-STD-RED,2023-08-14,Pioneer Procurement,3,RMA-700719,0.00,Marcus Chen,1,Yes,232982,account says chair does not fit intended users,,Comfort / Fit Issue,A-10094,Gaming Chair,,Verified,,
Denied,235612,GAME-LG-OTT-RED,2023-08-13,Cedar & Main Store #7584,2,RMA-700792,0.00,Leah Winters,3,Yes,CED-34987,account project changed after delivery,,Changed Mind / No Longer Needed,A-10857,Large Gaming Chair + Ottoman,,Verified,,
Closed,228773,GAME-STD-OTT-RED,2023-08-05,Granite Property Group,4,RMA-700571,3193.83,Marcus Chen,2,No,PO-37976,account overordered for site rollout,2023-08-17,Account Ordered Too Many,A-10273,Gaming Chair + Ottoman,Scrap,Verified,2023-08-21,2023-08-09
Closed,235208,YARD-HD-GRN,2023-08-04,Riverstone Home Store #5724,2,RMA-700816,110.90,Elena Ruiz,3,Yes,RIV-96491,several units damaged on arrival,2023-08-19,Damaged in Transit,A-10970,Heavy Duty Yard Chair,Restock,Verified,2023-08-23,2023-08-07
Closed,239055,GAME-STD-OTT-RED,2023-07-30,Highland Operations,1,RMA-700798,880.30,Carla Mendes,2,Yes,PO-32588,hardware missing from cartons,2023-08-11,Missing Parts / Hardware,A-10198,Gaming Chair + Ottoman,Restock,Verified,2023-08-12,2023-07-31
Denied,232982,GAME-STD-RED,2023-07-29,Pioneer Procurement,7,RMA-700367,0.00,Marcus Chen,1,No,232982,unit did not function correctly out of box,,Arrived Defective,A-10094,Gaming Chair,,Verified,,
Closed,230581,OFF-STD-OTT-GRY,2023-07-28,BluePeak Home Store #9183,3,RMA-700477,1299.63,Elena Ruiz,1,No,BLU-12928,account says pallet included wrong model/color,2023-08-09,Wrong Product Shipped,A-10454,Standard Office Chair + Ottoman,Scrap,Verified,2023-08-13,2023-07-31
Closed,238659,FOLD-XL-CUSH,2023-07-25,BluePeak Home Store #4157,3,RMA-700039,409.32,Leah Winters,2,No,BLU-36699,warehouse shipment did not match order line,2023-07-30,Wrong Product Shipped,A-10776,Extra Large Cushioned Folding Chair,Restock,Verified,2023-08-03,2023-07-25
Closed,237362,GAME-LG-RED,2023-07-24,Atlas Home Goods Store #2321,1,RMA-700764,733.58,Carla Mendes,2,No,ATL-41759,cartons show transit damage,2023-08-05,Damaged in Transit,A-10544,Large Gaming Chair,Restock,Verified,2023-08-07,2023-07-26
Closed,238742,OFF-LG-BLK,2023-07-22,GreenLine Living Store #9430,2,RMA-700380,933.16,Elena Ruiz,2,No,GRE-17249,account confirmed wrong model was ordered,2023-08-02,Account Ordered Wrong Product,A-11005,Large Office Chair,Rework,Verified,2023-08-06,2023-07-25
Denied,238887,FOLD-XL-CUSH,2023-07-21,Fox Hollow Workspace Solutions,3,RMA-700322,0.00,Luis Romero,1,No,PO-71084,account project changed after delivery,,Changed Mind / No Longer Needed,A-10681,Extra Large Cushioned Folding Chair,,Missing,,
Closed,239236,OFF-LG-BLK,2023-07-19,Willow Creek Church Supply,4,RMA-700275,2025.11,Priya Nair,3,No,PO-34917,see case notes from account service,2023-07-29,Other,A-10371,Large Office Chair,Restock,Verified,2023-07-31,2023-07-22
Closed,237623,GAME-STD-BLU,2023-07-09,Summit Ridge Office Interiors,3,RMA-700714,2160.30,Samuel Ortiz,3,No,PO-38276,account confirmed wrong model was ordered,2023-07-23,Account Ordered Wrong Product,A-10085,Gaming Chair,Scrap,Verified,2023-07-27,2023-07-12
Closed,226299,FOLD-XL-CUSH,2023-07-05,BluePeak Home Store #8693,1,RMA-700266,136.44,Leah Winters,2,No,BLU-30379,unit did not function correctly out of box,2023-07-17,Arrived Defective,A-11169,Extra Large Cushioned Folding Chair,Restock,Verified,2023-07-21,2023-07-05
Closed,220539,OFF-STD-OTT-BLK,2023-07-02,Mason Ridge Training Center,2,RMA-700296,980.45,Samuel Ortiz,2,Yes,PO-77581,account project changed after delivery,2023-07-13,Changed Mind / No Longer Needed,A-10846,Standard Office Chair + Ottoman,Restock,Verified,2023-07-15,2023-07-06
Closed,237453,YARD-STD-BLK,2023-07-01,HomeHarbor Store #3900,7,RMA-700700,228.97,Carla Mendes,2,Yes,HOM-70018,extra quantity not needed after final headcount,2023-07-14,Account Ordered Too Many,A-10215,Standard Yard Chair,Rework,Verified,2023-07-17,2023-07-02
Closed,230074,OFF-STD-OTT-BLK,2023-07-01,Fox Hollow Operations,7,RMA-700823,3234.63,Priya Nair,3,No,230074,issue found during unpacking/assembly,2023-07-10,Arrived Defective,A-10313,Standard Office Chair + Ottoman,Restock,Verified,2023-07-10,2023-07-01
Closed,235788,YARD-STD-GRN,2023-06-24,Pacific Home Store #7194,2,RMA-700093,65.42,Carla Mendes,3,Yes,PAC-23578,several units damaged on arrival,2023-07-02,Damaged in Transit,A-10021,Standard Yard Chair,Rework,Verified,2023-07-02,2023-06-27
Closed,236861,YARD-HD-GRN,2023-06-18,Prairie Home Market Store #0160,2,RMA-700069,134.66,Priya Nair,2,Yes,PRA-56356,end users requested different size/fit,2023-06-25,Comfort / Fit Issue,A-10667,Heavy Duty Yard Chair,Scrap,Verified,2023-06-26,2023-06-20
Closed,236602,GAME-STD-OTT-RED,2023-06-15,Pioneer Church Supply,5,RMA-700467,4162.65,Luis Romero,3,Yes,PO-92070,items no longer needed after event was cancelled,2023-06-21,Changed Mind / No Longer Needed,A-10660,Gaming Chair + Ottoman,Rework,Verified,2023-06-21,2023-06-17
Closed,226476,GAME-LG-RED,2023-06-14,Ethan Long,1,RMA-700733,1024.60,Devon Hale,1,Yes,226476,warehouse shipment did not match order line,2023-06-17,Wrong Product Shipped,A-10112,Large Gaming Chair,Rework,Verified,2023-06-18,2023-06-14
Waiting for Information,226990,FOLD-XL-CUSH,2023-06-13,BluePeak Home Store #4758,2,RMA-700728,0.00,Luis Romero,2,No,BLU-30853,purchasing selected wrong chair configuration,,Account Ordered Wrong Product,A-10044,Extra Large Cushioned Folding Chair,,Missing,,
Closed,238992,OFF-LG-OTT-GRY,2023-06-07,Clearwater Property Group,1,RMA-700639,725.53,Marcus Chen,4,No,PO-70464,end users requested different size/fit,2023-06-12,Comfort / Fit Issue,A-10559,Large Office Chair + Ottoman,Restock,Verified,2023-06-13,2023-06-07
Closed,229172,PART-YARD-LEG,2023-06-07,Brighton Business Furnishings,5,RMA-700681,139.86,Elena Ruiz,3,No,PO-94734,account project changed after delivery,2023-06-16,Changed Mind / No Longer Needed,A-10009,Yard Chair Replacement Leg,Rework,Verified,2023-06-19,2023-06-10
Closed,222726,YARD-STD-NVY,2023-06-07,WestBridge Home Store #8879,1,RMA-700810,30.53,Priya Nair,1,Yes,WES-91065,purchasing selected wrong chair configuration,2023-06-22,Account Ordered Wrong Product,A-10813,Standard Yard Chair,Restock,Verified,2023-06-23,2023-06-10
Closed,220840,FOLD-MET-STD,2023-06-04,Harborview Facilities,4,RMA-700745,253.48,Nora Patel,2,Yes,PO-86687,extra quantity not needed after final headcount,2023-06-12,Account Ordered Too Many,A-10328,Basic Metal Folding Chair,Restock,Verified,2023-06-14,2023-06-07
Closed,237538,FOLD-MET-STD,2023-06-03,WestBridge Home Store #3165,2,RMA-700081,110.90,Owen Brooks,3,Yes,WES-41718,appearance did not match room plan,2023-06-13,Color / Appearance,A-10806,Basic Metal Folding Chair,Scrap,Verified,2023-06-18,2023-06-05
Closed,225339,YARD-STD-BLK,2023-06-03,Summit Home Store #2249,3,RMA-700701,91.59,Marcus Chen,1,Yes,SUM-28296,duplicate shipment confirmed by account,2023-06-06,Duplicate Order / Shipment,A-10122,Standard Yard Chair,Scrap,Verified,2023-06-10,2023-06-03
Closed,235360,FOLD-CUSH,2023-06-02,Copper Hill Property Group,9,RMA-700355,1007.38,Nora Patel,2,No,PO-70257,account project changed after delivery,2023-06-09,Changed Mind / No Longer Needed,A-11202,Metal Folding Chair with Cushion,Restock,Verified,2023-06-14,2023-06-04
Closed,232573,YARD-HD-NVY,2023-05-31,Atlas Home Goods Store #5809,4,RMA-700297,221.80,Luis Romero,3,Yes,ATL-11926,purchasing selected wrong chair configuration,2023-06-08,Account Ordered Wrong Product,A-10843,Heavy Duty Yard Chair,Rework,Verified,2023-06-08,2023-06-03
Closed,228311,FOLD-CUSH,2023-05-30,Summit Home Store #2613,5,RMA-700215,463.90,Owen Brooks,1,No,SUM-43794,unit did not function correctly out of box,2023-06-11,Arrived Defective,A-10014,Metal Folding Chair with Cushion,Scrap,Verified,2023-06-15,2023-05-30
Closed,236927,GAME-STD-OTT-BLU,2023-05-29,Bluewater Conference Services,1,RMA-700147,844.72,Elena Ruiz,3,No,PO-61629,account says chair does not fit intended users,2023-06-06,Comfort / Fit Issue,A-10235,Gaming Chair + Ottoman,Restock,Verified,2023-06-11,2023-06-02
Closed,230074,FOLD-MET-STD,2023-05-24,Fox Hollow Operations,9,RMA-700248,570.33,Priya Nair,1,No,230074,see case notes from account service,2023-06-03,Other,A-10313,Basic Metal Folding Chair,Restock,Verified,2023-06-08,2023-05-24
Closed,239990,YARD-HD-NVY,2023-05-24,Urban Nest Store #0026,5,RMA-700505,277.25,Elena Ruiz,2,No,URB-34271,items no longer needed after event was cancelled,2023-05-31,Changed Mind / No Longer Needed,A-10687,Heavy Duty Yard Chair,Restock,Verified,2023-06-03,2023-05-28
Closed,225026,FOLD-CUSH,2023-05-23,NorthMart Store #2249,2,RMA-700233,186.41,Priya Nair,4,Yes,NOR-44555,extra quantity not needed after final headcount,2023-06-04,Account Ordered Too Many,A-10392,Metal Folding Chair with Cushion,Restock,Verified,2023-06-06,2023-05-25
Closed,231165,FOLD-CUSH,2023-05-19,Copper Hill Meeting Solutions,3,RMA-700235,343.15,Luis Romero,1,No,PO-57319,unit did not function correctly out of box,2023-05-29,Arrived Defective,A-10046,Metal Folding Chair with Cushion,Restock,Verified,2023-05-30,2023-05-23
Closed,223904,GAME-STD-BLU,2023-05-16,Atlas Home Goods Store #5809,4,RMA-700214,2240.32,Nora Patel,1,Yes,ATL-78683,end users requested different size/fit,2023-05-29,Comfort / Fit Issue,A-10843,Gaming Chair,Rework,Verified,2023-05-29,2023-05-20
Closed,238079,OFF-STD-GRY,2023-05-15,Atlas Home Goods Store #6224,1,RMA-700447,310.88,Owen Brooks,2,No,ATL-97978,appearance did not match room plan,2023-05-27,Color / Appearance,A-10064,Standard Office Chair,Restock,Verified,2023-05-31,2023-05-18
Closed,228545,FOLD-MET-STD,2023-05-08,BluePeak Home Store #0025,3,RMA-700540,160.74,Luis Romero,4,Yes,BLU-40403,end users requested different size/fit,2023-05-14,Comfort / Fit Issue,A-10916,Basic Metal Folding Chair,Restock,Verified,2023-05-17,2023-05-09
Closed,221705,GAME-STD-OTT-RED,2023-05-08,Hearthside Market Store #5797,3,RMA-700637,2477.80,Owen Brooks,2,Yes,HEA-25840,issue found during unpacking/assembly,2023-05-14,Arrived Defective,A-11117,Gaming Chair + Ottoman,Restock,Verified,2023-05-18,2023-05-09
Closed,220272,PART-FOLD-CUSH,2023-05-06,Crescent Operations,2,RMA-700312,71.13,Elena Ruiz,1,No,220272,duplicate shipment confirmed by account,2023-05-16,Duplicate Order / Shipment,A-10259,Folding Chair Cushion Pad,Restock,Verified,2023-05-21,2023-05-08
Closed,239985,OFF-STD-OTT-BLK,2023-05-03,Harborview Procurement,3,RMA-700025,1472.91,Owen Brooks,3,Yes,PO-96382,items no longer needed after event was cancelled,2023-05-11,Changed Mind / No Longer Needed,A-10337,Standard Office Chair + Ottoman,Restock,Verified,2023-05-16,2023-05-04
Closed,224730,PART-OFF-CAST,2023-05-03,Cedar & Main Store #7208,7,RMA-700136,182.21,Elena Ruiz,2,Yes,CED-54414,account confirmed wrong model was ordered,2023-05-07,Account Ordered Wrong Product,A-10153,Office Chair Caster Set,Restock,Verified,2023-05-12,2023-05-04
Closed,226288,FOLD-XL-CUSH,2023-05-03,Granite Office Interiors,3,RMA-700755,436.89,Luis Romero,2,No,226288,account project changed after delivery,2023-05-10,Changed Mind / No Longer Needed,A-11131,Extra Large Cushioned Folding Chair,Restock,Verified,2023-05-15,2023-05-04
Denied,234143,YARD-HD-BLK,2023-04-29,Riverstone Home Store #3386,7,RMA-700051,0.00,Luis Romero,1,Yes,RIV-52059,purchasing selected wrong chair configuration,,Account Ordered Wrong Product,A-10343,Heavy Duty Yard Chair,,Verified,,
Closed,224125,OFF-STD-GRY,2023-04-28,Pioneer Campus Services,3,RMA-700058,1213.57,Leah Winters,1,No,PO-87832,account confirmed wrong model was ordered,2023-05-03,Account Ordered Wrong Product,A-10848,Standard Office Chair,Restock,Verified,2023-05-06,2023-04-28
Closed,234827,GAME-STD-RED,2023-04-25,Leo Cook,1,RMA-700838,870.94,Devon Hale,1,Yes,234827,appearance did not match room plan,2023-05-09,Color / Appearance,A-10134,Gaming Chair,Restock,Verified,2023-05-10,2023-04-27
Denied,239481,FOLD-CUSH,2023-04-24,Hearthside Market Store #8485,3,RMA-700726,0.00,Owen Brooks,2,No,HEA-83380,account says pallet included wrong model/color,,Wrong Product Shipped,A-11193,Metal Folding Chair with Cushion,,Verified,,
Closed,234257,OFF-STD-GRY,2023-04-23,Evergreen Purchasing Group,5,RMA-700145,1890.38,Nora Patel,3,Yes,PO-43375,extra quantity not needed after final headcount,2023-05-06,Account Ordered Too Many,A-10233,Standard Office Chair,Restock,Verified,2023-05-07,2023-04-25
Closed,226782,OFF-STD-GRY,2023-04-15,Fox Hollow Business Furnishings,3,RMA-700075,999.24,Owen Brooks,3,No,PO-86636,appearance did not match room plan,2023-05-01,Color / Appearance,A-10508,Standard Office Chair,Rework,Verified,2023-05-02,2023-04-19
Closed,236602,GAME-STD-OTT-RED,2023-04-15,Pioneer Church Supply,6,RMA-700128,4995.18,Luis Romero,3,No,PO-92070,issue found during unpacking/assembly,2023-04-29,Arrived Defective,A-10660,Gaming Chair + Ottoman,Scrap,Verified,2023-05-04,2023-04-19
Closed,226853,PART-FOLD-FOOT,2023-04-15,NorthMart Store #2249,5,RMA-700315,72.91,Priya Nair,1,Yes,NOR-26683,items no longer needed after event was cancelled,2023-04-23,Changed Mind / No Longer Needed,A-10392,Folding Chair Foot Cap Set,Scrap,Verified,2023-04-26,2023-04-19
Closed,239163,YARD-STD-NVY,2023-04-12,Northline Church Supply,1,RMA-700510,37.07,Marcus Chen,2,Yes,PO-59051,account says pallet included wrong model/color,2023-04-20,Wrong Product Shipped,A-10149,Standard Yard Chair,Scrap,Verified,2023-04-25,2023-04-13
Closed,224336,OFF-STD-OTT-BLK,2023-04-10,Granite Corporate Services,2,RMA-700014,1189.17,Marcus Chen,1,No,PO-75639,account project changed after delivery,2023-04-18,Changed Mind / No Longer Needed,A-11220,Standard Office Chair + Ottoman,Rework,Verified,2023-04-19,2023-04-10
Closed,239481,FOLD-CUSH,2023-04-09,Hearthside Market Store #8485,3,RMA-700070,296.91,Owen Brooks,2,Yes,HEA-83380,items no longer needed after event was cancelled,2023-04-15,Changed Mind / No Longer Needed,A-11193,Metal Folding Chair with Cushion,Rework,Verified,2023-04-17,2023-04-11
Closed,221932,OFF-LG-OTT-BLK,2023-04-06,Brighton Workspace Solutions,1,RMA-700247,720.36,Marcus Chen,2,No,PO-14499,cartons show transit damage,2023-04-18,Damaged in Transit,A-10189,Large Office Chair + Ottoman,Restock,Verified,2023-04-20,2023-04-06
Closed,229789,YARD-HD-NVY,2023-04-06,Urban Nest Store #4815,1,RMA-700590,55.45,Samuel Ortiz,2,No,URB-66288,duplicate shipment confirmed by account,2023-04-19,Duplicate Order / Shipment,A-10693,Heavy Duty Yard Chair,Scrap,Verified,2023-04-23,2023-04-07
Closed,228361,OFF-STD-GRY,2023-04-03,Northline Office Interiors,3,RMA-700259,1128.35,Leah Winters,1,No,PO-31580,account received duplicate quantity,2023-04-14,Duplicate Order / Shipment,A-11208,Standard Office Chair,Restock,Verified,2023-04-18,2023-04-05
Closed,220066,FOLD-CUSH,2023-04-01,GreenLine Living Store #4445,11,RMA-700602,920.48,Luis Romero,1,No,GRE-20270,account says chair does not fit intended users,2023-04-09,Comfort / Fit Issue,A-10041,Metal Folding Chair with Cushion,Scrap,Verified,2023-04-09,2023-04-01
Closed,222202,FOLD-CUSH,2023-03-28,Northline Office Interiors,5,RMA-700049,478.69,Priya Nair,1,No,PO-74084,duplicate shipment confirmed by account,2023-04-11,Duplicate Order / Shipment,A-11208,Metal Folding Chair with Cushion,Restock,Verified,2023-04-15,2023-04-01
Closed,224218,FOLD-CUSH,2023-03-27,Granite Corporate Services,1,RMA-700087,98.97,Marcus Chen,1,Yes,224218,duplicate shipment confirmed by account,2023-04-05,Duplicate Order / Shipment,A-11220,Metal Folding Chair with Cushion,Restock,Verified,2023-04-08,2023-03-31
Closed,221038,YARD-HD-NVY,2023-03-21,Urban Nest Store #2493,3,RMA-700089,166.35,Leah Winters,1,No,URB-87501,finish/color not preferred after delivery,2023-04-01,Color / Appearance,A-10969,Heavy Duty Yard Chair,Rework,Verified,2023-04-02,2023-03-24
Closed,227965,GAME-STD-OTT-BLU,2023-03-21,Sofia Price,1,RMA-700327,1053.53,Devon Hale,1,Yes,BLANKET-5792,account project changed after delivery,2023-04-01,Changed Mind / No Longer Needed,A-10026,Gaming Chair + Ottoman,Restock,Verified,2023-04-02,2023-03-22
Closed,224550,GAME-LG-OTT-BLU,2023-03-10,Bluewater Purchasing Group,6,RMA-700517,6123.12,Priya Nair,2,No,PO-13519,end users requested different size/fit,2023-03-20,Comfort / Fit Issue,A-10749,Large Gaming Chair + Ottoman,Restock,Verified,2023-03-23,2023-03-11
Closed,222360,OFF-STD-GRY,2023-03-10,Miles Nguyen,1,RMA-700747,464.27,Devon Hale,1,No,222360,unit did not function correctly out of box,2023-03-17,Arrived Defective,A-10801,Standard Office Chair,Restock,Verified,2023-03-20,2023-03-12
Closed,227382,PART-OFF-GAS,2023-03-07,Twin Rivers Design Studio,5,RMA-700072,253.70,Elena Ruiz,4,No,227382,account confirmed wrong model was ordered,2023-03-11,Account Ordered Wrong Product,A-10955,Office Chair Gas Lift,Restock,Verified,2023-03-12,2023-03-08
Closed,222512,FOLD-CUSH,2023-03-05,Prairie Home Market Store #2652,3,RMA-700749,251.04,Elena Ruiz,1,Yes,PRA-14989,extra quantity not needed after final headcount,2023-03-11,Account Ordered Too Many,A-10990,Metal Folding Chair with Cushion,Restock,Verified,2023-03-15,2023-03-05
Closed,224686,FOLD-MET-STD,2023-02-23,Cornerstone Home Store #9215,2,RMA-700408,107.16,Nora Patel,2,No,COR-29583,account project changed after delivery,2023-03-03,Changed Mind / No Longer Needed,A-10070,Basic Metal Folding Chair,Rework,Verified,2023-03-07,2023-02-26
Closed,229768,GAME-LG-OTT-BLU,2023-02-22,Amelia Foster,1,RMA-700164,1214.83,Devon Hale,1,No,229768,hardware missing from cartons,2023-03-01,Missing Parts / Hardware,A-10568,Large Gaming Chair + Ottoman,Rework,Verified,2023-03-03,2023-02-24
Denied,228249,GAME-LG-OTT-RED,2023-02-19,Redwood Event Services,2,RMA-700776,0.00,Marcus Chen,3,No,228249,hardware missing from cartons,,Missing Parts / Hardware,A-11115,Large Gaming Chair + Ottoman,,Verified,,
Closed,225112,FOLD-XL-CUSH,2023-02-18,Fox Hollow Venue Services,2,RMA-700523,326.73,Nora Patel,1,Yes,PO-90611,extra quantity not needed after final headcount,2023-02-25,Account Ordered Too Many,A-10195,Extra Large Cushioned Folding Chair,Scrap,Verified,2023-03-02,2023-02-18
Closed,225224,FOLD-CUSH,2023-02-14,Silver Lake Operations,3,RMA-700222,350.94,Owen Brooks,1,Yes,225224,issue found during unpacking/assembly,2023-03-02,Arrived Defective,A-10919,Metal Folding Chair with Cushion,Restock,Verified,2023-03-02,2023-02-18
Closed,227821,FOLD-XL-CUSH,2023-02-06,Summit Home Store #3436,2,RMA-700469,282.52,Luis Romero,1,No,SUM-86117,several units damaged on arrival,2023-02-16,Damaged in Transit,A-10799,Extra Large Cushioned Folding Chair,Restock,Verified,2023-02-18,2023-02-09
Closed,223511,OFF-LG-OTT-GRY,2023-02-05,Fox Hollow Venue Services,2,RMA-700730,1308.48,Nora Patel,3,No,PO-65888,end users requested different size/fit,2023-02-12,Comfort / Fit Issue,A-10195,Large Office Chair + Ottoman,Scrap,Verified,2023-02-13,2023-02-07
Closed,224265,YARD-HD-GRN,2023-02-03,Summit Home Store #5322,2,RMA-700177,115.76,Elena Ruiz,2,Yes,SUM-39703,warehouse shipment did not match order line,2023-02-13,Wrong Product Shipped,A-10912,Heavy Duty Yard Chair,Restock,Verified,2023-02-14,2023-02-06
Closed,226415,OFF-LG-OTT-GRY,2023-02-03,HomeHarbor Store #8147,4,RMA-700353,2116.64,Marcus Chen,2,No,HOM-46227,purchasing selected wrong chair configuration,2023-02-13,Account Ordered Wrong Product,A-11039,Large Office Chair + Ottoman,Scrap,Verified,2023-02-14,2023-02-04
Closed,225374,GAME-LG-RED,2023-01-31,Copper Hill Event Services,3,RMA-700321,2126.58,Priya Nair,1,Yes,PO-40667,account project changed after delivery,2023-02-06,Changed Mind / No Longer Needed,A-10426,Large Gaming Chair,Restock,Verified,2023-02-11,2023-02-02
Closed,227968,YARD-HD-BLK,2023-01-31,PrimeHouse Store #7834,6,RMA-700474,321.48,Samuel Ortiz,3,No,PRI-84489,unit did not function correctly out of box,2023-02-04,Arrived Defective,A-10961,Heavy Duty Yard Chair,Rework,Verified,2023-02-08,2023-02-01
Closed,221839,OFF-LG-BLK,2023-01-31,Cedar & Main Store #3964,2,RMA-700775,961.82,Nora Patel,2,No,CED-66280,extra quantity not needed after final headcount,2023-02-12,Account Ordered Too Many,A-10120,Large Office Chair,Restock,Verified,2023-02-14,2023-01-31
Closed,227927,YARD-STD-BLK,2023-01-30,Cedar & Main Store #0035,2,RMA-700366,63.22,Owen Brooks,3,No,CED-33863,account confirmed wrong model was ordered,2023-02-03,Account Ordered Wrong Product,A-10270,Standard Yard Chair,Rework,Verified,2023-02-06,2023-01-30
Closed,226357,OFF-STD-OTT-BLK,2023-01-28,Summit Home Store #3436,8,RMA-700611,3348.88,Leah Winters,3,Yes,SUM-49117,assembly kit incomplete,2023-02-07,Missing Parts / Hardware,A-10799,Standard Office Chair + Ottoman,Restock,Verified,2023-02-08,2023-01-28
Closed,228114,FOLD-XL-CUSH,2023-01-28,Silver Lake School Supply,11,RMA-700661,1657.37,Owen Brooks,1,No,PO-57386,items no longer needed after event was cancelled,2023-02-07,Changed Mind / No Longer Needed,A-10949,Extra Large Cushioned Folding Chair,Rework,Verified,2023-02-10,2023-01-29
Closed,223482,OFF-LG-OTT-GRY,2023-01-25,BluePeak Home Store #4758,5,RMA-700116,2645.80,Nora Patel,1,Yes,BLU-83066,purchasing selected wrong chair configuration,2023-02-01,Account Ordered Wrong Product,A-10044,Large Office Chair + Ottoman,Restock,Verified,2023-02-05,2023-01-25
Closed,226379,YARD-HD-NVY,2023-01-22,HomeHarbor Store #3900,7,RMA-700796,375.06,Nora Patel,1,No,HOM-42346,finish/color not preferred after delivery,2023-02-01,Color / Appearance,A-10215,Heavy Duty Yard Chair,Scrap,Verified,2023-02-01,2023-01-25
Closed,227074,GAME-LG-OTT-BLU,2023-01-19,Heritage Procurement,1,RMA-700229,1001.10,Priya Nair,4,No,PO-35477,account says pallet included wrong model/color,2023-01-27,Wrong Product Shipped,A-10943,Large Gaming Chair + Ottoman,Restock,Verified,2023-01-31,2023-01-19
Closed,228894,FOLD-MET-STD,2023-01-18,Silver Lake Church Supply,2,RMA-700180,114.82,Owen Brooks,1,Yes,PO-86497,warehouse shipment did not match order line,2023-01-27,Wrong Product Shipped,A-10903,Basic Metal Folding Chair,Restock,Verified,2023-01-31,2023-01-18
Closed,224461,FOLD-CUSH,2023-01-14,Prairie Home Market Store #6903,5,RMA-700794,418.40,Nora Patel,1,Yes,PRA-57253,items no longer needed after event was cancelled,2023-01-24,Changed Mind / No Longer Needed,A-10877,Metal Folding Chair with Cushion,Scrap,Verified,2023-01-27,2023-01-18
Closed,228701,OFF-LG-OTT-GRY,2023-01-09,Hearthside Market Store #5797,11,RMA-700068,6652.25,Owen Brooks,3,No,HEA-69764,purchasing selected wrong chair configuration,2023-01-20,Account Ordered Wrong Product,A-11117,Large Office Chair + Ottoman,Scrap,Verified,2023-01-25,2023-01-09
Closed,227297,FOLD-CUSH,2023-01-08,BluePeak Home Store #9183,6,RMA-700277,502.08,Elena Ruiz,1,No,BLU-24427,cartons show transit damage,2023-01-13,Damaged in Transit,A-10454,Metal Folding Chair with Cushion,Scrap,Verified,2023-01-17,2023-01-08
Closed,228432,OFF-LG-BLK,2023-01-07,Silver Lake Corporate Services,3,RMA-700118,1602.84,Marcus Chen,2,No,PO-45744,items no longer needed after event was cancelled,2023-01-21,Changed Mind / No Longer Needed,A-10130,Large Office Chair,Restock,Verified,2023-01-26,2023-01-11
Closed,221723,OFF-STD-BLK,2023-01-03,GreenLine Living Store #0286,1,RMA-700825,300.40,Marcus Chen,2,Yes,GRE-15013,several units damaged on arrival,2023-01-08,Damaged in Transit,A-10791,Standard Office Chair,Scrap,Verified,2023-01-08,2023-01-05
Closed,225773,GAME-STD-OTT-RED,2023-01-02,Caleb Cook,1,RMA-700375,1008.63,Devon Hale,1,Yes,225773,items no longer needed after event was cancelled,2023-01-16,Changed Mind / No Longer Needed,A-10583,Gaming Chair + Ottoman,Restock,Verified,2023-01-21,2023-01-04
Denied,227285,PART-OFF-TILT,2022-12-23,Golden State Design Studio,3,RMA-700600,0.00,Luis Romero,1,Yes,PO-20674,end users requested different size/fit,,Comfort / Fit Issue,A-10676,Office Chair Tilt Mechanism,,Verified,,
Closed,223955,OFF-LG-OTT-GRY,2022-12-21,Pioneer Church Supply,1,RMA-700830,604.75,Nora Patel,2,No,223955,several units damaged on arrival,2023-01-05,Damaged in Transit,A-10660,Large Office Chair + Ottoman,Rework,Verified,2023-01-05,2022-12-25
Closed,223355,GAME-LG-OTT-RED,2022-12-18,Pioneer Facilities,5,RMA-700539,5087.91,Owen Brooks,4,Yes,PO-15276,end users requested different size/fit,2022-12-25,Comfort / Fit Issue,A-10110,Large Gaming Chair + Ottoman,Restock,Verified,2022-12-28,2022-12-19
Closed,226343,YARD-STD-BLK,2022-12-15,Pioneer Campus Services,2,RMA-700192,77.33,Leah Winters,2,No,PO-69672,return approved after manager review,2022-12-22,Other,A-10848,Standard Yard Chair,Restock,Verified,2022-12-24,2022-12-18
Closed,225421,YARD-HD-GRN,2022-12-15,MetroHouse Store #5022,1,RMA-700371,53.58,Elena Ruiz,2,Yes,MET-61112,account overordered for site rollout,2022-12-24,Account Ordered Too Many,A-10988,Heavy Duty Yard Chair,Rework,Verified,2022-12-25,2022-12-19
Closed,227074,GAME-LG-OTT-BLU,2022-12-14,Heritage Procurement,5,RMA-700842,5005.50,Priya Nair,4,Yes,PO-35477,items no longer needed after event was cancelled,2022-12-23,Changed Mind / No Longer Needed,A-10943,Large Gaming Chair + Ottoman,Rework,Verified,2022-12-24,2022-12-14
Closed,223355,YARD-STD-WHT,2022-12-13,Pioneer Facilities,2,RMA-700593,73.92,Owen Brooks,2,Yes,PO-15276,several units damaged on arrival,2022-12-19,Damaged in Transit,A-10110,Standard Yard Chair,Rework,Verified,2022-12-22,2022-12-13
Closed,228211,GAME-LG-OTT-RED,2022-12-06,Cornerstone Home Store #7078,2,RMA-700132,1740.22,Marcus Chen,1,Yes,COR-63273,account says chair does not fit intended users,2022-12-20,Comfort / Fit Issue,A-10649,Large Gaming Chair + Ottoman,Restock,Verified,2022-12-20,2022-12-08
Closed,225889,YARD-STD-GRN,2022-12-06,Hearthside Market Store #2710,8,RMA-700769,236.00,Marcus Chen,1,No,HEA-18119,items no longer needed after event was cancelled,2022-12-13,Changed Mind / No Longer Needed,A-10665,Standard Yard Chair,Rework,Verified,2022-12-14,2022-12-06
Closed,221095,GAME-STD-BLU,2022-12-04,Crescent Commercial Interiors,2,RMA-700754,1395.30,Priya Nair,1,No,PO-50699,cartons show transit damage,2022-12-10,Damaged in Transit,A-10820,Gaming Chair,Rework,Verified,2022-12-14,2022-12-05
Closed,220892,YARD-HD-BLK,2022-11-28,Atlas Home Goods Store #5809,3,RMA-700306,172.23,Nora Patel,2,Yes,ATL-28676,issue found during unpacking/assembly,2022-12-06,Arrived Defective,A-10843,Heavy Duty Yard Chair,Restock,Verified,2022-12-06,2022-11-29
Closed,225689,GAME-STD-RED,2022-11-27,Silver Lake Facility Services,2,RMA-700742,1159.72,Nora Patel,3,Yes,225689,hardware missing from cartons,2022-12-12,Missing Parts / Hardware,A-10560,Gaming Chair,Scrap,Verified,2022-12-12,2022-12-01
Closed,225689,GAME-STD-OTT-RED,2022-11-23,Silver Lake Facility Services,6,RMA-700274,4253.16,Nora Patel,2,No,225689,warehouse shipment did not match order line,2022-12-09,Wrong Product Shipped,A-10560,Gaming Chair + Ottoman,Restock,Verified,2022-12-12,2022-11-27
Closed,225494,YARD-STD-GRN,2022-11-22,Hillcrest Office Supply,5,RMA-700756,191.85,Owen Brooks,3,Yes,225494,assembly kit incomplete,2022-11-25,Missing Parts / Hardware,A-10022,Standard Yard Chair,Restock,Verified,2022-11-29,2022-11-22
Closed,225215,GAME-STD-RED,2022-11-20,HomeHarbor Store #8147,1,RMA-700133,541.20,Elena Ruiz,3,Yes,HOM-46966,return approved after manager review,2022-11-27,Other,A-11039,Gaming Chair,Scrap,Verified,2022-12-01,2022-11-23
Closed,224912,YARD-HD-BLK,2022-11-12,Parkside Venue Services,3,RMA-700557,183.69,Owen Brooks,2,Yes,PO-84954,several units damaged on arrival,2022-11-16,Damaged in Transit,A-10276,Heavy Duty Yard Chair,Rework,Verified,2022-11-20,2022-11-13
Closed,225583,YARD-HD-BLK,2022-11-10,Willow Creek Procurement,7,RMA-700198,464.90,Samuel Ortiz,1,No,PO-19678,account project changed after delivery,2022-11-17,Changed Mind / No Longer Needed,A-10182,Heavy Duty Yard Chair,Rework,Verified,2022-11-17,2022-11-12
Closed,224163,FOLD-XL-CUSH,2022-11-09,Aspen Facilities,1,RMA-700428,150.67,Priya Nair,2,Yes,224163,account project changed after delivery,2022-11-22,Changed Mind / No Longer Needed,A-10585,Extra Large Cushioned Folding Chair,Rework,Verified,2022-11-23,2022-11-13
Closed,229711,OFF-STD-BLK,2022-11-08,Northline Corporate Services,3,RMA-700537,1094.31,Owen Brooks,1,Yes,PO-40686,account project changed after delivery,2022-11-24,Changed Mind / No Longer Needed,A-11020,Standard Office Chair,Restock,Verified,2022-11-24,2022-11-12
Closed,220168,FOLD-MET-STD,2022-11-07,Summit Home Store #2391,7,RMA-700529,375.06,Luis Romero,1,Yes,SUM-74202,purchasing selected wrong chair configuration,2022-11-19,Account Ordered Wrong Product,A-10766,Basic Metal Folding Chair,Rework,Verified,2022-11-20,2022-11-09
Closed,220624,YARD-STD-BLK,2022-11-02,Fairview Office Supply,9,RMA-700732,303.39,Samuel Ortiz,1,Yes,220624,account overordered for site rollout,2022-11-07,Account Ordered Too Many,A-11139,Standard Yard Chair,Restock,Verified,2022-11-12,2022-11-04
Closed,222012,YARD-STD-NVY,2022-10-31,BluePeak Home Store #3125,8,RMA-700199,252.88,Elena Ruiz,2,Yes,BLU-95110,purchasing selected wrong chair configuration,2022-11-10,Account Ordered Wrong Product,A-11225,Standard Yard Chair,Restock,Verified,2022-11-12,2022-11-03
Closed,221552,OFF-STD-OTT-BLK,2022-10-22,Amelia Nguyen,2,RMA-700496,1212.58,Devon Hale,1,No,221552,hardware missing from cartons,2022-11-04,Missing Parts / Hardware,A-10485,Standard Office Chair + Ottoman,Scrap,Verified,2022-11-08,2022-10-25
Closed,221865,PART-FOLD-FOOT,2022-10-18,Westlake Event Group,4,RMA-700334,64.19,Priya Nair,1,No,PO-48315,several units damaged on arrival,2022-10-25,Damaged in Transit,A-10447,Folding Chair Foot Cap Set,Restock,Verified,2022-10-27,2022-10-22
Closed,229601,FOLD-CUSH,2022-10-18,BluePeak Home Store #3125,3,RMA-700424,251.04,Elena Ruiz,1,Yes,BLU-90397,account confirmed wrong model was ordered,2022-10-24,Account Ordered Wrong Product,A-11225,Metal Folding Chair with Cushion,Restock,Verified,2022-10-26,2022-10-21
Closed,225625,GAME-LG-BLU,2022-10-07,GreenLine Living Store #4057,2,RMA-700276,1417.72,Leah Winters,2,Yes,GRE-16294,account overordered for site rollout,2022-10-15,Account Ordered Too Many,A-10601,Large Gaming Chair,Restock,Verified,2022-10-15,2022-10-08
Closed,229429,PART-FOLD-HINGE,2022-10-06,WestBridge Home Store #2191,2,RMA-700221,67.42,Leah Winters,1,Yes,WES-31429,appearance did not match room plan,2022-10-13,Color / Appearance,A-10632,Folding Chair Hinge Set,Scrap,Verified,2022-10-17,2022-10-10
Closed,225614,FOLD-MET-STD,2022-10-06,Urban Nest Store #6207,8,RMA-700620,428.64,Owen Brooks,3,Yes,URB-11472,account confirmed wrong model was ordered,2022-10-19,Account Ordered Wrong Product,A-10810,Basic Metal Folding Chair,Restock,Verified,2022-10-20,2022-10-07
Closed,221530,OFF-LG-BLK,2022-10-05,Elmwood Church Supply,4,RMA-700500,1761.48,Luis Romero,1,No,PO-43896,assembly kit incomplete,2022-10-19,Missing Parts / Hardware,A-10169,Large Office Chair,Restock,Verified,2022-10-23,2022-10-08
Closed,227422,GAME-STD-BLU,2022-10-05,Riverstone Home Store #4100,3,RMA-700848,1585.83,Priya Nair,3,No,RIV-60407,end users requested different size/fit,2022-10-20,Comfort / Fit Issue,A-10318,Gaming Chair,Restock,Verified,2022-10-21,2022-10-08
Closed,221201,GAME-STD-OTT-BLU,2022-10-03,Northline Office Interiors,1,RMA-700487,830.84,Leah Winters,1,No,221201,items no longer needed after event was cancelled,2022-10-12,Changed Mind / No Longer Needed,A-11208,Gaming Chair + Ottoman,Restock,Verified,2022-10-13,2022-10-05
Closed,225888,FOLD-CUSH,2022-10-03,Pacific Home Store #4886,3,RMA-700707,251.04,Elena Ruiz,3,Yes,PAC-92799,account confirmed wrong model was ordered,2022-10-18,Account Ordered Wrong Product,A-10365,Metal Folding Chair with Cushion,Rework,Verified,2022-10-20,2022-10-07
Closed,220391,GAME-LG-OTT-BLU,2022-09-30,Urban Nest Store #2493,5,RMA-700491,4350.55,Luis Romero,3,Yes,URB-69336,items no longer needed after event was cancelled,2022-10-13,Changed Mind / No Longer Needed,A-10969,Large Gaming Chair + Ottoman,Rework,Verified,2022-10-14,2022-10-01
Closed,228903,YARD-STD-NVY,2022-09-28,Northline Meeting Solutions,1,RMA-700559,38.57,Luis Romero,3,Yes,PO-59119,duplicate shipment confirmed by account,2022-10-04,Duplicate Order / Shipment,A-11105,Standard Yard Chair,Restock,Verified,2022-10-09,2022-09-29
Closed,225821,FOLD-MET-STD,2022-09-26,Granite Workspace Solutions,6,RMA-700195,390.36,Luis Romero,2,No,PO-49677,account says pallet included wrong model/color,2022-10-02,Wrong Product Shipped,A-11207,Basic Metal Folding Chair,Restock,Verified,2022-10-05,2022-09-27
Closed,227841,OFF-STD-OTT-GRY,2022-09-23,Urban Nest Store #2372,2,RMA-700520,781.40,Priya Nair,3,Yes,URB-15462,items no longer needed after event was cancelled,2022-09-29,Changed Mind / No Longer Needed,A-10430,Standard Office Chair + Ottoman,Restock,Verified,2022-10-04,2022-09-26
Closed,227196,OFF-STD-OTT-GRY,2022-09-23,Caleb Cook,1,RMA-700784,597.09,Devon Hale,1,No,227196,account project changed after delivery,2022-10-05,Changed Mind / No Longer Needed,A-10583,Standard Office Chair + Ottoman,Rework,Verified,2022-10-10,2022-09-24
Closed,227992,YARD-HD-GRN,2022-09-21,GreenLine Living Store #0800,2,RMA-700624,104.66,Nora Patel,1,Yes,GRE-51787,several units damaged on arrival,2022-09-29,Damaged in Transit,A-10179,Heavy Duty Yard Chair,Restock,Verified,2022-09-30,2022-09-24
Closed,221530,GAME-LG-RED,2022-09-17,Elmwood Church Supply,2,RMA-700476,1384.74,Luis Romero,2,Yes,PO-43896,extra quantity not needed after final headcount,2022-09-25,Account Ordered Too Many,A-10169,Large Gaming Chair,Restock,Verified,2022-09-27,2022-09-19
Closed,225052,OFF-STD-OTT-GRY,2022-09-15,Atlas Home Goods Store #6224,1,RMA-700658,410.71,Owen Brooks,3,Yes,ATL-68024,extra quantity not needed after final headcount,2022-09-21,Account Ordered Too Many,A-10064,Standard Office Chair + Ottoman,Restock,Verified,2022-09-25,2022-09-15
Denied,226706,PART-FOLD-FOOT,2022-09-12,Hearthside Market Store #1819,1,RMA-700251,0.00,Priya Nair,2,Yes,HEA-58238,several units damaged on arrival,,Damaged in Transit,A-10162,Folding Chair Foot Cap Set,,Missing,,
Closed,228903,OFF-STD-OTT-GRY,2022-09-11,Northline Meeting Solutions,10,RMA-700099,5108.48,Luis Romero,1,No,PO-59119,extra quantity not needed after final headcount,2022-09-14,Account Ordered Too Many,A-11105,Standard Office Chair + Ottoman,Restock,Verified,2022-09-16,2022-09-11
Closed,224409,FOLD-PAD-OLD,2022-09-11,Pioneer School Supply,1,RMA-700397,100.01,Elena Ruiz,2,Yes,224409,issue found during unpacking/assembly,2022-09-17,Arrived Defective,A-10180,Metal Folding Chair with Cushion,Restock,Verified,2022-09-22,2022-09-13
Closed,224117,FOLD-MET-STD,2022-08-31,GreenLine Living Store #0286,5,RMA-700763,261.65,Priya Nair,4,Yes,GRE-36621,finish/color not preferred after delivery,2022-09-08,Color / Appearance,A-10791,Basic Metal Folding Chair,Restock,Verified,2022-09-11,2022-09-02
Closed,227103,OFF-STD-GRY,2022-08-26,Evergreen Purchasing Group,2,RMA-700185,628.74,Luis Romero,1,Yes,PO-95210,purchasing selected wrong chair configuration,2022-09-05,Account Ordered Wrong Product,A-10233,Standard Office Chair,Restock,Verified,2022-09-09,2022-08-28
Closed,229504,OFF-LG-GRY,2022-08-25,Isaac Reed,1,RMA-700677,601.14,Devon Hale,1,Yes,229504,issue found during unpacking/assembly,2022-09-03,Arrived Defective,A-11019,Large Office Chair,Restock,Verified,2022-09-05,2022-08-27
Closed,227649,OFF-LG-GRY,2022-08-23,Urban Nest Store #5202,2,RMA-700239,822.02,Marcus Chen,2,Yes,URB-35911,end users requested different size/fit,2022-08-27,Comfort / Fit Issue,A-11116,Large Office Chair,Restock,Verified,2022-08-31,2022-08-24
Closed,227050,FOLD-XL-CUSH,2022-08-23,Brookfield Office Supply,3,RMA-700313,447.67,Samuel Ortiz,2,No,PO-45562,purchasing selected wrong chair configuration,2022-09-03,Account Ordered Wrong Product,A-10923,Extra Large Cushioned Folding Chair,Restock,Verified,2022-09-08,2022-08-25
Closed,229332,OFF-LG-BLK,2022-08-21,Amelia Collins,1,RMA-700258,632.70,Devon Hale,1,Yes,229332,account project changed after delivery,2022-09-06,Changed Mind / No Longer Needed,A-10558,Large Office Chair,Rework,Verified,2022-09-08,2022-08-25
Closed,212435,GAME-LG-RED,2022-08-16,Harborview Workspace Solutions,2,RMA-700667,1581.29,Luis Romero,3,No,PO-89674,account says chair does not fit intended users,2022-08-27,Comfort / Fit Issue,A-10661,Large Gaming Chair,Restock,Verified,2022-08-31,2022-08-20
Closed,229336,GAME-LG-OTT-RED,2022-08-15,Clearwater Property Group,9,RMA-700092,7648.83,Priya Nair,4,Yes,PO-86061,hardware missing from cartons,2022-08-20,Missing Parts / Hardware,A-10559,Large Gaming Chair + Ottoman,Restock,Verified,2022-08-24,2022-08-16
Closed,227104,FOLD-PAD-OLD,2022-08-12,Silver Lake Corporate Services,11,RMA-700709,893.97,Marcus Chen,4,Yes,227104,see case notes from account service,2022-08-20,Other,A-10130,Metal Folding Chair with Cushion,Restock,Verified,2022-08-23,2022-08-16
Closed,222587,FOLD-MET-STD,2022-08-11,Hillcrest Office Interiors,4,RMA-700761,275.56,Marcus Chen,1,Yes,PO-65432,cartons show transit damage,2022-08-20,Damaged in Transit,A-10726,Basic Metal Folding Chair,Scrap,Verified,2022-08-20,2022-08-13
Closed,222312,OFF-STD-GRY,2022-08-01,Avery Price,1,RMA-700311,464.47,Owen Brooks,1,No,222312,unit did not function correctly out of box,2022-08-09,Arrived Defective,A-10361,Standard Office Chair,Scrap,Verified,2022-08-12,2022-08-04
Closed,220384,FOLD-XL-CUSH,2022-07-29,MetroHouse Store #7127,7,RMA-700429,901.39,Leah Winters,1,Yes,MET-46578,see case notes from account service,2022-08-07,Other,A-11002,Extra Large Cushioned Folding Chair,Rework,Verified,2022-08-07,2022-07-31
Closed,223118,YARD-HD-GRN,2022-07-27,HomeHarbor Store #6385,12,RMA-700651,627.96,Priya Nair,1,No,HOM-84980,account says pallet included wrong model/color,2022-08-10,Wrong Product Shipped,A-10206,Heavy Duty Yard Chair,Restock,Verified,2022-08-15,2022-07-30
Closed,221398,GAME-LG-BLU,2022-07-25,Granite Facilities,2,RMA-700479,1477.06,Luis Romero,2,Yes,PO-25919,account says chair does not fit intended users,2022-08-02,Comfort / Fit Issue,A-10948,Large Gaming Chair,Restock,Verified,2022-08-02,2022-07-27
Closed,227444,PART-FOLD-CUSH,2022-07-22,Summit Home Store #1320,2,RMA-700558,58.96,Elena Ruiz,1,No,SUM-57754,hardware missing from cartons,2022-08-05,Missing Parts / Hardware,A-11078,Folding Chair Cushion Pad,Scrap,Verified,2022-08-10,2022-07-25
Closed,212435,GAME-LG-RED,2022-07-17,Harborview Workspace Solutions,8,RMA-700739,7240.07,Luis Romero,3,Yes,PO-89674,cartons show transit damage,2022-07-29,Damaged in Transit,A-10661,Large Gaming Chair,Restock,Verified,2022-08-02,2022-07-21
Closed,218714,OFF-LG-GRY,2022-07-13,Cedar & Main Store #7208,3,RMA-700592,1321.11,Nora Patel,3,Yes,CED-35614,account confirmed wrong model was ordered,2022-07-22,Account Ordered Wrong Product,A-10153,Large Office Chair,Restock,Verified,2022-07-22,2022-07-16
Closed,229608,YARD-STD-WHT,2022-07-07,WestBridge Home Store #1151,4,RMA-700705,115.24,Owen Brooks,3,No,WES-53260,cartons show transit damage,2022-07-22,Damaged in Transit,A-11159,Standard Yard Chair,Scrap,Verified,2022-07-22,2022-07-11
Closed,223124,FOLD-CUSH,2022-07-06,Prairie Home Market Store #7847,5,RMA-700243,437.85,Owen Brooks,1,Yes,PRA-31734,warehouse shipment did not match order line,2022-07-14,Wrong Product Shipped,A-10886,Metal Folding Chair with Cushion,Scrap,Verified,2022-07-17,2022-07-06
Closed,223118,PART-YARD-FOOT,2022-07-05,HomeHarbor Store #6385,1,RMA-700333,11.17,Priya Nair,3,No,HOM-84980,see case notes from account service,2022-07-11,Other,A-10206,Yard Chair Foot Cap Set,Rework,Verified,2022-07-13,2022-07-05
Closed,225283,OFF-STD-OTT-BLK,2022-07-05,NorthMart Store #5021,5,RMA-700358,2044.35,Marcus Chen,3,Yes,NOR-95643,items no longer needed after event was cancelled,2022-07-16,Changed Mind / No Longer Needed,A-10301,Standard Office Chair + Ottoman,Restock,Verified,2022-07-16,2022-07-06
Closed,217212,GAME-STD-BLU,2022-06-27,Silver Lake Corporate Services,10,RMA-700734,5921.73,Marcus Chen,1,No,217212,account overordered for site rollout,2022-07-09,Account Ordered Too Many,A-10130,Gaming Chair,Restock,Verified,2022-07-14,2022-06-30
Closed,220119,YARD-HD-NVY,2022-06-23,Heritage Property Group,4,RMA-700437,269.79,Elena Ruiz,1,No,PO-72101,account says pallet included wrong model/color,2022-06-30,Wrong Product Shipped,A-10125,Heavy Duty Yard Chair,Restock,Verified,2022-07-04,2022-06-25
Closed,225756,PART-OFF-TILT,2022-06-21,WestBridge Home Store #3165,2,RMA-700273,139.94,Owen Brooks,2,Yes,WES-47198,cartons show transit damage,2022-06-30,Damaged in Transit,A-10806,Office Chair Tilt Mechanism,Scrap,Verified,2022-07-05,2022-06-25
Closed,224706,OFF-LG-OTT-GRY,2022-06-18,Parkside Community Center,3,RMA-700123,1997.10,Luis Romero,2,No,PO-93536,account project changed after delivery,2022-06-27,Changed Mind / No Longer Needed,A-10079,Large Office Chair + Ottoman,Restock,Verified,2022-07-02,2022-06-21
Closed,221226,FOLD-MET-STD,2022-06-16,Cedar & Main Store #7584,5,RMA-700495,261.65,Luis Romero,1,Yes,CED-21330,items no longer needed after event was cancelled,2022-06-26,Changed Mind / No Longer Needed,A-10857,Basic Metal Folding Chair,Scrap,Verified,2022-06-27,2022-06-18
Closed,227217,FOLD-CUSH,2022-06-13,Summit Home Store #3599,3,RMA-700254,245.19,Luis Romero,4,No,SUM-35328,warehouse shipment did not match order line,2022-06-18,Wrong Product Shipped,A-10996,Metal Folding Chair with Cushion,Restock,Verified,2022-06-23,2022-06-15
Closed,224150,PART-OFF-GAS,2022-06-05,Summit Ridge School Supply,4,RMA-700083,198.24,Luis Romero,1,Yes,PO-17800,assembly kit incomplete,2022-06-12,Missing Parts / Hardware,A-10605,Office Chair Gas Lift,Rework,Verified,2022-06-12,2022-06-05
Closed,222361,OFF-LG-OTT-BLK,2022-06-04,Heritage Conference Services,10,RMA-700605,6276.10,Leah Winters,4,No,222361,account overordered for site rollout,2022-06-16,Account Ordered Too Many,A-10826,Large Office Chair + Ottoman,Restock,Verified,2022-06-17,2022-06-05
Closed,228097,FOLD-PAD-OLD,2022-05-31,Pacific Home Store #8728,10,RMA-700403,812.70,Luis Romero,1,Yes,PAC-59176,account says pallet included wrong model/color,2022-06-07,Wrong Product Shipped,A-10047,Metal Folding Chair with Cushion,Rework,Verified,2022-06-11,2022-06-01
Closed,216028,YARD-HD-NVY,2022-05-31,NorthMart Store #4896,2,RMA-700434,112.14,Priya Nair,1,Yes,NOR-79265,account project changed after delivery,2022-06-08,Changed Mind / No Longer Needed,A-10960,Heavy Duty Yard Chair,Rework,Verified,2022-06-11,2022-06-01
Closed,215995,GAME-STD-BLU,2022-05-30,Harborview Workspace Solutions,10,RMA-700144,6471.07,Luis Romero,2,Yes,215995,issue found during unpacking/assembly,2022-06-05,Arrived Defective,A-10661,Gaming Chair,Scrap,Verified,2022-06-09,2022-05-31
Closed,212868,YARD-HD-WHT,2022-05-28,Cornerstone Home Store #8404,4,RMA-700386,259.16,Leah Winters,1,Yes,COR-23120,extra quantity not needed after final headcount,2022-06-07,Account Ordered Too Many,A-10837,Heavy Duty Yard Chair,Restock,Verified,2022-06-08,2022-06-01
Closed,216028,YARD-HD-NVY,2022-05-21,NorthMart Store #4896,4,RMA-700459,224.28,Priya Nair,1,No,NOR-79265,unit did not function correctly out of box,2022-06-02,Arrived Defective,A-10960,Heavy Duty Yard Chair,Scrap,Verified,2022-06-05,2022-05-21
Closed,229059,YARD-HD-GRN,2022-05-21,NorthMart Store #6502,5,RMA-700532,261.65,Owen Brooks,4,Yes,BLANKET-6574,return approved after manager review,2022-06-01,Other,A-10720,Heavy Duty Yard Chair,Restock,Verified,2022-06-06,2022-05-25
Closed,228584,FOLD-MET-STD,2022-05-20,Prairie Home Market Store #8477,9,RMA-700595,504.63,Samuel Ortiz,3,Yes,PRA-29330,issue found during unpacking/assembly,2022-06-01,Arrived Defective,A-11122,Basic Metal Folding Chair,Restock,Verified,2022-06-01,2022-05-21
Closed,221137,GAME-LG-BLU,2022-05-19,Clearwater Event Group,13,RMA-700152,9750.34,Elena Ruiz,1,No,BLANKET-6439,unit did not function correctly out of box,2022-05-31,Arrived Defective,A-10554,Large Gaming Chair,Restock,Verified,2022-06-01,2022-05-22
Waiting for Information,228106,YARD-HD-NVY,2022-05-18,Cornerstone Home Store #6997,4,RMA-700082,0.00,Marcus Chen,1,No,COR-77909,items no longer needed after event was cancelled,,Changed Mind / No Longer Needed,A-10688,Heavy Duty Yard Chair,,Missing,,
Closed,220436,YARD-STD-NVY,2022-05-18,BluePeak Home Store #4157,1,RMA-700746,28.81,Luis Romero,2,Yes,BLU-37252,several units damaged on arrival,2022-05-27,Damaged in Transit,A-10776,Standard Yard Chair,Rework,Verified,2022-05-30,2022-05-21
Closed,229695,OFF-LG-OTT-GRY,2022-05-17,Northline Education Services,1,RMA-700020,632.62,Elena Ruiz,5,No,PO-94129,items no longer needed after event was cancelled,2022-05-27,Changed Mind / No Longer Needed,A-11023,Large Office Chair + Ottoman,Restock,Verified,2022-05-28,2022-05-17
Closed,211236,FOLD-PAD-OLD,2022-05-17,Riverstone Home Store #1826,1,RMA-700252,75.85,Elena Ruiz,2,Yes,RIV-65857,duplicate shipment confirmed by account,2022-05-30,Duplicate Order / Shipment,A-10606,Metal Folding Chair with Cushion,Restock,Verified,2022-06-04,2022-05-20
Closed,221081,PART-FOLD-FOOT,2022-05-13,Northline Meeting Solutions,1,RMA-700438,16.32,Luis Romero,3,Yes,PO-91813,account says pallet included wrong model/color,2022-05-25,Wrong Product Shipped,A-11105,Folding Chair Foot Cap Set,Restock,Verified,2022-05-28,2022-05-14
Closed,210157,FOLD-XL-CUSH,2022-05-08,Atlas Home Goods Store #1598,1,RMA-700326,128.77,Priya Nair,4,No,ATL-58558,account overordered for site rollout,2022-05-23,Account Ordered Too Many,A-10311,Extra Large Cushioned Folding Chair,Restock,Verified,2022-05-23,2022-05-12
Closed,219930,YARD-HD-NVY,2022-05-07,Urban Nest Store #2372,1,RMA-700577,56.07,Leah Winters,4,Yes,URB-11221,account project changed after delivery,2022-05-14,Changed Mind / No Longer Needed,A-10430,Heavy Duty Yard Chair,Rework,Verified,2022-05-15,2022-05-07
Closed,229482,FOLD-PAD-OLD,2022-05-06,Meridian Purchasing Group,2,RMA-700231,190.58,Elena Ruiz,2,Yes,PO-77208,several units damaged on arrival,2022-05-14,Damaged in Transit,A-10146,Metal Folding Chair with Cushion,Rework,Verified,2022-05-19,2022-05-09
Closed,213571,PART-FOLD-CUSH,2022-05-04,Noah Foster,4,RMA-700415,143.05,Devon Hale,1,Yes,213571,hardware missing from cartons,2022-05-09,Missing Parts / Hardware,A-11204,Folding Chair Cushion Pad,Rework,Verified,2022-05-14,2022-05-05
Closed,220546,GAME-STD-RED,2022-05-04,Hearthside Market Store #1819,3,RMA-700633,1818.94,Leah Winters,2,Yes,HEA-11949,account project changed after delivery,2022-05-17,Changed Mind / No Longer Needed,A-10162,Gaming Chair,Scrap,Verified,2022-05-17,2022-05-06
Closed,214298,YARD-STD-NVY,2022-05-04,MetroHouse Store #7127,3,RMA-700806,92.63,Nora Patel,5,Yes,MET-11817,hardware missing from cartons,2022-05-15,Missing Parts / Hardware,A-11002,Standard Yard Chair,Restock,Verified,2022-05-16,2022-05-08
Closed,224150,YARD-HD-GRN,2022-04-27,Summit Ridge School Supply,10,RMA-700740,598.10,Luis Romero,4,No,PO-17800,unit did not function correctly out of box,2022-05-09,Arrived Defective,A-10605,Heavy Duty Yard Chair,Restock,Verified,2022-05-14,2022-05-01
Closed,215402,FOLD-CUSH,2022-04-18,PrimeHouse Store #1308,1,RMA-700685,79.79,Marcus Chen,3,Yes,PRI-73565,several units damaged on arrival,2022-04-27,Damaged in Transit,A-10830,Metal Folding Chair with Cushion,Rework,Verified,2022-05-01,2022-04-20
Closed,226353,OFF-STD-GRY,2022-04-13,Hillcrest Office Interiors,1,RMA-700052,378.64,Nora Patel,2,No,226353,items no longer needed after event was cancelled,2022-04-24,Changed Mind / No Longer Needed,A-10726,Standard Office Chair,Restock,Verified,2022-04-29,2022-04-17
Closed,215119,OFF-STD-OTT-GRY,2022-04-09,Cedar & Main Store #3964,9,RMA-700100,3592.26,Samuel Ortiz,1,Yes,CED-82944,account says chair does not fit intended users,2022-04-19,Comfort / Fit Issue,A-10120,Standard Office Chair + Ottoman,Restock,Verified,2022-04-19,2022-04-12
Closed,219011,FOLD-PAD-OLD,2022-04-01,Riverstone Home Store #1826,5,RMA-700583,370.25,Elena Ruiz,1,No,RIV-73348,account says pallet included wrong model/color,2022-04-05,Wrong Product Shipped,A-10606,Metal Folding Chair with Cushion,Restock,Verified,2022-04-08,2022-04-01
Denied,217756,YARD-HD-GRN,2022-03-24,GreenLine Living Store #4090,2,RMA-700498,0.00,Marcus Chen,1,No,BLANKET-5169,cartons show transit damage,,Damaged in Transit,A-10183,Heavy Duty Yard Chair,,Verified,,
Closed,214071,PART-OFF-CAST,2022-03-23,MetroHouse Store #7127,3,RMA-700419,67.17,Elena Ruiz,2,No,MET-22364,issue found during unpacking/assembly,2022-04-02,Arrived Defective,A-11002,Office Chair Caster Set,Rework,Verified,2022-04-07,2022-03-23
Closed,216792,PART-OFF-GAS,2022-03-23,Silver Lake Corporate Services,9,RMA-700533,396.70,Leah Winters,1,No,PO-34339,account confirmed wrong model was ordered,2022-04-02,Account Ordered Wrong Product,A-10130,Office Chair Gas Lift,Restock,Verified,2022-04-02,2022-03-26
Closed,217439,FOLD-MET-STD,2022-03-19,Cedar & Main Store #3964,4,RMA-700689,220.29,Leah Winters,2,No,CED-44731,items no longer needed after event was cancelled,2022-03-31,Changed Mind / No Longer Needed,A-10120,Basic Metal Folding Chair,Scrap,Verified,2022-04-01,2022-03-20
Closed,219797,GAME-STD-RED,2022-03-19,Chloe Santos,1,RMA-700789,877.74,Devon Hale,1,No,219797,account project changed after delivery,2022-04-01,Changed Mind / No Longer Needed,A-10853,Gaming Chair,Restock,Verified,2022-04-02,2022-03-20
Closed,214075,FOLD-XL-CUSH,2022-03-17,NorthMart Store #8172,3,RMA-700368,377.13,Priya Nair,2,Yes,NOR-77884,hardware missing from cartons,2022-03-22,Missing Parts / Hardware,A-10012,Extra Large Cushioned Folding Chair,Rework,Verified,2022-03-22,2022-03-17
Closed,210563,FOLD-XL-CUSH,2022-03-05,Cedar & Main Store #0035,2,RMA-700839,287.32,Elena Ruiz,1,Yes,CED-60190,cartons show transit damage,2022-03-09,Damaged in Transit,A-10270,Extra Large Cushioned Folding Chair,Restock,Verified,2022-03-11,2022-03-06
Closed,211739,OFF-STD-BLK,2022-02-28,Twin Rivers Conference Services,4,RMA-700435,1341.32,Priya Nair,1,Yes,PO-54661,end users requested different size/fit,2022-03-05,Comfort / Fit Issue,A-10552,Standard Office Chair,Restock,Verified,2022-03-05,2022-03-02
Closed,219930,YARD-HD-WHT,2022-02-27,Urban Nest Store #2372,7,RMA-700790,392.49,Leah Winters,3,Yes,URB-11221,account project changed after delivery,2022-03-12,Changed Mind / No Longer Needed,A-10430,Heavy Duty Yard Chair,Restock,Verified,2022-03-16,2022-02-28
Closed,211120,FOLD-XL-CUSH,2022-02-16,BluePeak Home Store #6715,1,RMA-700648,146.02,Nora Patel,1,No,BLU-81920,end users requested different size/fit,2022-02-27,Comfort / Fit Issue,A-10677,Extra Large Cushioned Folding Chair,Restock,Verified,2022-03-02,2022-02-18
Closed,218613,FOLD-CUSH,2022-02-04,Atlas Home Goods Store #0853,4,RMA-700013,341.96,Priya Nair,3,Yes,ATL-74354,account says chair does not fit intended users,2022-02-09,Comfort / Fit Issue,A-10513,Metal Folding Chair with Cushion,Restock,Verified,2022-02-10,2022-02-05
Closed,218125,GAME-STD-BLU,2022-02-02,Summit Home Store #3599,10,RMA-700844,5160.30,Luis Romero,2,Yes,SUM-64515,account says pallet included wrong model/color,2022-02-12,Wrong Product Shipped,A-10996,Gaming Chair,Restock,Verified,2022-02-14,2022-02-04
Closed,214959,YARD-STD-GRN,2022-01-29,Cedar & Main Store #8284,2,RMA-700785,56.26,Priya Nair,1,Yes,CED-52288,items no longer needed after event was cancelled,2022-02-04,Changed Mind / No Longer Needed,A-10145,Standard Yard Chair,Restock,Verified,2022-02-08,2022-01-29
Closed,211487,YARD-HD-NVY,2022-01-24,Cascade Hospitality Group,3,RMA-700295,175.14,Elena Ruiz,3,No,PO-64360,account project changed after delivery,2022-02-03,Changed Mind / No Longer Needed,A-10388,Heavy Duty Yard Chair,Rework,Verified,2022-02-06,2022-01-24
Closed,217399,YARD-HD-WHT,2022-01-18,NorthMart Store #2249,5,RMA-700710,291.90,Leah Winters,1,No,NOR-58894,account confirmed wrong model was ordered,2022-01-27,Account Ordered Wrong Product,A-10392,Heavy Duty Yard Chair,Restock,Verified,2022-02-01,2022-01-18
Denied,219094,FOLD-PAD-OLD,2022-01-16,Silver Lake Purchasing Group,1,RMA-700461,0.00,Luis Romero,1,Yes,PO-15159,hardware missing from cartons,,Missing Parts / Hardware,A-10715,Metal Folding Chair with Cushion,,Verified,,
Closed,214071,PART-OFF-CAST,2022-01-03,MetroHouse Store #7127,3,RMA-700679,67.17,Elena Ruiz,2,No,MET-22364,hardware missing from cartons,2022-01-11,Missing Parts / Hardware,A-11002,Office Chair Caster Set,Rework,Verified,2022-01-14,2022-01-07
Closed,214898,YARD-STD-WHT,2021-12-29,Cedar & Main Store #0035,3,RMA-700165,90.42,Elena Ruiz,1,Yes,CED-60303,issue found during unpacking/assembly,2022-01-04,Arrived Defective,A-10270,Standard Yard Chair,Restock,Verified,2022-01-08,2021-12-29
Closed,213113,FOLD-XL-CUSH,2021-12-26,GreenLine Living Store #4445,3,RMA-700135,377.13,Elena Ruiz,1,Yes,GRE-52677,assembly kit incomplete,2022-01-03,Missing Parts / Hardware,A-10041,Extra Large Cushioned Folding Chair,Restock,Verified,2022-01-04,2021-12-27
Closed,212961,PART-OFF-HDW,2021-12-21,GreenLine Living Store #3435,4,RMA-700376,78.70,Samuel Ortiz,1,Yes,GRE-58056,appearance did not match room plan,2021-12-26,Color / Appearance,A-10256,Office Chair Hardware Kit,Restock,Verified,2021-12-27,2021-12-22
Closed,216323,FOLD-CUSH,2021-12-19,GreenLine Living Store #3435,1,RMA-700005,79.79,Leah Winters,1,Yes,GRE-30532,issue found during unpacking/assembly,2021-12-26,Arrived Defective,A-10256,Metal Folding Chair with Cushion,Restock,Verified,2021-12-31,2021-12-19
