Claim Status,Order Number,Product Code,Create Date,Replacement Order Number,Account Name,Qty,Warranty Number,Sales Rep,Photos Received,Line Number,Resolution,Close Date,Account ID,Investigation Result,Claim Reason,Model,Purchase Order,Notes
Under Review,266301,FOLD-MET-STD,2026-09-13,,Willow Creek Hospitality Group,1,WAR-800083,Natalie Price,Yes,4,Pending,,A-11027,Weld failure consistent with manufacturing defect,Weld / Joint Failure,Basic Metal Folding Chair,PO-47704,claim opened by account service
Open,268881,FOLD-MET-STD,2026-09-13,,Summit Ridge Property Group,2,WAR-800143,Carla Mendes,Yes,3,Pending,,A-10351,,Weld / Joint Failure,Basic Metal Folding Chair,PO-48574,account sent photos with claim
Open,268029,FOLD-MET-STD,2026-09-13,,Silver Lake Facility Services,2,WAR-800198,Natalie Price,Yes,2,Pending,,A-10560,,Premature Material Deterioration,Basic Metal Folding Chair,PO-11678,photos reviewed by quality
Open,261958,YARD-HD-BLK,2026-09-13,,Urban Nest Store #1272,1,WAR-800320,Marcus Chen,Yes,5,Pending,,A-10979,,Damaged on Arrival,Heavy Duty Yard Chair,URB-89901,claim opened by account service
Waiting for Account Information,262572,GAME-STD-RED,2026-09-13,,MetroHouse Store #5852,2,WAR-800330,Priya Nair,No,4,Pending,,A-10902,,Cushion / Foam Failure,Gaming Chair,MET-61253,waiting on account photos
Open,267187,YARD-HD-BLK,2026-09-12,,BluePeak Home Store #0607,2,WAR-800019,Jordan Kim,Yes,1,Pending,,A-10914,,Fastener / Hardware,Heavy Duty Yard Chair,BLU-76783,claim opened by account service
Open,264194,PART-OFF-ARM,2026-09-12,,Brighton Hospitality Group,1,WAR-800327,Marcus Chen,Yes,3,Pending,,A-10410,,Other,Office Chair Armrest Set,PO-30150,account sent photos with claim
Under Review,266514,PART-YARD-HDW,2026-09-12,,Juniper Training Center,2,WAR-800338,Priya Nair,Yes,1,Pending,,A-10973,Issue confirmed under normal use,Other,Yard Chair Hardware Kit,PO-63317,photos reviewed by quality
Open,268881,GAME-LG-OTT-RED,2026-09-12,,Summit Ridge Property Group,1,WAR-800356,Carla Mendes,Yes,1,Pending,,A-10351,,Tilt / Recline Mechanism,Large Gaming Chair + Ottoman,PO-48574,account sent photos with claim
Under Review,268881,GAME-LG-OTT-RED,2026-09-12,,Summit Ridge Property Group,3,WAR-800400,Carla Mendes,Yes,1,Pending,,A-10351,Issue confirmed under normal use,Base / Leg / Armrest,Large Gaming Chair + Ottoman,PO-48574,claim opened by account service
Open,262798,OFF-LG-OTT-BLK,2026-09-11,,Julian Parker,3,WAR-800551,Devon Hale,Yes,1,Pending,,A-11107,,Tilt / Recline Mechanism,Large Office Chair + Ottoman,262798,claim opened by account service
Open,262205,GAME-LG-OTT-RED,2026-09-10,,Cascade Corporate Services,2,WAR-800139,Priya Nair,Yes,2,Pending,,A-10006,,Ottoman Issue,Large Gaming Chair + Ottoman,262205,claim opened by account service
Under Review,261029,OFF-STD-GRY,2026-09-10,,Urban Nest Store #1707,2,WAR-800596,Elena Ruiz,Yes,3,Pending,,A-10644,Caster failure confirmed from photos,Caster / Wheel,Standard Office Chair,URB-29889,issue reported by store manager
Under Review,265826,OFF-LG-OTT-BLK,2026-09-09,,Hearthside Market Store #5797,2,WAR-800145,Owen Brooks,Yes,1,Pending,,A-11117,Damage consistent with misuse / overload,Tilt / Recline Mechanism,Large Office Chair + Ottoman,HEA-51568,photos reviewed by quality
Open,262714,GAME-LG-OTT-BLU,2026-09-09,,Redwood Venue Services,2,WAR-800378,Jordan Kim,Yes,1,Pending,,A-10734,,Premature Material Deterioration,Large Gaming Chair + Ottoman,PO-71724,photos reviewed by quality
Waiting for Account Information,269871,OFF-STD-OTT-GRY,2026-09-09,,Oak & Pine Meeting Solutions,5,WAR-800420,Priya Nair,No,1,Pending,,A-10244,,Frame / Structural Failure,Standard Office Chair + Ottoman,PO-31768,claim opened by account service
Open,269159,FOLD-MET-STD,2026-09-09,,Twin Rivers Design Studio,2,WAR-800556,Elena Ruiz,Yes,3,Pending,,A-10955,,Fastener / Hardware,Basic Metal Folding Chair,PO-84091,claim opened by account service
Under Review,264196,OFF-LG-GRY,2026-09-09,,Parkside Event Group,1,WAR-800579,Luis Romero,Yes,2,Pending,,A-10013,Mechanism failure confirmed,Tilt / Recline Mechanism,Large Office Chair,PO-50225,photos reviewed by quality
Under Review,266574,PART-FOLD-HINGE,2026-09-08,,Twin Rivers Design Studio,6,WAR-800059,Natalie Price,Yes,2,Pending,,A-10955,Missing/incorrect hardware confirmed,Missing / Incorrect Parts,Folding Chair Hinge Set,PO-91960,claim opened by account service
Under Review,260417,YARD-STD-WHT,2026-09-08,,GreenLine Living Store #6620,7,WAR-800422,Priya Nair,Yes,2,Pending,,A-10911,Damage consistent with misuse / overload,Fastener / Hardware,Standard Yard Chair,GRE-92362,photos reviewed by quality
Open,267347,YARD-STD-NVY,2026-09-07,,Cedar & Main Store #8475,2,WAR-800039,Priya Nair,Yes,2,Pending,,A-10618,,Plastic Shell Crack,Standard Yard Chair,CED-33319,photos reviewed by quality
Open,261559,YARD-HD-NVY,2026-09-07,,Urban Nest Store #8635,4,WAR-800182,Natalie Price,Yes,4,Pending,,A-10028,,Missing / Incorrect Parts,Heavy Duty Yard Chair,URB-38479,claim opened by account service
Waiting for Account Information,262557,GAME-LG-RED,2026-09-06,,Clearwater Property Group,3,WAR-800116,Marcus Chen,No,4,Pending,,A-10559,,Caster / Wheel,Large Gaming Chair,PO-88621,issue reported by store manager
Under Review,266664,OFF-STD-OTT-BLK,2026-09-06,,Mason Ridge Hospitality Group,1,WAR-800249,Owen Brooks,Yes,1,Pending,,A-10840,Issue confirmed under normal use,Cushion / Foam Failure,Standard Office Chair + Ottoman,266664,photos reviewed by quality
Waiting for Account Information,252972,YARD-STD-NVY,2026-09-06,,Urban Nest Store #2372,3,WAR-800406,Carla Mendes,No,1,Pending,,A-10430,,Fastener / Hardware,Standard Yard Chair,URB-66008,issue reported by store manager
Under Review,261986,FOLD-CUSH,2026-09-06,,Pacific Home Store #6512,4,WAR-800475,Elena Ruiz,Yes,1,Pending,,A-10638,Issue confirmed under normal use,Premature Material Deterioration,Metal Folding Chair with Cushion,PAC-35448,photos reviewed by quality
Under Review,260870,FOLD-CUSH,2026-09-05,,WestBridge Home Store #6901,2,WAR-800040,Owen Brooks,Yes,2,Pending,,A-10622,Weld failure consistent with manufacturing defect,Weld / Joint Failure,Metal Folding Chair with Cushion,WES-59439,issue reported by store manager
Under Review,250562,GAME-STD-OTT-RED,2026-09-05,,Fox Hollow Corporate Services,2,WAR-800222,Luis Romero,Yes,3,Pending,,A-10394,Outside warranty coverage,Frame / Structural Failure,Gaming Chair + Ottoman,250562,claim opened by account service
Under Review,263840,OFF-LG-GRY,2026-09-05,,Hillcrest Workspace Solutions,2,WAR-800363,Luis Romero,Yes,1,Pending,,A-10695,Gas lift failure consistent with component defect,Gas Lift,Large Office Chair,PO-24080,claim opened by account service
Under Review,269528,YARD-HD-NVY,2026-09-05,,Twin Rivers Procurement,2,WAR-800405,Owen Brooks,Yes,4,Pending,,A-11164,Crack pattern consistent with material defect,Plastic Shell Crack,Heavy Duty Yard Chair,PO-94041,claim opened by account service
Open,265829,YARD-STD-GRN,2026-09-05,,Summit Home Store #8380,1,WAR-800557,Carla Mendes,Yes,1,Pending,,A-10132,,Premature Material Deterioration,Standard Yard Chair,SUM-54294,issue reported by store manager
Under Review,267298,PART-OFF-HDW,2026-09-04,,Summit Home Store #1773,1,WAR-800097,Owen Brooks,Yes,1,Pending,,A-10991,Missing/incorrect hardware confirmed,Missing / Incorrect Parts,Office Chair Hardware Kit,SUM-66111,issue reported by store manager
Under Review,267259,YARD-HD-WHT,2026-09-04,,MetroHouse Store #0001,2,WAR-800370,Owen Brooks,Yes,3,Pending,,A-10547,Missing/incorrect hardware confirmed,Missing / Incorrect Parts,Heavy Duty Yard Chair,MET-41282,issue reported by store manager
Under Review,264219,YARD-HD-WHT,2026-09-02,,Cedar & Main Store #1098,6,WAR-800473,Natalie Price,Yes,2,Pending,,A-10708,Issue could not be verified from supplied evidence,Damaged on Arrival,Heavy Duty Yard Chair,CED-14026,account sent photos with claim
Denied,261958,FOLD-MET-STD,2026-08-31,,Urban Nest Store #1272,7,WAR-800553,Marcus Chen,Yes,4,Denied,2026-09-14,A-10979,Damage consistent with misuse / overload,Fastener / Hardware,Basic Metal Folding Chair,URB-89901,claim opened by account service
Under Review,265727,YARD-STD-GRN,2026-08-28,,Pacific Home Store #6119,1,WAR-800163,Owen Brooks,Yes,2,Pending,,A-10642,Issue could not be verified from supplied evidence,Fastener / Hardware,Standard Yard Chair,PAC-46786,issue reported by store manager
Under Review,267141,FOLD-XL-CUSH,2026-08-28,,Silver Lake Corporate Services,5,WAR-800361,Carla Mendes,Yes,2,Pending,,A-10130,Issue confirmed under normal use,Cushion / Foam Failure,Extra Large Cushioned Folding Chair,267141,photos reviewed by quality
Under Review,253602,GAME-LG-OTT-BLU,2026-08-26,,Meridian Purchasing Group,2,WAR-800399,Elena Ruiz,Yes,1,Pending,,A-10146,Damage consistent with misuse / overload,Frame / Structural Failure,Large Gaming Chair + Ottoman,PO-39157,photos reviewed by quality
Approved,266973,OFF-LG-OTT-GRY,2026-08-25,,PrimeHouse Store #1813,3,WAR-800365,Marcus Chen,Yes,2,Replacement part,,A-10157,Issue confirmed under normal use,Cushion / Foam Failure,Large Office Chair + Ottoman,PRI-33063,issue reported by store manager
Approved,269348,GAME-STD-RED,2026-08-24,265029,PrimeHouse Store #4614,3,WAR-800319,Luis Romero,Yes,1,Replacement part,,A-10567,Missing/incorrect hardware confirmed,Missing / Incorrect Parts,Gaming Chair,PRI-18473,issue reported by store manager
Under Review,255216,GAME-LG-BLU,2026-08-24,,Riverstone Home Store #3271,5,WAR-800430,Priya Nair,Yes,1,Pending,,A-11210,Issue confirmed under normal use,Cushion / Foam Failure,Large Gaming Chair,RIV-56622,issue reported by store manager
Denied,266119,PART-YARD-FOOT,2026-08-23,,Sofia Parker,3,WAR-800434,Devon Hale,Yes,1,Denied,2026-09-10,A-10617,Issue could not be verified from supplied evidence,Damaged on Arrival,Yard Chair Foot Cap Set,BLANKET-1183,issue reported by store manager
Approved,263805,OFF-LG-GRY,2026-08-21,,Dylan Miller,1,WAR-800461,Devon Hale,Yes,1,Replacement part,,A-10682,Mechanism failure confirmed,Tilt / Recline Mechanism,Large Office Chair,263805,photos reviewed by quality
Denied,261901,GAME-STD-RED,2026-08-21,,Mason Ridge Hospitality Group,6,WAR-800489,Priya Nair,Yes,2,Denied,2026-09-01,A-10840,Damage consistent with misuse / overload,Frame / Structural Failure,Gaming Chair,PO-68306,claim opened by account service
Under Review,267225,OFF-STD-OTT-BLK,2026-08-21,,Atlas Home Goods Store #2543,2,WAR-800597,Luis Romero,Yes,1,Pending,,A-10218,Gas lift failure consistent with component defect,Gas Lift,Standard Office Chair + Ottoman,ATL-19934,issue reported by store manager
Under Review,260400,OFF-LG-GRY,2026-08-20,,MetroHouse Store #8747,3,WAR-800142,Jordan Kim,Yes,3,Pending,,A-10604,Damage consistent with misuse / overload,Damaged on Arrival,Large Office Chair,MET-88086,photos reviewed by quality
Denied,268609,OFF-LG-BLK,2026-08-20,,Granite Corporate Services,1,WAR-800269,Marcus Chen,Yes,1,Denied,2026-09-01,A-11220,Normal wear; no manufacturing defect found,Tilt / Recline Mechanism,Large Office Chair,PO-12852,issue reported by store manager
Approved,267074,GAME-LG-RED,2026-08-20,262107,Maple Grove School Supply,5,WAR-800336,Jordan Kim,Yes,3,Replacement part,,A-10744,Gas lift failure consistent with component defect,Gas Lift,Large Gaming Chair,PO-81677,photos reviewed by quality
Approved,268511,YARD-HD-WHT,2026-08-20,266392,Clearwater Workspace Solutions,1,WAR-800497,Owen Brooks,Yes,2,Full chair replacement,,A-10533,Crack pattern consistent with material defect,Plastic Shell Crack,Heavy Duty Yard Chair,PO-95388,claim opened by account service
Denied,255231,OFF-STD-OTT-BLK,2026-08-16,,Liam Wood,2,WAR-800024,Devon Hale,Yes,1,Denied,2026-09-03,A-10517,Issue could not be verified from supplied evidence,Ottoman Issue,Standard Office Chair + Ottoman,255231,claim opened by account service
Closed,257141,YARD-HD-GRN,2026-08-15,,Golden State Event Services,4,WAR-800304,Marcus Chen,Yes,2,Denied,2026-09-13,A-10015,Outside warranty coverage,Fastener / Hardware,Heavy Duty Yard Chair,257141,account sent photos with claim
Closed,254735,GAME-STD-OTT-BLU,2026-08-14,,Summit Ridge Community Center,3,WAR-800311,Priya Nair,Yes,2,Replacement part,2026-09-04,A-11057,Mechanism failure confirmed,Tilt / Recline Mechanism,Gaming Chair + Ottoman,PO-72519,issue reported by store manager
Closed,266574,YARD-STD-NVY,2026-08-12,,Twin Rivers Design Studio,1,WAR-800180,Natalie Price,Yes,1,Denied,2026-09-03,A-10955,Damage consistent with misuse / overload,Other,Standard Yard Chair,PO-91960,photos reviewed by quality
Waiting for Account Information,264169,FOLD-XL-CUSH,2026-08-11,,Clearwater Purchasing Group,3,WAR-800049,Natalie Price,No,4,Pending,,A-10927,,Cushion / Foam Failure,Extra Large Cushioned Folding Chair,264169,claim opened by account service
Closed,264767,FOLD-XL-CUSH,2026-08-10,,WestBridge Home Store #6487,5,WAR-800236,Jordan Kim,Yes,1,Denied,2026-09-14,A-10294,Outside warranty coverage,Weld / Joint Failure,Extra Large Cushioned Folding Chair,WES-41854,photos reviewed by quality
Waiting for Account Information,258698,GAME-LG-BLU,2026-08-10,,Highland Facility Services,6,WAR-800502,Carla Mendes,No,1,Pending,,A-10993,,Frame / Structural Failure,Large Gaming Chair,PO-59034,claim opened by account service
Closed,267678,OFF-LG-OTT-BLK,2026-08-10,,Willow Creek Conference Services,2,WAR-800506,Luis Romero,Yes,1,Credit,2026-08-19,A-11003,Issue confirmed under normal use,Upholstery / Seam Failure,Large Office Chair + Ottoman,PO-92533,issue reported by store manager
Closed,254991,PART-OFF-GAS,2026-08-08,260735,NorthMart Store #4678,3,WAR-800082,Owen Brooks,Yes,1,Replacement part,2026-08-31,A-10498,Missing/incorrect hardware confirmed,Missing / Incorrect Parts,Office Chair Gas Lift,NOR-30280,photos reviewed by quality
Closed,262599,YARD-STD-WHT,2026-08-08,260882,Riverstone Home Store #1473,1,WAR-800438,Natalie Price,Yes,2,Replacement part,2026-08-15,A-10164,Issue confirmed under normal use,Other,Standard Yard Chair,RIV-27565,claim opened by account service
Approved,260400,FOLD-XL-CUSH,2026-08-08,265469,MetroHouse Store #8747,2,WAR-800456,Jordan Kim,Yes,2,Full chair replacement,,A-10604,Shipping damage confirmed from photos,Damaged on Arrival,Extra Large Cushioned Folding Chair,MET-88086,photos reviewed by quality
Waiting for Account Information,267224,OFF-STD-BLK,2026-08-08,,Canyon Office Interiors,1,WAR-800464,Jordan Kim,No,3,Pending,,A-10080,,Caster / Wheel,Standard Office Chair,PO-43093,waiting on account photos
Waiting for Account Information,267141,FOLD-XL-CUSH,2026-08-07,,Silver Lake Corporate Services,2,WAR-800433,Carla Mendes,No,2,Pending,,A-10130,,Fastener / Hardware,Extra Large Cushioned Folding Chair,267141,waiting on account photos
Closed,267973,FOLD-MET-STD,2026-08-06,268816,BluePeak Home Store #4758,1,WAR-800173,Luis Romero,Yes,4,Full chair replacement,2026-08-22,A-10044,Shipping damage confirmed from photos,Damaged on Arrival,Basic Metal Folding Chair,BLU-13780,issue reported by store manager
Closed,268315,YARD-HD-NVY,2026-08-06,267144,BluePeak Home Store #8940,4,WAR-800467,Jordan Kim,Yes,1,Full chair replacement,2026-08-15,A-11168,Crack pattern consistent with material defect,Plastic Shell Crack,Heavy Duty Yard Chair,BLU-81582,photos reviewed by quality
Closed,267347,GAME-LG-BLU,2026-08-04,,Cedar & Main Store #8475,2,WAR-800124,Priya Nair,Yes,1,Denied,2026-08-18,A-10618,Issue could not be verified from supplied evidence,Cushion / Foam Failure,Large Gaming Chair,CED-33319,account sent photos with claim
Closed,257004,YARD-HD-BLK,2026-08-04,,Prairie Home Market Store #9593,2,WAR-800501,Owen Brooks,Yes,2,Denied,2026-08-27,A-10027,Issue could not be verified from supplied evidence,Plastic Shell Crack,Heavy Duty Yard Chair,PRA-33866,claim opened by account service
Closed,250956,OFF-LG-BLK,2026-08-03,,Prairie Home Market Store #6903,2,WAR-800057,Carla Mendes,Yes,1,Denied,2026-09-02,A-10877,Normal wear; no manufacturing defect found,Cushion / Foam Failure,Large Office Chair,PRA-43535,issue reported by store manager
Closed,257949,FOLD-CUSH,2026-08-03,264080,MetroHouse Store #8027,8,WAR-800480,Jordan Kim,Yes,3,Replacement part,2026-08-13,A-10821,Issue confirmed under normal use,Premature Material Deterioration,Metal Folding Chair with Cushion,MET-40248,photos reviewed by quality
Denied,266024,GAME-LG-BLU,2026-08-02,,Amelia Nguyen,1,WAR-800469,Devon Hale,Yes,1,Denied,2026-08-19,A-10485,Normal wear; no manufacturing defect found,Base / Leg / Armrest,Large Gaming Chair,266024,issue reported by store manager
Closed,253136,YARD-STD-GRN,2026-07-29,,Riverstone Home Store #1724,4,WAR-800317,Elena Ruiz,Yes,1,Credit,2026-08-18,A-10505,Crack pattern consistent with material defect,Plastic Shell Crack,Standard Yard Chair,RIV-24700,claim opened by account service
Closed,260288,GAME-STD-OTT-RED,2026-07-27,265893,Caleb Davis,1,WAR-800392,Luis Romero,Yes,1,Full chair replacement,2026-08-11,A-11112,Issue confirmed under normal use,Ottoman Issue,Gaming Chair + Ottoman,260288,photos reviewed by quality
Closed,266809,GAME-LG-BLU,2026-07-26,264405,Brighton Venue Services,1,WAR-800044,Elena Ruiz,Yes,2,Full chair replacement,2026-08-09,A-10437,Gas lift failure consistent with component defect,Gas Lift,Large Gaming Chair,PO-56208,issue reported by store manager
Closed,268511,PART-YARD-HDW,2026-07-25,261231,Clearwater Workspace Solutions,3,WAR-800545,Owen Brooks,Yes,1,Replacement part,2026-08-17,A-10533,Issue confirmed under normal use,Premature Material Deterioration,Yard Chair Hardware Kit,PO-95388,account sent photos with claim
Closed,262910,PART-OFF-BASE,2026-07-22,,Elmwood Commercial Interiors,2,WAR-800231,Natalie Price,Yes,1,Denied,2026-08-05,A-10780,Issue could not be verified from supplied evidence,Other,Office Chair Base,PO-50735,claim opened by account service
Closed,259596,GAME-LG-OTT-BLU,2026-07-22,269182,Prairie Home Market Store #8402,1,WAR-800278,Priya Nair,Yes,3,Replacement part,2026-07-31,A-10376,Issue confirmed under normal use,Base / Leg / Armrest,Large Gaming Chair + Ottoman,BLANKET-7376,photos reviewed by quality
Closed,252482,PART-FOLD-FOOT,2026-07-21,,Seaside Facilities,3,WAR-800393,Carla Mendes,Yes,1,Denied,2026-08-13,A-10765,Normal wear; no manufacturing defect found,Damaged on Arrival,Folding Chair Foot Cap Set,PO-70564,account sent photos with claim
Closed,260589,OFF-STD-BLK,2026-07-21,,Leo Cook,3,WAR-800394,Devon Hale,Yes,1,Denied,2026-08-03,A-10134,Damage consistent with misuse / overload,Tilt / Recline Mechanism,Standard Office Chair,260589,account sent photos with claim
Closed,254227,OFF-STD-GRY,2026-07-20,268210,Caleb Price,1,WAR-800523,Devon Hale,Yes,1,Replacement part,2026-08-09,A-10056,Gas lift failure consistent with component defect,Gas Lift,Standard Office Chair,254227,account sent photos with claim
Closed,260842,OFF-STD-OTT-GRY,2026-07-19,260997,Pioneer Office Supply,2,WAR-800094,Priya Nair,Yes,4,Full chair replacement,2026-07-27,A-10136,Gas lift failure consistent with component defect,Gas Lift,Standard Office Chair + Ottoman,PO-34591,claim opened by account service
Closed,253077,PART-OFF-ARM,2026-07-19,269847,PrimeHouse Store #0175,2,WAR-800137,Natalie Price,Yes,2,Replacement part,2026-08-18,A-10018,Missing/incorrect hardware confirmed,Missing / Incorrect Parts,Office Chair Armrest Set,PRI-30802,photos reviewed by quality
Closed,251196,OFF-STD-OTT-GRY,2026-07-19,,Prairie Home Market Store #0684,3,WAR-800200,Marcus Chen,Yes,5,Replacement part,2026-08-14,A-10697,Issue confirmed under normal use,Ottoman Issue,Standard Office Chair + Ottoman,PRA-99785,issue reported by store manager
Closed,256967,OFF-LG-GRY,2026-07-18,264189,Heritage Meeting Solutions,2,WAR-800241,Priya Nair,Yes,1,Full chair replacement,2026-08-07,A-10201,Shipping damage confirmed from photos,Damaged on Arrival,Large Office Chair,PO-60835,claim opened by account service
Closed,263085,FOLD-MET-STD,2026-07-17,266748,BluePeak Home Store #4157,2,WAR-800403,Natalie Price,Yes,2,Replacement part,2026-08-14,A-10776,Weld failure consistent with manufacturing defect,Weld / Joint Failure,Basic Metal Folding Chair,BLU-63514,claim opened by account service
Closed,260061,GAME-LG-RED,2026-07-17,,Hillcrest Workplace Group,6,WAR-800558,Priya Nair,Yes,1,Replacement part,2026-08-08,A-11061,Issue confirmed under normal use,Other,Large Gaming Chair,260061,photos reviewed by quality
Approved,252979,OFF-STD-OTT-BLK,2026-07-15,,Mason Ridge Office Interiors,2,WAR-800569,Carla Mendes,Yes,1,Full chair replacement,,A-10240,Gas lift failure consistent with component defect,Gas Lift,Standard Office Chair + Ottoman,PO-46466,claim opened by account service
Closed,254260,GAME-LG-OTT-RED,2026-07-14,,Prairie Home Market Store #6584,5,WAR-800274,Marcus Chen,No,2,Denied,2026-08-07,A-10355,Issue could not be verified from supplied evidence,Missing / Incorrect Parts,Large Gaming Chair + Ottoman,PRA-83323,issue reported by store manager
Closed,261538,PART-YARD-HDW,2026-07-12,,Northline Facilities,2,WAR-800121,Luis Romero,Yes,4,Credit,2026-07-30,A-10396,Shipping damage confirmed from photos,Damaged on Arrival,Yard Chair Hardware Kit,PO-50008,account sent photos with claim
Closed,250126,FOLD-XL-CUSH,2026-07-06,,Summit Home Store #2249,5,WAR-800265,Marcus Chen,Yes,1,Denied,2026-07-25,A-10122,Damage consistent with misuse / overload,Damaged on Arrival,Extra Large Cushioned Folding Chair,SUM-44794,claim opened by account service
Closed,261458,YARD-HD-BLK,2026-07-05,,Cornerstone Home Store #3373,1,WAR-800581,Owen Brooks,Yes,2,Denied,2026-07-25,A-10576,Outside warranty coverage,Plastic Shell Crack,Heavy Duty Yard Chair,COR-78568,claim opened by account service
Closed,256696,OFF-LG-BLK,2026-07-04,269485,Willow Creek Facility Services,4,WAR-800256,Luis Romero,Yes,4,Replacement part,2026-07-23,A-11224,Caster failure confirmed from photos,Caster / Wheel,Large Office Chair,PO-44910,photos reviewed by quality
Closed,268653,FOLD-XL-CUSH,2026-07-04,,Prairie Home Market Store #9173,1,WAR-800572,Elena Ruiz,Yes,3,Credit,2026-07-31,A-10785,Structural failure confirmed under normal use,Frame / Structural Failure,Extra Large Cushioned Folding Chair,PRA-32206,claim opened by account service
Closed,259050,OFF-LG-BLK,2026-07-03,,Willow Creek Training Center,2,WAR-800111,Marcus Chen,Yes,4,Full chair replacement,2026-08-04,A-10210,Structural failure confirmed under normal use,Frame / Structural Failure,Large Office Chair,PO-40070,account sent photos with claim
Closed,250686,FOLD-MET-STD,2026-07-03,,NorthMart Store #1519,3,WAR-800423,Natalie Price,Yes,3,Full chair replacement,2026-08-06,A-10255,Issue confirmed under normal use,Premature Material Deterioration,Basic Metal Folding Chair,NOR-29831,claim opened by account service
Closed,254652,YARD-HD-WHT,2026-07-02,,Sunrise Hospitality Group,7,WAR-800537,Luis Romero,Yes,2,Credit,2026-08-03,A-10425,Crack pattern consistent with material defect,Plastic Shell Crack,Heavy Duty Yard Chair,PO-44972,account sent photos with claim
Closed,266277,GAME-LG-RED,2026-07-01,269425,WestBridge Home Store #1447,2,WAR-800074,Carla Mendes,Yes,1,Replacement part,2026-07-23,A-10974,Gas lift failure consistent with component defect,Gas Lift,Large Gaming Chair,WES-98201,issue reported by store manager
Closed,252444,FOLD-MET-STD,2026-07-01,266241,NorthMart Store #8179,7,WAR-800385,Marcus Chen,Yes,2,Replacement part,2026-08-03,A-10316,Missing/incorrect hardware confirmed,Missing / Incorrect Parts,Basic Metal Folding Chair,NOR-37366,photos reviewed by quality
Closed,253387,YARD-HD-BLK,2026-06-25,261018,Urban Nest Store #5347,2,WAR-800167,Elena Ruiz,Yes,3,Full chair replacement,2026-07-14,A-10434,Crack pattern consistent with material defect,Plastic Shell Crack,Heavy Duty Yard Chair,URB-78583,account sent photos with claim
Closed,253641,GAME-STD-OTT-BLU,2026-06-25,,Mason Ridge Event Group,3,WAR-800331,Marcus Chen,No,3,Full chair replacement,2026-07-24,A-10241,Shipping damage confirmed from photos,Damaged on Arrival,Gaming Chair + Ottoman,PO-53082,claim opened by account service
Closed,264969,OFF-STD-BLK,2026-06-24,,Westlake School Supply,1,WAR-800102,Jordan Kim,Yes,5,Credit,2026-07-19,A-10202,Structural failure confirmed under normal use,Frame / Structural Failure,Standard Office Chair,264969,photos reviewed by quality
Closed,254652,YARD-HD-WHT,2026-06-24,268661,Sunrise Hospitality Group,7,WAR-800555,Luis Romero,Yes,2,Replacement part,2026-07-02,A-10425,Issue confirmed under normal use,Fastener / Hardware,Heavy Duty Yard Chair,PO-44972,photos reviewed by quality
Closed,255200,YARD-STD-NVY,2026-06-20,,Riverstone Home Store #0071,3,WAR-800015,Jordan Kim,Yes,2,Denied,2026-07-18,A-10411,Issue could not be verified from supplied evidence,Missing / Incorrect Parts,Standard Yard Chair,RIV-72917,photos reviewed by quality
Closed,256424,PART-OFF-GAS,2026-06-20,,Ironwood Campus Services,2,WAR-800171,Carla Mendes,Yes,1,Credit,2026-07-17,A-10580,Shipping damage confirmed from photos,Damaged on Arrival,Office Chair Gas Lift,256424,issue reported by store manager
Closed,255152,OFF-STD-GRY,2026-06-19,261303,Hillcrest Conference Services,2,WAR-800186,Elena Ruiz,Yes,2,Replacement part,2026-07-18,A-11153,Missing/incorrect hardware confirmed,Missing / Incorrect Parts,Standard Office Chair,PO-21305,photos reviewed by quality
Closed,254698,YARD-HD-WHT,2026-06-18,269624,Cedar & Main Store #7584,2,WAR-800396,Natalie Price,Yes,2,Full chair replacement,2026-07-23,A-10857,Crack pattern consistent with material defect,Plastic Shell Crack,Heavy Duty Yard Chair,CED-61282,issue reported by store manager
Closed,262273,FOLD-CUSH,2026-06-18,265258,Atlas Home Goods Store #0407,3,WAR-800524,Owen Brooks,Yes,3,Replacement part,2026-07-05,A-10260,Weld failure consistent with manufacturing defect,Weld / Joint Failure,Metal Folding Chair with Cushion,ATL-68943,issue reported by store manager
Closed,258339,FOLD-XL-CUSH,2026-06-16,265135,Cedar Ridge Procurement,1,WAR-800160,Carla Mendes,No,1,Full chair replacement,2026-07-15,A-10550,Structural failure confirmed under normal use,Frame / Structural Failure,Extra Large Cushioned Folding Chair,PO-91096,issue reported by store manager
Closed,262473,FOLD-XL-CUSH,2026-06-15,,Hearthside Market Store #7963,2,WAR-800037,Marcus Chen,Yes,1,Denied,2026-06-27,A-10404,Outside warranty coverage,Weld / Joint Failure,Extra Large Cushioned Folding Chair,HEA-95030,issue reported by store manager
Closed,264353,GAME-STD-BLU,2026-06-15,262021,Harborview Property Group,2,WAR-800045,Elena Ruiz,Yes,1,Replacement part,2026-07-15,A-10008,Caster failure confirmed from photos,Caster / Wheel,Gaming Chair,PO-79270,account sent photos with claim
Closed,252865,OFF-LG-OTT-BLK,2026-06-15,,Granite Training Center,4,WAR-800500,Carla Mendes,Yes,5,Denied,2026-07-17,A-10811,Outside warranty coverage,Gas Lift,Large Office Chair + Ottoman,252865,claim opened by account service
Closed,260018,YARD-HD-NVY,2026-06-10,268523,NorthMart Store #4229,5,WAR-800147,Priya Nair,Yes,1,Replacement part,2026-07-04,A-11216,Issue confirmed under normal use,Premature Material Deterioration,Heavy Duty Yard Chair,NOR-57702,photos reviewed by quality
Closed,251908,OFF-STD-OTT-GRY,2026-06-10,262918,Elmwood Commercial Interiors,2,WAR-800321,Jordan Kim,Yes,3,Replacement part,2026-07-03,A-10780,Mechanism failure confirmed,Tilt / Recline Mechanism,Standard Office Chair + Ottoman,251908,issue reported by store manager
Closed,252983,FOLD-XL-CUSH,2026-06-09,265692,Crescent Church Supply,4,WAR-800161,Priya Nair,Yes,1,Full chair replacement,2026-07-04,A-10439,Structural failure confirmed under normal use,Frame / Structural Failure,Extra Large Cushioned Folding Chair,PO-60371,claim opened by account service
Closed,250129,GAME-STD-RED,2026-06-07,,Copper Hill Meeting Solutions,1,WAR-800573,Carla Mendes,Yes,1,Denied,2026-06-24,A-10046,Issue could not be verified from supplied evidence,Tilt / Recline Mechanism,Gaming Chair,250129,account sent photos with claim
Closed,245131,GAME-STD-BLU,2026-06-02,261459,Summit Home Store #7855,5,WAR-800275,Owen Brooks,Yes,2,Full chair replacement,2026-06-10,A-10893,Structural failure confirmed under normal use,Frame / Structural Failure,Gaming Chair,SUM-82623,photos reviewed by quality
Closed,253166,FOLD-XL-CUSH,2026-05-30,,BluePeak Home Store #3125,8,WAR-800334,Jordan Kim,Yes,3,Credit,2026-06-09,A-11225,Issue confirmed under normal use,Cushion / Foam Failure,Extra Large Cushioned Folding Chair,BLU-81463,photos reviewed by quality
Closed,251997,YARD-STD-BLK,2026-05-29,,Summit Home Store #6603,6,WAR-800183,Natalie Price,Yes,2,Denied,2026-06-29,A-10406,Normal wear; no manufacturing defect found,Frame / Structural Failure,Standard Yard Chair,SUM-19064,claim opened by account service
Closed,268651,PART-YARD-HDW,2026-05-26,,Ryan Long,4,WAR-800297,Carla Mendes,Yes,1,Credit,2026-06-16,A-10051,Issue confirmed under normal use,Premature Material Deterioration,Yard Chair Hardware Kit,268651,photos reviewed by quality
Closed,268243,GAME-LG-RED,2026-05-25,260345,Aspen Workplace Group,4,WAR-800443,Natalie Price,Yes,1,Replacement part,2026-06-21,A-11174,Issue confirmed under normal use,Base / Leg / Armrest,Large Gaming Chair,268243,photos reviewed by quality
Closed,259415,YARD-HD-NVY,2026-05-25,,Urban Nest Store #7351,2,WAR-800487,Priya Nair,Yes,2,Denied,2026-06-29,A-10167,Normal wear; no manufacturing defect found,Damaged on Arrival,Heavy Duty Yard Chair,URB-70294,issue reported by store manager
Closed,265106,PART-OFF-CAST,2026-05-22,,Riverstone Home Store #0184,4,WAR-800035,Owen Brooks,Yes,3,Denied,2026-06-26,A-10477,Issue could not be verified from supplied evidence,Damaged on Arrival,Office Chair Caster Set,RIV-91992,photos reviewed by quality
Closed,250333,GAME-STD-BLU,2026-05-18,260314,Riverstone Home Store #4245,2,WAR-800009,Jordan Kim,Yes,3,Replacement part,2026-05-25,A-10077,Caster failure confirmed from photos,Caster / Wheel,Gaming Chair,RIV-65557,issue reported by store manager
Closed,258610,OFF-LG-BLK,2026-05-18,,Cedar Ridge Procurement,2,WAR-800494,Carla Mendes,Yes,1,Credit,2026-06-15,A-10550,Issue confirmed under normal use,Cushion / Foam Failure,Large Office Chair,PO-24900,issue reported by store manager
Closed,257131,YARD-HD-BLK,2026-05-17,269574,Summit Home Store #6603,4,WAR-800100,Natalie Price,Yes,1,Full chair replacement,2026-06-12,A-10406,Crack pattern consistent with material defect,Plastic Shell Crack,Heavy Duty Yard Chair,SUM-74250,photos reviewed by quality
Closed,258567,OFF-LG-OTT-GRY,2026-05-17,269637,Dylan Miller,1,WAR-800141,Devon Hale,No,1,Replacement part,2026-05-26,A-10682,Mechanism failure confirmed,Tilt / Recline Mechanism,Large Office Chair + Ottoman,258567,issue reported by store manager
Approved,258242,YARD-HD-WHT,2026-05-13,261272,BluePeak Home Store #8462,2,WAR-800318,Elena Ruiz,Yes,1,Full chair replacement,,A-10600,Crack pattern consistent with material defect,Plastic Shell Crack,Heavy Duty Yard Chair,BLU-46956,claim opened by account service
Closed,255510,YARD-STD-BLK,2026-05-11,,Atlas Home Goods Store #2321,1,WAR-800193,Carla Mendes,Yes,1,Credit,2026-05-19,A-10544,Structural failure confirmed under normal use,Frame / Structural Failure,Standard Yard Chair,ATL-58308,photos reviewed by quality
Closed,256108,YARD-STD-GRN,2026-05-11,,Prairie Home Market Store #5565,1,WAR-800495,Owen Brooks,Yes,2,Credit,2026-06-11,A-10340,Shipping damage confirmed from photos,Damaged on Arrival,Standard Yard Chair,PRA-59597,claim opened by account service
Closed,252535,OFF-LG-OTT-GRY,2026-05-07,,Golden State Education Services,1,WAR-800493,Carla Mendes,Yes,1,Denied,2026-06-11,A-10545,Issue could not be verified from supplied evidence,Frame / Structural Failure,Large Office Chair + Ottoman,PO-37471,photos reviewed by quality
Closed,261487,PART-OFF-GAS,2026-05-04,,Juniper School Supply,4,WAR-800046,Marcus Chen,Yes,2,Denied,2026-05-17,A-11080,Damage consistent with misuse / overload,Missing / Incorrect Parts,Office Chair Gas Lift,PO-66253,photos reviewed by quality
Closed,250964,YARD-STD-WHT,2026-05-03,263668,GreenLine Living Store #0263,6,WAR-800017,Carla Mendes,No,4,Replacement part,2026-05-11,A-11018,Missing/incorrect hardware confirmed,Missing / Incorrect Parts,Standard Yard Chair,GRE-57898,waiting on account photos
Closed,259715,FOLD-XL-CUSH,2026-05-01,269941,NorthMart Store #3507,2,WAR-800282,Natalie Price,Yes,5,Replacement part,2026-05-23,A-11199,Issue confirmed under normal use,Fastener / Hardware,Extra Large Cushioned Folding Chair,NOR-14657,photos reviewed by quality
Closed,262354,OFF-STD-OTT-BLK,2026-04-27,268941,NorthMart Store #6712,2,WAR-800181,Jordan Kim,Yes,2,Replacement part,2026-05-08,A-11218,Mechanism failure confirmed,Tilt / Recline Mechanism,Standard Office Chair + Ottoman,NOR-74325,photos reviewed by quality
Closed,255726,FOLD-MET-STD,2026-04-24,264917,HomeHarbor Store #6325,3,WAR-800344,Priya Nair,Yes,2,Full chair replacement,2026-05-24,A-11091,Weld failure consistent with manufacturing defect,Weld / Joint Failure,Basic Metal Folding Chair,HOM-22765,account sent photos with claim
Closed,250449,GAME-STD-OTT-RED,2026-04-23,262542,Twin Rivers Design Studio,1,WAR-800511,Owen Brooks,Yes,1,Replacement part,2026-05-18,A-10955,Mechanism failure confirmed,Tilt / Recline Mechanism,Gaming Chair + Ottoman,250449,issue reported by store manager
Closed,251448,OFF-STD-BLK,2026-04-19,,Urban Nest Store #5400,2,WAR-800427,Carla Mendes,Yes,1,Replacement part,2026-05-03,A-11083,Issue confirmed under normal use,Base / Leg / Armrest,Standard Office Chair,URB-83389,issue reported by store manager
Closed,255215,FOLD-MET-STD,2026-04-12,,WestBridge Home Store #9282,1,WAR-800570,Luis Romero,Yes,3,Replacement part,2026-05-09,A-10382,Missing/incorrect hardware confirmed,Missing / Incorrect Parts,Basic Metal Folding Chair,WES-16404,claim opened by account service
Approved,252937,OFF-STD-OTT-GRY,2026-04-07,265390,Cascade Workspace Solutions,6,WAR-800096,Owen Brooks,Yes,3,Full chair replacement,,A-10543,Structural failure confirmed under normal use,Frame / Structural Failure,Standard Office Chair + Ottoman,252937,account sent photos with claim
Closed,248988,OFF-STD-GRY,2026-04-02,268556,Pioneer Church Supply,2,WAR-800286,Leah Winters,Yes,1,Replacement part,2026-04-15,A-10660,Mechanism failure confirmed,Tilt / Recline Mechanism,Standard Office Chair,PO-85786,photos reviewed by quality
Closed,254483,FOLD-XL-CUSH,2026-03-30,268050,Cedar & Main Store #8284,2,WAR-800051,Priya Nair,Yes,3,Full chair replacement,2026-05-03,A-10145,Structural failure confirmed under normal use,Frame / Structural Failure,Extra Large Cushioned Folding Chair,CED-86614,photos reviewed by quality
Closed,255658,YARD-HD-GRN,2026-03-28,263876,HomeHarbor Store #6373,2,WAR-800099,Owen Brooks,Yes,1,Replacement part,2026-05-02,A-10619,Issue confirmed under normal use,Other,Heavy Duty Yard Chair,HOM-14755,photos reviewed by quality
Closed,258094,FOLD-XL-CUSH,2026-03-28,,NorthMart Store #3782,5,WAR-800295,Luis Romero,Yes,1,Full chair replacement,2026-04-27,A-10870,Issue confirmed under normal use,Cushion / Foam Failure,Extra Large Cushioned Folding Chair,NOR-46587,photos reviewed by quality
Closed,258072,GAME-STD-RED,2026-03-27,,Riverview Workplace Group,1,WAR-800230,Priya Nair,Yes,4,Replacement part,2026-04-12,A-10033,Mechanism failure confirmed,Tilt / Recline Mechanism,Gaming Chair,PO-50142,issue reported by store manager
Closed,250632,OFF-STD-BLK,2026-03-27,,Meridian Office Interiors,3,WAR-800484,Luis Romero,No,1,Denied,2026-04-10,A-10462,Damage consistent with misuse / overload,Premature Material Deterioration,Standard Office Chair,PO-59727,waiting on account photos
Closed,259147,GAME-LG-OTT-RED,2026-03-24,269737,Amelia Nguyen,1,WAR-800543,Devon Hale,Yes,1,Full chair replacement,2026-04-25,A-10485,Issue confirmed under normal use,Upholstery / Seam Failure,Large Gaming Chair + Ottoman,259147,account sent photos with claim
Closed,255373,GAME-STD-OTT-BLU,2026-03-15,261830,Liam Collins,1,WAR-800032,Devon Hale,Yes,1,Replacement part,2026-03-30,A-10390,Issue confirmed under normal use,Base / Leg / Armrest,Gaming Chair + Ottoman,255373,account sent photos with claim
Closed,251676,FOLD-CUSH,2026-03-13,,Silver Lake Business Furnishings,4,WAR-800026,Priya Nair,Yes,3,Denied,2026-04-06,A-10474,Normal wear; no manufacturing defect found,Weld / Joint Failure,Metal Folding Chair with Cushion,PO-92333,claim opened by account service
Closed,249543,YARD-STD-NVY,2026-03-12,262564,Canyon Property Group,1,WAR-800178,Jordan Kim,Yes,1,Full chair replacement,2026-03-27,A-10097,Crack pattern consistent with material defect,Plastic Shell Crack,Standard Yard Chair,PO-74088,issue reported by store manager
Closed,256967,PART-OFF-TILT,2026-03-11,,Heritage Meeting Solutions,2,WAR-800027,Priya Nair,Yes,2,Replacement part,2026-03-26,A-10201,Shipping damage confirmed from photos,Damaged on Arrival,Office Chair Tilt Mechanism,PO-60835,account sent photos with claim
Closed,257995,FOLD-MET-STD,2026-03-03,262313,Riverstone Home Store #5257,1,WAR-800095,Natalie Price,Yes,3,Full chair replacement,2026-04-01,A-10835,Weld failure consistent with manufacturing defect,Weld / Joint Failure,Basic Metal Folding Chair,RIV-23595,photos reviewed by quality
Closed,242808,FOLD-CUSH,2026-03-03,261533,Crescent Church Supply,3,WAR-800223,Priya Nair,Yes,3,Full chair replacement,2026-03-18,A-10439,Shipping damage confirmed from photos,Damaged on Arrival,Metal Folding Chair with Cushion,PO-30335,photos reviewed by quality
Closed,257991,FOLD-CUSH,2026-03-03,,Crescent Meeting Solutions,4,WAR-800442,Marcus Chen,Yes,2,Credit,2026-03-25,A-10896,Shipping damage confirmed from photos,Damaged on Arrival,Metal Folding Chair with Cushion,PO-44858,photos reviewed by quality
Closed,258016,FOLD-MET-STD,2026-03-02,,Atlas Home Goods Store #0407,4,WAR-800598,Priya Nair,Yes,1,Full chair replacement,2026-03-22,A-10260,Issue confirmed under normal use,Fastener / Hardware,Basic Metal Folding Chair,ATL-69225,claim opened by account service
Closed,259304,YARD-HD-WHT,2026-03-01,265663,Hearthside Market Store #0808,4,WAR-800342,Priya Nair,Yes,3,Full chair replacement,2026-03-09,A-11127,Structural failure confirmed under normal use,Frame / Structural Failure,Heavy Duty Yard Chair,HEA-44235,issue reported by store manager
Closed,257469,GAME-STD-OTT-RED,2026-02-28,,Clearwater Property Group,3,WAR-800302,Owen Brooks,Yes,1,Denied,2026-03-26,A-10559,Issue could not be verified from supplied evidence,Gas Lift,Gaming Chair + Ottoman,PO-52627,photos reviewed by quality
Closed,257147,YARD-HD-GRN,2026-02-26,,Harborview Procurement,2,WAR-800273,Owen Brooks,Yes,1,Denied,2026-03-26,A-10337,Damage consistent with misuse / overload,Plastic Shell Crack,Heavy Duty Yard Chair,PO-54571,account sent photos with claim
Closed,253643,OFF-STD-BLK,2026-02-26,,Bluewater Hospitality Group,4,WAR-800482,Priya Nair,Yes,2,Credit,2026-04-01,A-10691,Shipping damage confirmed from photos,Damaged on Arrival,Standard Office Chair,PO-83538,issue reported by store manager
Closed,250189,OFF-LG-OTT-BLK,2026-02-24,,Heritage Property Group,2,WAR-800303,Elena Ruiz,Yes,2,Denied,2026-03-15,A-10125,Issue could not be verified from supplied evidence,Missing / Incorrect Parts,Large Office Chair + Ottoman,PO-94188,issue reported by store manager
Closed,257258,FOLD-MET-STD,2026-02-23,,Canyon Property Group,4,WAR-800056,Elena Ruiz,Yes,4,Denied,2026-03-26,A-10097,Normal wear; no manufacturing defect found,Cushion / Foam Failure,Basic Metal Folding Chair,PO-57628,account sent photos with claim
Closed,252224,FOLD-CUSH,2026-02-18,263524,MetroHouse Store #9795,1,WAR-800090,Priya Nair,Yes,3,Full chair replacement,2026-03-20,A-10249,Issue confirmed under normal use,Fastener / Hardware,Metal Folding Chair with Cushion,MET-64484,photos reviewed by quality
Closed,250057,FOLD-XL-CUSH,2026-02-18,,Summit Home Store #7716,8,WAR-800530,Jordan Kim,Yes,1,Denied,2026-03-14,A-10458,Outside warranty coverage,Weld / Joint Failure,Extra Large Cushioned Folding Chair,SUM-71473,issue reported by store manager
Closed,244158,PART-FOLD-HINGE,2026-02-17,,Miles Long,1,WAR-800250,Devon Hale,Yes,1,Denied,2026-03-24,A-10685,Normal wear; no manufacturing defect found,Missing / Incorrect Parts,Folding Chair Hinge Set,244158,photos reviewed by quality
Closed,252271,GAME-LG-OTT-BLU,2026-02-16,267228,Bluewater Commercial Interiors,2,WAR-800471,Owen Brooks,Yes,3,Replacement part,2026-03-04,A-10291,Issue confirmed under normal use,Base / Leg / Armrest,Large Gaming Chair + Ottoman,PO-74188,account sent photos with claim
Closed,251556,GAME-STD-BLU,2026-02-16,260533,Pioneer Procurement,9,WAR-800527,Luis Romero,Yes,2,Replacement part,2026-03-14,A-10094,Missing/incorrect hardware confirmed,Missing / Incorrect Parts,Gaming Chair,251556,claim opened by account service
Closed,256430,FOLD-MET-STD,2026-02-13,,Pacific Home Store #8344,2,WAR-800219,Carla Mendes,Yes,1,Full chair replacement,2026-03-11,A-10372,Structural failure confirmed under normal use,Frame / Structural Failure,Basic Metal Folding Chair,PAC-34571,photos reviewed by quality
Closed,252322,OFF-STD-GRY,2026-02-09,,Juniper Facility Services,2,WAR-800445,Elena Ruiz,Yes,4,Replacement part,2026-02-28,A-10247,Mechanism failure confirmed,Tilt / Recline Mechanism,Standard Office Chair,PO-95302,issue reported by store manager
Closed,254955,OFF-STD-BLK,2026-02-07,,Pioneer Event Group,3,WAR-800548,Owen Brooks,Yes,3,Denied,2026-02-24,A-10614,Normal wear; no manufacturing defect found,Damaged on Arrival,Standard Office Chair,PO-14162,photos reviewed by quality
Closed,252494,PART-OFF-HDW,2026-02-01,266572,Copper Hill Event Services,5,WAR-800349,Jordan Kim,No,2,Replacement part,2026-02-14,A-10426,Issue confirmed under normal use,Premature Material Deterioration,Office Chair Hardware Kit,PO-45666,claim opened by account service
Closed,253113,GAME-STD-RED,2026-02-01,,HomeHarbor Store #5638,1,WAR-800412,Priya Nair,Yes,2,Denied,2026-02-08,A-10940,Normal wear; no manufacturing defect found,Caster / Wheel,Gaming Chair,HOM-55998,photos reviewed by quality
Closed,251703,GAME-LG-OTT-RED,2026-01-22,,Lakeside Workplace Group,3,WAR-800341,Elena Ruiz,Yes,3,Replacement part,2026-02-03,A-10976,Caster failure confirmed from photos,Caster / Wheel,Large Gaming Chair + Ottoman,PO-26244,photos reviewed by quality
Closed,251667,GAME-LG-RED,2026-01-17,,BluePeak Home #4758,3,WAR-800214,Luis Romero,Yes,3,Credit,2026-02-02,A-11249,Issue confirmed under normal use,Other,Large Gaming Chair,BLU-18777,photos reviewed by quality
Closed,254012,FOLD-MET-STD,2026-01-13,266875,Golden State Workplace Group,2,WAR-800062,Natalie Price,Yes,2,Replacement part,2026-02-14,A-10855,Weld failure consistent with manufacturing defect,Weld / Joint Failure,Basic Metal Folding Chair,PO-58232,issue reported by store manager
Closed,254698,FOLD-MET-STD,2026-01-11,,Cedar & Main Store #7584,3,WAR-800107,Natalie Price,Yes,5,Replacement part,2026-02-06,A-10857,Shipping damage confirmed from photos,Damaged on Arrival,Basic Metal Folding Chair,CED-61282,claim opened by account service
Closed,240897,PART-FOLD-HINGE,2026-01-10,,Canyon Education Services,3,WAR-800353,Owen Brooks,No,2,Credit,2026-01-25,A-10166,Shipping damage confirmed from photos,Damaged on Arrival,Folding Chair Hinge Set,PO-26814,issue reported by store manager
Approved,250247,PART-FOLD-FOOT,2026-01-07,268507,Willow Creek Event Services,3,WAR-800043,Elena Ruiz,Yes,4,Replacement part,,A-10977,Missing/incorrect hardware confirmed,Missing / Incorrect Parts,Folding Chair Foot Cap Set,PO-72224,account sent photos with claim
Closed,258701,GAME-LG-RED,2026-01-06,266855,Pioneer Facilities,6,WAR-800079,Owen Brooks,Yes,1,Replacement part,2026-01-15,A-10110,Caster failure confirmed from photos,Caster / Wheel,Large Gaming Chair,258701,claim opened by account service
Closed,258650,FOLD-MET-STD,2026-01-04,,Pioneer Office Supply,1,WAR-800089,Priya Nair,Yes,2,Denied,2026-01-14,A-10136,Normal wear; no manufacturing defect found,Premature Material Deterioration,Basic Metal Folding Chair,PO-27223,issue reported by store manager
Closed,257141,GAME-STD-OTT-BLU,2026-01-02,264531,Golden State Event Services,2,WAR-800165,Marcus Chen,Yes,4,Replacement part,2026-01-09,A-10015,Issue confirmed under normal use,Upholstery / Seam Failure,Gaming Chair + Ottoman,257141,claim opened by account service
Closed,248635,FOLD-XL-CUSH,2025-12-29,260897,Summit Ridge Conference Services,4,WAR-800055,Leah Winters,Yes,2,Full chair replacement,2026-01-10,A-10573,Structural failure confirmed under normal use,Frame / Structural Failure,Extra Large Cushioned Folding Chair,PO-88392,claim opened by account service
Closed,249537,YARD-HD-GRN,2025-12-28,,PrimeHouse Store #8496,3,WAR-800016,Marcus Chen,Yes,1,Credit,2026-01-11,A-11158,Shipping damage confirmed from photos,Damaged on Arrival,Heavy Duty Yard Chair,PRI-74575,account sent photos with claim
Closed,246760,YARD-HD-BLK,2025-12-25,,Atlas Home Goods Store #1598,3,WAR-800033,Marcus Chen,Yes,2,Full chair replacement,2026-01-09,A-10311,Crack pattern consistent with material defect,Plastic Shell Crack,Heavy Duty Yard Chair,ATL-53037,account sent photos with claim
Closed,254401,YARD-STD-GRN,2025-12-24,257369,Urban Nest Store #0026,1,WAR-800014,Elena Ruiz,Yes,2,Full chair replacement,2026-01-19,A-10687,Shipping damage confirmed from photos,Damaged on Arrival,Standard Yard Chair,URB-69145,photos reviewed by quality
Closed,258823,FOLD-MET-STD,2025-12-23,,Crescent Event Group,2,WAR-800300,Jordan Kim,Yes,2,Denied,2026-01-03,A-11074,Normal wear; no manufacturing defect found,Premature Material Deterioration,Basic Metal Folding Chair,258823,issue reported by store manager
Closed,259055,GAME-LG-OTT-RED,2025-12-20,251760,Bluewater Commercial Interiors,1,WAR-800136,Owen Brooks,Yes,2,Replacement part,2026-01-20,A-10291,Gas lift failure consistent with component defect,Gas Lift,Large Gaming Chair + Ottoman,PO-14824,photos reviewed by quality
Closed,257642,OFF-STD-OTT-GRY,2025-12-17,253730,Elmwood Commercial Interiors,2,WAR-800150,Carla Mendes,Yes,1,Replacement part,2026-01-13,A-10780,Missing/incorrect hardware confirmed,Missing / Incorrect Parts,Standard Office Chair + Ottoman,PO-66020,photos reviewed by quality
Closed,255053,YARD-HD-GRN,2025-12-06,,BluePeak Home Store #5207,3,WAR-800259,Natalie Price,Yes,4,Full chair replacement,2025-12-14,A-10669,Crack pattern consistent with material defect,Plastic Shell Crack,Heavy Duty Yard Chair,BLU-24722,issue reported by store manager
Closed,257799,YARD-HD-WHT,2025-12-04,,Maple Grove Event Group,3,WAR-800346,Marcus Chen,No,4,Denied,2025-12-15,A-11010,Issue could not be verified from supplied evidence,Frame / Structural Failure,Heavy Duty Yard Chair,257799,claim opened by account service
Closed,257786,YARD-HD-BLK,2025-12-04,259615,Granite Workspace Solutions,2,WAR-800416,Leah Winters,Yes,2,Replacement part,2026-01-06,A-11207,Crack pattern consistent with material defect,Plastic Shell Crack,Heavy Duty Yard Chair,PO-58555,claim opened by account service
Closed,247802,OFF-STD-BLK,2025-11-30,,PrimeHouse Store #4713,5,WAR-800590,Owen Brooks,Yes,2,Denied,2025-12-20,A-10539,Damage consistent with misuse / overload,Caster / Wheel,Standard Office Chair,PRI-67453,photos reviewed by quality
Approved,252160,GAME-LG-OTT-RED,2025-11-29,259288,Westlake Community Center,4,WAR-800135,Jordan Kim,Yes,1,Replacement part,,A-10158,Issue confirmed under normal use,Fastener / Hardware,Large Gaming Chair + Ottoman,PO-43050,account sent photos with claim
Approved,250159,YARD-HD-BLK,2025-11-29,,Summit Home Store #9370,2,WAR-800211,Carla Mendes,Yes,3,Full chair replacement,,A-10227,Crack pattern consistent with material defect,Plastic Shell Crack,Heavy Duty Yard Chair,SUM-79630,claim opened by account service
Closed,244364,OFF-LG-OTT-GRY,2025-11-28,257915,GreenLine Living Store #8014,1,WAR-800262,Marcus Chen,Yes,2,Replacement part,2025-12-28,A-10231,Mechanism failure confirmed,Tilt / Recline Mechanism,Large Office Chair + Ottoman,GRE-30034,account sent photos with claim
Closed,250170,GAME-STD-BLU,2025-11-26,,Riverview Training Center,3,WAR-800468,Luis Romero,Yes,3,Replacement part,2025-12-14,A-11015,Caster failure confirmed from photos,Caster / Wheel,Gaming Chair,250170,claim opened by account service
Approved,249895,GAME-STD-OTT-BLU,2025-11-24,255672,Hearthside Market Store #1819,1,WAR-800005,Priya Nair,Yes,1,Replacement part,,A-10162,Issue confirmed under normal use,Base / Leg / Armrest,Gaming Chair + Ottoman,HEA-41902,account sent photos with claim
Closed,248529,YARD-STD-GRN,2025-11-24,,Sunrise Operations,3,WAR-800457,Elena Ruiz,Yes,2,Denied,2025-12-16,A-10510,Damage consistent with misuse / overload,Damaged on Arrival,Standard Yard Chair,PO-49241,claim opened by account service
Closed,250333,FOLD-MET-STD,2025-11-22,258990,Riverstone Home Store #4245,3,WAR-800195,Jordan Kim,Yes,2,Full chair replacement,2025-12-20,A-10077,Structural failure confirmed under normal use,Frame / Structural Failure,Basic Metal Folding Chair,RIV-65557,account sent photos with claim
Closed,252865,GAME-LG-OTT-RED,2025-11-21,,Granite Training Center,2,WAR-800470,Carla Mendes,Yes,2,Replacement part,2025-12-09,A-10811,Issue confirmed under normal use,Fastener / Hardware,Large Gaming Chair + Ottoman,252865,photos reviewed by quality
Closed,241653,YARD-HD-GRN,2025-11-19,,Clearwater Event Group,2,WAR-800118,Elena Ruiz,Yes,4,Denied,2025-12-07,A-10554,Outside warranty coverage,Frame / Structural Failure,Heavy Duty Yard Chair,241653,photos reviewed by quality
Closed,256302,YARD-HD-BLK,2025-11-19,,Northline Meeting Solutions,1,WAR-800151,Luis Romero,Yes,3,Replacement part,2025-12-09,A-11105,Issue confirmed under normal use,Fastener / Hardware,Heavy Duty Yard Chair,PO-52639,photos reviewed by quality
Closed,255065,FOLD-CUSH,2025-11-14,,Urban Nest Store #1272,2,WAR-800554,Marcus Chen,Yes,2,Denied,2025-12-15,A-10979,Issue could not be verified from supplied evidence,Weld / Joint Failure,Metal Folding Chair with Cushion,URB-77944,issue reported by store manager
Closed,253819,FOLD-CUSH,2025-11-10,,Northline Event Services,1,WAR-800388,Owen Brooks,Yes,1,Full chair replacement,2025-11-20,A-11036,Shipping damage confirmed from photos,Damaged on Arrival,Metal Folding Chair with Cushion,PO-49642,issue reported by store manager
Closed,253166,YARD-STD-BLK,2025-11-07,,BluePeak Home Store #3125,2,WAR-800351,Jordan Kim,Yes,1,Credit,2025-12-10,A-11225,Issue confirmed under normal use,Other,Standard Yard Chair,BLU-81463,account sent photos with claim
Closed,251371,OFF-STD-BLK,2025-11-04,,PrimeHouse Store #4834,1,WAR-800030,Owen Brooks,No,1,Credit,2025-11-20,A-10090,Issue confirmed under normal use,Cushion / Foam Failure,Standard Office Chair,PRI-16521,claim opened by account service
Closed,251973,GAME-LG-OTT-BLU,2025-11-03,,Fox Hollow Education Services,2,WAR-800146,Marcus Chen,Yes,4,Credit,2025-11-13,A-10692,Shipping damage confirmed from photos,Damaged on Arrival,Large Gaming Chair + Ottoman,PO-82376,account sent photos with claim
Approved,257818,GAME-LG-BLU,2025-10-29,257921,Evergreen Office Interiors,1,WAR-800591,Marcus Chen,Yes,1,Replacement part,,A-11188,Mechanism failure confirmed,Tilt / Recline Mechanism,Large Gaming Chair,257818,photos reviewed by quality
Closed,243258,FOLD-MET-STD,2025-10-25,,Maple Grove Facility Services,1,WAR-800571,Carla Mendes,Yes,1,Replacement part,2025-11-28,A-10105,Structural failure confirmed under normal use,Frame / Structural Failure,Basic Metal Folding Chair,PO-41772,claim opened by account service
Closed,244231,PART-FOLD-CUSH,2025-10-18,,NorthMart Store #6627,2,WAR-800384,Luis Romero,Yes,2,Credit,2025-11-11,A-10849,Shipping damage confirmed from photos,Damaged on Arrival,Folding Chair Cushion Pad,NOR-49467,issue reported by store manager
Closed,247761,GAME-STD-RED,2025-10-16,,Brookfield Education Services,3,WAR-800329,Carla Mendes,No,3,Replacement part,2025-10-25,A-10921,Missing/incorrect hardware confirmed,Missing / Incorrect Parts,Gaming Chair,PO-72703,waiting on account photos
Closed,252292,OFF-LG-OTT-BLK,2025-10-16,251928,Westlake Operations,3,WAR-800398,Priya Nair,Yes,2,Full chair replacement,2025-11-02,A-10236,Shipping damage confirmed from photos,Damaged on Arrival,Large Office Chair + Ottoman,252292,issue reported by store manager
Closed,259226,GAME-LG-OTT-RED,2025-10-14,254934,Aspen Facilities,3,WAR-800060,Priya Nair,Yes,1,Replacement part,2025-11-16,A-10585,Gas lift failure consistent with component defect,Gas Lift,Large Gaming Chair + Ottoman,PO-81723,claim opened by account service
Closed,254849,OFF-STD-GRY,2025-10-14,,Maple Grove Procurement,1,WAR-800516,Marcus Chen,No,2,Denied,2025-11-03,A-10058,Outside warranty coverage,Premature Material Deterioration,Standard Office Chair,PO-97049,claim opened by account service
Closed,255849,PART-OFF-GAS,2025-10-08,,Highland Business Furnishings,2,WAR-800108,Jordan Kim,Yes,4,Replacement part,2025-10-31,A-11093,Missing/incorrect hardware confirmed,Missing / Incorrect Parts,Office Chair Gas Lift,255849,claim opened by account service
Closed,244633,GAME-STD-BLU,2025-10-02,,Granite Event Services,2,WAR-800091,Marcus Chen,Yes,2,Denied,2025-10-24,A-10611,Damage consistent with misuse / overload,Gas Lift,Gaming Chair,PO-21306,claim opened by account service
Closed,243799,FOLD-CUSH,2025-10-02,254832,Golden State Purchasing Group,16,WAR-800435,Priya Nair,Yes,1,Replacement part,2025-10-19,A-10068,Structural failure confirmed under normal use,Frame / Structural Failure,Metal Folding Chair with Cushion,PO-29784,account sent photos with claim
Closed,252282,PART-FOLD-HINGE,2025-10-01,,Twin Rivers Office Supply,3,WAR-800332,Natalie Price,Yes,2,Replacement part,2025-10-20,A-10884,Missing/incorrect hardware confirmed,Missing / Incorrect Parts,Folding Chair Hinge Set,PO-40611,claim opened by account service
Closed,257167,OFF-LG-BLK,2025-09-30,,Liam Bell,1,WAR-800036,Devon Hale,Yes,1,Denied,2025-10-31,A-10828,Issue could not be verified from supplied evidence,Tilt / Recline Mechanism,Large Office Chair,257167,issue reported by store manager
Closed,253679,OFF-LG-GRY,2025-09-29,,Bluewater Commercial Interiors,2,WAR-800086,Owen Brooks,Yes,3,Denied,2025-10-13,A-10291,Issue could not be verified from supplied evidence,Tilt / Recline Mechanism,Large Office Chair,PO-66724,account sent photos with claim
Closed,244980,OFF-STD-GRY,2025-09-29,,Juniper Training Center,2,WAR-800284,Priya Nair,Yes,2,Denied,2025-10-10,A-10973,Outside warranty coverage,Cushion / Foam Failure,Standard Office Chair,PO-70529,claim opened by account service
Closed,241433,GAME-STD-BLU,2025-09-29,,Canyon Training Center,2,WAR-800564,Luis Romero,Yes,3,Full chair replacement,2025-11-01,A-11052,Issue confirmed under normal use,Cushion / Foam Failure,Gaming Chair,241433,photos reviewed by quality
Closed,255148,YARD-HD-NVY,2025-09-28,251375,Maple Grove School Supply,2,WAR-800025,Luis Romero,Yes,1,Full chair replacement,2025-10-08,A-10744,Shipping damage confirmed from photos,Damaged on Arrival,Heavy Duty Yard Chair,255148,claim opened by account service
Closed,240185,GAME-LG-OTT-RED,2025-09-28,,Willow Creek Office Supply,4,WAR-800354,Owen Brooks,Yes,1,Denied,2025-10-15,A-10670,Damage consistent with misuse / overload,Upholstery / Seam Failure,Large Gaming Chair + Ottoman,240185,photos reviewed by quality
Closed,250830,YARD-STD-GRN,2025-09-22,259602,Summit Home Store #9444,1,WAR-800190,Jordan Kim,Yes,3,Replacement part,2025-10-23,A-10278,Structural failure confirmed under normal use,Frame / Structural Failure,Standard Yard Chair,SUM-94441,issue reported by store manager
Closed,259278,GAME-LG-OTT-BLU,2025-09-21,252249,Juniper Conference Services,3,WAR-800313,Natalie Price,Yes,3,Replacement part,2025-10-23,A-10350,Mechanism failure confirmed,Tilt / Recline Mechanism,Large Gaming Chair + Ottoman,PO-84664,claim opened by account service
Closed,253229,PART-FOLD-HINGE,2025-09-19,,Stonebridge Meeting Solutions,3,WAR-800134,Elena Ruiz,Yes,2,Denied,2025-10-06,A-10102,Issue could not be verified from supplied evidence,Other,Folding Chair Hinge Set,PO-61499,photos reviewed by quality
Closed,259316,PART-OFF-BASE,2025-09-19,,Brighton Workspace Solutions,3,WAR-800541,Carla Mendes,Yes,4,Replacement part,2025-10-21,A-10189,Missing/incorrect hardware confirmed,Missing / Incorrect Parts,Office Chair Base,259316,claim opened by account service
Closed,250757,OFF-STD-BLK,2025-09-16,259934,Northline Business Furnishings,3,WAR-800539,Jordan Kim,Yes,1,Replacement part,2025-10-02,A-11227,Missing/incorrect hardware confirmed,Missing / Incorrect Parts,Standard Office Chair,PO-11687,photos reviewed by quality
Denied,248388,OFF-STD-BLK,2025-08-25,,Brookfield Procurement,6,WAR-800292,Elena Ruiz,Yes,4,Denied,2025-09-18,A-10418,Normal wear; no manufacturing defect found,Missing / Incorrect Parts,Standard Office Chair,248388,issue reported by store manager
Closed,245264,GAME-STD-RED,2025-08-25,255127,Juniper Education Services,1,WAR-800544,Marcus Chen,Yes,3,Replacement part,2025-09-14,A-10928,Mechanism failure confirmed,Tilt / Recline Mechanism,Gaming Chair,245264,account sent photos with claim
Closed,242962,OFF-LG-BLK,2025-08-21,253262,Redwood Community Center,2,WAR-800496,Luis Romero,Yes,3,Replacement part,2025-09-24,A-10084,Gas lift failure consistent with component defect,Gas Lift,Large Office Chair,PO-54095,photos reviewed by quality
Closed,259453,YARD-HD-WHT,2025-08-18,250265,Granite Venue Services,2,WAR-800281,Owen Brooks,Yes,4,Replacement part,2025-09-04,A-10917,Issue confirmed under normal use,Fastener / Hardware,Heavy Duty Yard Chair,PO-21275,account sent photos with claim
Denied,249610,GAME-LG-RED,2025-08-16,,Northline Meeting Solutions,2,WAR-800194,Luis Romero,Yes,1,Denied,2025-08-25,A-11105,Normal wear; no manufacturing defect found,Missing / Incorrect Parts,Large Gaming Chair,PO-34095,claim opened by account service
Closed,241740,OFF-LG-OTT-BLK,2025-08-11,253390,Mason Ridge Corporate Services,2,WAR-800092,Jordan Kim,Yes,2,Full chair replacement,2025-08-22,A-10703,Gas lift failure consistent with component defect,Gas Lift,Large Office Chair + Ottoman,PO-65001,account sent photos with claim
Closed,253166,FOLD-CUSH,2025-08-07,,BluePeak Home Store #3125,1,WAR-800260,Jordan Kim,Yes,2,Full chair replacement,2025-08-16,A-11225,Weld failure consistent with manufacturing defect,Weld / Joint Failure,Metal Folding Chair with Cushion,BLU-81463,claim opened by account service
Closed,255976,YARD-STD-BLK,2025-08-02,,NorthMart Store #6627,2,WAR-800154,Luis Romero,Yes,1,Credit,2025-08-27,A-10849,Structural failure confirmed under normal use,Frame / Structural Failure,Standard Yard Chair,NOR-67197,account sent photos with claim
Closed,252475,YARD-STD-GRN,2025-08-01,,Riverstone Home Store #5257,2,WAR-800128,Natalie Price,Yes,2,Denied,2025-08-15,A-10835,Outside warranty coverage,Plastic Shell Crack,Standard Yard Chair,RIV-38799,issue reported by store manager
Closed,249274,FOLD-MET-STD,2025-07-25,256980,Meridian Facility Services,2,WAR-800192,Marcus Chen,Yes,2,Full chair replacement,2025-08-24,A-10717,Structural failure confirmed under normal use,Frame / Structural Failure,Basic Metal Folding Chair,PO-97360,issue reported by store manager
Closed,240005,GAME-LG-BLU,2025-07-23,252100,Cascade Meeting Solutions,7,WAR-800122,Leah Winters,Yes,3,Replacement part,2025-08-13,A-10486,Gas lift failure consistent with component defect,Gas Lift,Large Gaming Chair,240005,issue reported by store manager
Closed,246337,GAME-STD-OTT-RED,2025-07-23,,Lakeside Campus Services,4,WAR-800466,Luis Romero,Yes,4,Denied,2025-08-12,A-10962,Issue could not be verified from supplied evidence,Gas Lift,Gaming Chair + Ottoman,246337,issue reported by store manager
Closed,245629,YARD-STD-WHT,2025-07-20,256169,Pacific Home Store #3972,3,WAR-800460,Elena Ruiz,No,1,Replacement part,2025-08-16,A-10847,Missing/incorrect hardware confirmed,Missing / Incorrect Parts,Standard Yard Chair,PAC-12250,claim opened by account service
Closed,242349,OFF-LG-GRY,2025-07-16,,Clearwater Commercial Interiors,2,WAR-800038,Priya Nair,Yes,5,Denied,2025-08-11,A-10767,Damage consistent with misuse / overload,Cushion / Foam Failure,Large Office Chair,242349,photos reviewed by quality
Closed,241034,OFF-LG-OTT-BLK,2025-07-16,,NorthMart Store #2400,2,WAR-800042,Luis Romero,Yes,2,Denied,2025-07-27,A-10862,Issue could not be verified from supplied evidence,Gas Lift,Large Office Chair + Ottoman,NOR-76237,account sent photos with claim
Closed,244749,FOLD-CUSH,2025-07-14,,Urban Nest Store #1705,1,WAR-800375,Luis Romero,Yes,4,Denied,2025-08-17,A-10792,Normal wear; no manufacturing defect found,Fastener / Hardware,Metal Folding Chair with Cushion,URB-71586,photos reviewed by quality
Approved,244799,FOLD-MET-STD,2025-07-14,,Summit Home Store #3384,2,WAR-800535,Carla Mendes,Yes,3,Full chair replacement,,A-10950,Issue confirmed under normal use,Premature Material Deterioration,Basic Metal Folding Chair,SUM-71187,claim opened by account service
Closed,242629,FOLD-CUSH,2025-07-12,,Riverstone Home Store #0639,2,WAR-800521,Priya Nair,Yes,1,Full chair replacement,2025-08-08,A-10029,Structural failure confirmed under normal use,Frame / Structural Failure,Metal Folding Chair with Cushion,RIV-66129,account sent photos with claim
Closed,245956,FOLD-MET-STD,2025-07-11,,Westlake Event Group,2,WAR-800483,Priya Nair,Yes,1,Full chair replacement,2025-08-01,A-10447,Structural failure confirmed under normal use,Frame / Structural Failure,Basic Metal Folding Chair,PO-82649,claim opened by account service
Closed,248872,YARD-STD-GRN,2025-07-01,,Pacific Home Store #8728,4,WAR-800212,Luis Romero,Yes,2,Denied,2025-07-08,A-10047,Normal wear; no manufacturing defect found,Damaged on Arrival,Standard Yard Chair,PAC-33893,claim opened by account service
Closed,248521,PART-OFF-HDW,2025-06-30,,Clearwater Hospitality Group,5,WAR-800029,Elena Ruiz,Yes,1,Credit,2025-07-20,A-10290,Issue confirmed under normal use,Premature Material Deterioration,Office Chair Hardware Kit,PO-13556,photos reviewed by quality
Closed,252530,PART-YARD-HDW,2025-06-30,,Crescent Design Studio,2,WAR-800589,Leah Winters,Yes,4,Credit,2025-08-03,A-10542,Issue confirmed under normal use,Premature Material Deterioration,Yard Chair Hardware Kit,PO-11731,account sent photos with claim
Closed,259769,FOLD-MET-STD,2025-06-27,,Atlas Home Goods Store #8873,3,WAR-800020,Owen Brooks,Yes,3,Denied,2025-07-16,A-10761,Damage consistent with misuse / overload,Fastener / Hardware,Basic Metal Folding Chair,ATL-31136,claim opened by account service
Closed,245069,FOLD-CUSH,2025-06-26,,Riverview School Supply,3,WAR-800421,Luis Romero,Yes,1,Replacement part,2025-07-15,A-10938,Issue confirmed under normal use,Cushion / Foam Failure,Metal Folding Chair with Cushion,PO-36575,claim opened by account service
Closed,246553,YARD-STD-WHT,2025-06-22,,Hearthside Market Store #7043,2,WAR-800534,Owen Brooks,Yes,2,Full chair replacement,2025-06-29,A-11041,Crack pattern consistent with material defect,Plastic Shell Crack,Standard Yard Chair,HEA-68564,photos reviewed by quality
Closed,240790,GAME-STD-BLU,2025-06-20,,Miles Campbell,1,WAR-800101,Devon Hale,Yes,1,Denied,2025-07-14,A-10898,Issue could not be verified from supplied evidence,Gas Lift,Gaming Chair,240790,account sent photos with claim
Closed,256567,OFF-LG-BLK,2025-06-19,,GreenLine Living Store #5066,2,WAR-800510,Elena Ruiz,Yes,2,Full chair replacement,2025-07-02,A-10399,Issue confirmed under normal use,Cushion / Foam Failure,Large Office Chair,GRE-46679,account sent photos with claim
Closed,258361,FOLD-MET-STD,2025-06-17,254331,Summit Home Store #2391,2,WAR-800257,Luis Romero,Yes,2,Full chair replacement,2025-07-19,A-10766,Weld failure consistent with manufacturing defect,Weld / Joint Failure,Basic Metal Folding Chair,SUM-36389,issue reported by store manager
Closed,255157,GAME-LG-BLU,2025-06-16,255873,Redwood Community Center,3,WAR-800306,Luis Romero,Yes,2,Replacement part,2025-07-09,A-10084,Shipping damage confirmed from photos,Damaged on Arrival,Large Gaming Chair,PO-38922,account sent photos with claim
Closed,245350,OFF-LG-OTT-BLK,2025-06-15,254666,Fox Hollow Conference Services,1,WAR-800308,Elena Ruiz,Yes,1,Replacement part,2025-07-10,A-10395,Gas lift failure consistent with component defect,Gas Lift,Large Office Chair + Ottoman,PO-94429,account sent photos with claim
Closed,255568,FOLD-XL-CUSH,2025-06-14,,Maple Grove Business Furnishings,2,WAR-800054,Priya Nair,No,5,Full chair replacement,2025-06-30,A-10728,Issue confirmed under normal use,Premature Material Deterioration,Extra Large Cushioned Folding Chair,255568,waiting on account photos
Approved,247605,PART-OFF-GAS,2025-06-14,255213,Westlake Meeting Solutions,6,WAR-800347,Owen Brooks,Yes,3,Replacement part,,A-10674,Issue confirmed under normal use,Other,Office Chair Gas Lift,247605,claim opened by account service
Closed,257252,OFF-STD-BLK,2025-06-09,256350,Maple Grove Workspace Solutions,1,WAR-800202,Marcus Chen,Yes,1,Replacement part,2025-07-10,A-10317,Issue confirmed under normal use,Cushion / Foam Failure,Standard Office Chair,257252,account sent photos with claim
Closed,247385,FOLD-XL-CUSH,2025-06-05,256273,Pioneer Procurement,3,WAR-800004,Luis Romero,Yes,2,Full chair replacement,2025-06-15,A-10094,Structural failure confirmed under normal use,Frame / Structural Failure,Extra Large Cushioned Folding Chair,PO-54363,photos reviewed by quality
Closed,244710,YARD-STD-WHT,2025-06-05,,Pacific Home Store #5319,2,WAR-800448,Luis Romero,Yes,3,Denied,2025-07-09,A-10941,Issue could not be verified from supplied evidence,Plastic Shell Crack,Standard Yard Chair,PAC-31511,account sent photos with claim
Closed,244577,FOLD-CUSH,2025-06-04,,Aspen Commercial Interiors,4,WAR-800105,Luis Romero,Yes,3,Denied,2025-06-24,A-10225,Outside warranty coverage,Weld / Joint Failure,Metal Folding Chair with Cushion,PO-94012,claim opened by account service
Closed,247046,FOLD-MET-STD,2025-06-04,256486,Cedar Ridge Procurement,6,WAR-800188,Elena Ruiz,Yes,4,Full chair replacement,2025-07-02,A-10550,Structural failure confirmed under normal use,Frame / Structural Failure,Basic Metal Folding Chair,PO-56903,issue reported by store manager
Closed,248413,YARD-STD-BLK,2025-06-02,,Summit Home Store #1320,2,WAR-800588,Elena Ruiz,Yes,4,Full chair replacement,2025-06-20,A-11078,Missing/incorrect hardware confirmed,Missing / Incorrect Parts,Standard Yard Chair,SUM-92362,photos reviewed by quality
Denied,244302,YARD-HD-GRN,2025-05-29,,Lakeside Corporate Services,5,WAR-800508,Elena Ruiz,Yes,3,Denied,2025-06-29,A-10522,Damage consistent with misuse / overload,Other,Heavy Duty Yard Chair,244302,issue reported by store manager
Closed,253307,YARD-HD-NVY,2025-05-27,,BluePeak Home Store #3125,6,WAR-800235,Natalie Price,Yes,2,Credit,2025-06-07,A-11225,Issue confirmed under normal use,Other,Heavy Duty Yard Chair,BLU-71998,account sent photos with claim
Closed,245120,OFF-LG-BLK,2025-05-25,251378,Mason Ridge Training Center,5,WAR-800362,Marcus Chen,Yes,2,Full chair replacement,2025-06-25,A-10846,Structural failure confirmed under normal use,Frame / Structural Failure,Large Office Chair,PO-75410,issue reported by store manager
Closed,246336,OFF-LG-BLK,2025-05-14,,Hearthside Market Store #6764,2,WAR-800550,Samuel Ortiz,Yes,2,Denied,2025-06-09,A-10594,Issue could not be verified from supplied evidence,Gas Lift,Large Office Chair,HEA-33862,issue reported by store manager
Denied,243339,FOLD-XL-CUSH,2025-05-09,,Maple Grove Facilities,2,WAR-800481,Priya Nair,Yes,1,Denied,2025-05-25,A-10648,Issue could not be verified from supplied evidence,Frame / Structural Failure,Extra Large Cushioned Folding Chair,243339,photos reviewed by quality
Closed,259311,FOLD-XL-CUSH,2025-05-07,256824,Summit Home Store #5693,8,WAR-800252,Leah Winters,Yes,1,Full chair replacement,2025-05-28,A-10025,Weld failure consistent with manufacturing defect,Weld / Joint Failure,Extra Large Cushioned Folding Chair,SUM-37940,photos reviewed by quality
Closed,255975,FOLD-MET-STD,2025-05-03,258673,NorthMart Store #1765,1,WAR-800376,Elena Ruiz,No,1,Replacement part,2025-06-05,A-10222,Issue confirmed under normal use,Fastener / Hardware,Basic Metal Folding Chair,NOR-67768,waiting on account photos
Closed,249412,YARD-HD-NVY,2025-05-01,254002,Riverstone Home Store #3386,1,WAR-800425,Leah Winters,No,2,Full chair replacement,2025-05-28,A-10343,Crack pattern consistent with material defect,Plastic Shell Crack,Heavy Duty Yard Chair,RIV-98198,claim opened by account service
Closed,245694,PART-OFF-GAS,2025-04-30,,Riverstone Home Store #8846,2,WAR-800238,Luis Romero,Yes,2,Denied,2025-05-25,A-10515,Outside warranty coverage,Missing / Incorrect Parts,Office Chair Gas Lift,RIV-27608,issue reported by store manager
Closed,259036,FOLD-XL-CUSH,2025-04-29,,Atlas Home Goods Store #2633,8,WAR-800117,Priya Nair,Yes,1,Denied,2025-05-08,A-10037,Issue could not be verified from supplied evidence,Frame / Structural Failure,Extra Large Cushioned Folding Chair,ATL-38181,account sent photos with claim
Closed,252530,FOLD-XL-CUSH,2025-04-28,255181,Crescent Design Studio,3,WAR-800503,Leah Winters,Yes,3,Replacement part,2025-05-24,A-10542,Missing/incorrect hardware confirmed,Missing / Incorrect Parts,Extra Large Cushioned Folding Chair,PO-11731,claim opened by account service
Closed,247459,PART-FOLD-CUSH,2025-04-24,,Fairview Conference Services,1,WAR-800592,Elena Ruiz,Yes,1,Denied,2025-05-19,A-10625,Damage consistent with misuse / overload,Other,Folding Chair Cushion Pad,PO-73141,account sent photos with claim
Closed,245350,GAME-LG-RED,2025-04-18,251151,Fox Hollow Conference Services,3,WAR-800169,Elena Ruiz,Yes,2,Replacement part,2025-04-29,A-10395,Issue confirmed under normal use,Fastener / Hardware,Large Gaming Chair,PO-94429,issue reported by store manager
Closed,245712,GAME-STD-BLU,2025-04-13,251379,Willow Creek Training Center,3,WAR-800498,Marcus Chen,Yes,3,Replacement part,2025-05-13,A-10210,Gas lift failure consistent with component defect,Gas Lift,Gaming Chair,PO-13849,photos reviewed by quality
Closed,256440,YARD-HD-BLK,2025-04-12,256057,Clearwater Workplace Group,2,WAR-800368,Carla Mendes,Yes,1,Full chair replacement,2025-05-13,A-10248,Shipping damage confirmed from photos,Damaged on Arrival,Heavy Duty Yard Chair,256440,account sent photos with claim
Approved,246168,YARD-HD-WHT,2025-04-10,253882,Prairie Home Market Store #9593,4,WAR-800477,Owen Brooks,Yes,3,Full chair replacement,,A-10027,Issue confirmed under normal use,Fastener / Hardware,Heavy Duty Yard Chair,PRA-75475,photos reviewed by quality
Approved,244644,FOLD-MET-STD,2025-04-09,,Pacific Home Store #4886,3,WAR-800070,Jordan Kim,No,5,Replacement part,,A-10365,Missing/incorrect hardware confirmed,Missing / Incorrect Parts,Basic Metal Folding Chair,PAC-40863,claim opened by account service
Closed,247701,OFF-LG-OTT-GRY,2025-04-09,,GreenLine Living #0800,4,WAR-800133,Luis Romero,Yes,3,Replacement part,2025-04-23,A-11250,Caster failure confirmed from photos,Caster / Wheel,Large Office Chair + Ottoman,GRE-42983,claim opened by account service
Closed,243610,FOLD-XL-CUSH,2025-04-09,259423,Riverstone Home Store #4100,7,WAR-800224,Owen Brooks,Yes,3,Replacement part,2025-04-29,A-10318,Missing/incorrect hardware confirmed,Missing / Incorrect Parts,Extra Large Cushioned Folding Chair,RIV-97583,photos reviewed by quality
Closed,247700,YARD-HD-GRN,2025-04-05,,PrimeHouse Store #7370,2,WAR-800114,Marcus Chen,Yes,1,Replacement part,2025-04-22,A-10171,Issue confirmed under normal use,Other,Heavy Duty Yard Chair,PRI-84095,photos reviewed by quality
Approved,245982,FOLD-XL-CUSH,2025-03-31,,Aspen Purchasing Group,4,WAR-800068,Luis Romero,Yes,2,Full chair replacement,,A-11215,Issue confirmed under normal use,Fastener / Hardware,Extra Large Cushioned Folding Chair,PO-90035,account sent photos with claim
Approved,243882,YARD-STD-WHT,2025-03-22,252733,WestBridge Home Store #5093,4,WAR-800022,Elena Ruiz,Yes,1,Replacement part,,A-11000,Crack pattern consistent with material defect,Plastic Shell Crack,Standard Yard Chair,WES-30615,account sent photos with claim
Approved,246942,FOLD-XL-CUSH,2025-03-22,252939,Harborview Procurement,1,WAR-800323,Owen Brooks,Yes,3,Full chair replacement,,A-10337,Issue confirmed under normal use,Cushion / Foam Failure,Extra Large Cushioned Folding Chair,246942,issue reported by store manager
Closed,245790,OFF-STD-BLK,2025-03-19,255719,Pioneer Education Services,1,WAR-800061,Marcus Chen,Yes,2,Replacement part,2025-04-18,A-10072,Caster failure confirmed from photos,Caster / Wheel,Standard Office Chair,BLANKET-7265,issue reported by store manager
Closed,245790,GAME-STD-BLU,2025-03-19,253226,Pioneer Education Services,4,WAR-800563,Marcus Chen,Yes,1,Replacement part,2025-04-04,A-10072,Mechanism failure confirmed,Tilt / Recline Mechanism,Gaming Chair,BLANKET-7265,photos reviewed by quality
Closed,241141,FOLD-XL-CUSH,2025-03-18,,Liam Collins,2,WAR-800191,Devon Hale,Yes,1,Credit,2025-04-21,A-10390,Issue confirmed under normal use,Other,Extra Large Cushioned Folding Chair,241141,issue reported by store manager
Closed,236048,FOLD-CUSH,2024-04-20,246132,Urban Nest Store #2372,5,WAR-800119,Carla Mendes,Yes,1,Full chair replacement,2024-05-06,A-10430,Structural failure confirmed under normal use,Frame / Structural Failure,Metal Folding Chair with Cushion,URB-84456,claim opened by account service
Closed,244262,FOLD-XL-CUSH,2025-03-11,,Riverstone Home Store #4100,2,WAR-800205,Carla Mendes,Yes,1,Full chair replacement,2025-03-28,A-10318,Structural failure confirmed under normal use,Frame / Structural Failure,Extra Large Cushioned Folding Chair,RIV-20359,photos reviewed by quality
Closed,241224,OFF-LG-OTT-GRY,2025-03-10,250605,Golden State Conference Services,3,WAR-800077,Owen Brooks,Yes,1,Replacement part,2025-03-18,A-10246,Mechanism failure confirmed,Tilt / Recline Mechanism,Large Office Chair + Ottoman,PO-64619,claim opened by account service
Closed,239078,OFF-LG-OTT-GRY,2025-03-05,,Brighton School Supply,2,WAR-800459,Priya Nair,Yes,3,Replacement part,2025-04-08,A-10624,Gas lift failure consistent with component defect,Gas Lift,Large Office Chair + Ottoman,239078,photos reviewed by quality
Closed,241418,FOLD-CUSH,2025-03-01,,Fox Hollow Meeting Solutions,5,WAR-800293,Elena Ruiz,Yes,2,Denied,2025-03-22,A-10465,Normal wear; no manufacturing defect found,Weld / Joint Failure,Metal Folding Chair with Cushion,PO-33278,claim opened by account service
Closed,240307,OFF-LG-BLK,2025-02-25,,Lakeside Training Center,3,WAR-800276,Luis Romero,Yes,1,Full chair replacement,2025-03-08,A-10958,Issue confirmed under normal use,Base / Leg / Armrest,Large Office Chair,PO-88231,account sent photos with claim
Closed,241653,GAME-STD-OTT-BLU,2025-02-25,251614,Clearwater Event Group,2,WAR-800340,Elena Ruiz,Yes,3,Full chair replacement,2025-03-24,A-10554,Issue confirmed under normal use,Upholstery / Seam Failure,Gaming Chair + Ottoman,241653,photos reviewed by quality
Closed,242041,YARD-HD-NVY,2025-02-15,,Summit Home Store #5342,1,WAR-800452,Luis Romero,Yes,1,Credit,2025-03-16,A-10280,Shipping damage confirmed from photos,Damaged on Arrival,Heavy Duty Yard Chair,SUM-36530,photos reviewed by quality
Closed,247046,FOLD-MET-STD,2025-02-11,253121,Cedar Ridge Procurement,2,WAR-800562,Elena Ruiz,Yes,4,Full chair replacement,2025-03-12,A-10550,Shipping damage confirmed from photos,Damaged on Arrival,Basic Metal Folding Chair,PO-56903,claim opened by account service
Closed,243749,FOLD-CUSH,2025-02-02,250725,Summit Home Store #1619,2,WAR-800085,Elena Ruiz,Yes,1,Replacement part,2025-03-03,A-10599,Structural failure confirmed under normal use,Frame / Structural Failure,Metal Folding Chair with Cushion,SUM-74034,claim opened by account service
Closed,249057,FOLD-CUSH,2025-01-25,253720,Isaac Santos,2,WAR-800031,Devon Hale,Yes,1,Replacement part,2025-02-02,A-10524,Issue confirmed under normal use,Fastener / Hardware,Metal Folding Chair with Cushion,249057,account sent photos with claim
Closed,244633,OFF-STD-GRY,2025-01-25,255711,Granite Event Services,2,WAR-800316,Marcus Chen,Yes,3,Replacement part,2025-02-09,A-10611,Gas lift failure consistent with component defect,Gas Lift,Standard Office Chair,PO-21306,account sent photos with claim
Closed,239502,OFF-LG-GRY,2025-01-22,,Riverstone Home Store #1826,4,WAR-800179,Luis Romero,Yes,5,Replacement part,2025-02-08,A-10606,Missing/incorrect hardware confirmed,Missing / Incorrect Parts,Large Office Chair,RIV-37632,issue reported by store manager
Closed,244154,YARD-STD-WHT,2025-01-20,259136,WestBridge Home Store #9705,1,WAR-800559,Carla Mendes,Yes,1,Replacement part,2025-01-27,A-10537,Issue confirmed under normal use,Fastener / Hardware,Standard Yard Chair,WES-74939,claim opened by account service
Closed,238876,YARD-STD-BLK,2025-01-15,,Atlas Home Goods Store #2543,2,WAR-800187,Luis Romero,Yes,1,Denied,2025-01-31,A-10218,Normal wear; no manufacturing defect found,Damaged on Arrival,Standard Yard Chair,ATL-52709,photos reviewed by quality
Closed,242623,GAME-STD-RED,2025-01-14,,Fox Hollow Commercial Interiors,3,WAR-800512,Owen Brooks,Yes,2,Full chair replacement,2025-01-21,A-10700,Shipping damage confirmed from photos,Damaged on Arrival,Gaming Chair,242623,claim opened by account service
Closed,243061,OFF-LG-OTT-BLK,2025-01-07,256092,Pioneer School Supply,3,WAR-800414,Elena Ruiz,Yes,3,Replacement part,2025-02-10,A-10180,Issue confirmed under normal use,Fastener / Hardware,Large Office Chair + Ottoman,PO-79707,claim opened by account service
Closed,247761,OFF-LG-GRY,2025-01-05,,Brookfield Education Services,3,WAR-800462,Carla Mendes,No,2,Full chair replacement,2025-01-22,A-10921,Caster failure confirmed from photos,Caster / Wheel,Large Office Chair,PO-72703,claim opened by account service
Closed,240841,GAME-LG-BLU,2025-01-02,251769,Redwood Event Group,5,WAR-800206,Luis Romero,Yes,1,Full chair replacement,2025-01-25,A-10607,Caster failure confirmed from photos,Caster / Wheel,Large Gaming Chair,240841,issue reported by store manager
Closed,249919,OFF-LG-OTT-BLK,2024-12-30,,Hearthside Market Store #4021,1,WAR-800084,Leah Winters,Yes,2,Replacement part,2025-01-26,A-10330,Gas lift failure consistent with component defect,Gas Lift,Large Office Chair + Ottoman,HEA-83159,claim opened by account service
Closed,246778,GAME-LG-RED,2024-12-23,,Northline Conference Services,5,WAR-800064,Marcus Chen,Yes,1,Denied,2025-01-18,A-10663,Outside warranty coverage,Caster / Wheel,Large Gaming Chair,PO-51265,account sent photos with claim
Approved,247805,YARD-STD-NVY,2024-12-23,249800,Urban Nest Store #0639,5,WAR-800451,Owen Brooks,Yes,3,Replacement part,,A-10696,Missing/incorrect hardware confirmed,Missing / Incorrect Parts,Standard Yard Chair,URB-96371,account sent photos with claim
Closed,241897,YARD-STD-NVY,2024-12-22,,Juniper Meeting Solutions,5,WAR-800296,Jordan Kim,Yes,1,Full chair replacement,1/5/2025,A-10499,Issue confirmed under normal use,Fastener / Hardware,Standard Yard Chair,PO-52976,claim opened by account service
Closed,245958,YARD-STD-WHT,2024-12-18,,Lakeside Workplace Group,2,WAR-800267,Priya Nair,Yes,2,Denied,2025-01-20,A-10976,Normal wear; no manufacturing defect found,Premature Material Deterioration,Standard Yard Chair,PO-41074,issue reported by store manager
Closed,242785,YARD-HD-NVY,2024-12-17,,Stonebridge Meeting Solutions,1,WAR-800168,Luis Romero,Yes,2,Replacement part,2025-01-11,A-10102,Missing/incorrect hardware confirmed,Missing / Incorrect Parts,Heavy Duty Yard Chair,PO-69110,photos reviewed by quality
Closed,244121,GAME-STD-OTT-BLU,2024-12-17,,Mateo Campbell,2,WAR-800290,Devon Hale,Yes,1,Full chair replacement,2025-01-02,A-10116,Issue confirmed under normal use,Upholstery / Seam Failure,Gaming Chair + Ottoman,244121,photos reviewed by quality
Closed,243438,FOLD-MET-STD,2024-12-16,,Cedar & Main Store #1098,2,WAR-800505,Leah Winters,Yes,4,Denied,2025-01-12,A-10708,Normal wear; no manufacturing defect found,Frame / Structural Failure,Basic Metal Folding Chair,CED-78726,claim opened by account service
Closed,248283,FOLD-XL-CUSH,2024-12-13,,Copper Hill Education Services,4,WAR-800166,Owen Brooks,Yes,1,Denied,2025-01-16,A-11232,Issue could not be verified from supplied evidence,Damaged on Arrival,Extra Large Cushioned Folding Chair,PO-17218,issue reported by store manager
Closed,248377,GAME-LG-BLU,2024-12-09,,Crescent Community Center,2,WAR-800002,Carla Mendes,Yes,3,Credit,2024-12-27,A-10414,Issue confirmed under normal use,Cushion / Foam Failure,Large Gaming Chair,PO-99910,issue reported by store manager
Closed,231675,GAME-LG-OTT-BLU,2024-12-08,243097,Evergreen Conference Services,1,WAR-800132,Luis Romero,No,1,Replacement part,2024-12-24,A-10443,Gas lift failure consistent with component defect,Gas Lift,Large Gaming Chair + Ottoman,PO-35146,issue reported by store manager
Closed,241472,OFF-LG-OTT-BLK,2024-12-06,244261,Juniper Office Interiors,2,WAR-800073,Luis Romero,Yes,2,Replacement part,2024-12-17,A-11063,Gas lift failure consistent with component defect,Gas Lift,Large Office Chair + Ottoman,PO-36598,claim opened by account service
Closed,247885,YARD-STD-NVY,2024-12-06,,Prairie Home Market Store #8926,2,WAR-800217,Luis Romero,Yes,2,Replacement part,2024-12-29,A-11163,Structural failure confirmed under normal use,Frame / Structural Failure,Standard Yard Chair,PRA-40883,account sent photos with claim
Closed,241727,YARD-STD-GRN,2024-12-04,,Lakeside Training Center,12,WAR-800175,Carla Mendes,Yes,1,Replacement part,2024-12-12,A-10958,Structural failure confirmed under normal use,Frame / Structural Failure,Standard Yard Chair,PO-66294,claim opened by account service
Closed,245378,YARD-HD-WHT,2024-11-28,240520,Westlake Purchasing Group,1,WAR-800359,Elena Ruiz,No,1,Replacement part,2024-12-30,A-10489,Issue confirmed under normal use,Fastener / Hardware,Heavy Duty Yard Chair,PO-41526,waiting on account photos
Closed,236302,FOLD-XL-CUSH,2024-11-26,,BluePeak Home Store #3125,1,WAR-800162,Marcus Chen,Yes,2,Credit,2024-12-11,A-11225,Weld failure consistent with manufacturing defect,Weld / Joint Failure,Extra Large Cushioned Folding Chair,BLU-62180,photos reviewed by quality
Closed,245383,OFF-LG-OTT-GRY,2024-11-21,,Riverstone Home Store #3817,2,WAR-800196,Luis Romero,Yes,3,Replacement part,2024-12-18,A-10608,Issue confirmed under normal use,Ottoman Issue,Large Office Chair + Ottoman,RIV-13742,claim opened by account service
Closed,246936,FOLD-MET-STD,2024-11-20,247249,Prairie Home Market Store #8676,5,WAR-800418,Luis Romero,Yes,1,Full chair replacement,2024-12-05,A-10472,Weld failure consistent with manufacturing defect,Weld / Joint Failure,Basic Metal Folding Chair,PRA-95988,issue reported by store manager
Approved,242875,OFF-LG-OTT-BLK,2024-11-15,242111,Fox Hollow Workspace Solutions,5,WAR-800357,Carla Mendes,Yes,3,Replacement part,,A-10681,Caster failure confirmed from photos,Caster / Wheel,Large Office Chair + Ottoman,242875,issue reported by store manager
Closed,244702,FOLD-CUSH,2024-11-11,247361,Cornerstone Home Store #3373,3,WAR-800248,Jordan Kim,Yes,3,Replacement part,2024-11-23,A-10576,Issue confirmed under normal use,Fastener / Hardware,Metal Folding Chair with Cushion,COR-56193,claim opened by account service
Closed,246329,FOLD-MET-STD,2024-11-06,,Cornerstone Home Store #0360,2,WAR-800519,Jordan Kim,Yes,2,Full chair replacement,2024-12-01,A-11059,Structural failure confirmed under normal use,Frame / Structural Failure,Basic Metal Folding Chair,COR-77360,photos reviewed by quality
Closed,241740,GAME-STD-OTT-RED,2024-11-03,242392,Mason Ridge Corporate Services,2,WAR-800328,Jordan Kim,Yes,1,Full chair replacement,2024-12-07,A-10703,Mechanism failure confirmed,Tilt / Recline Mechanism,Gaming Chair + Ottoman,PO-65001,account sent photos with claim
Closed,244980,OFF-STD-GRY,2024-11-01,,Juniper Training Center,1,WAR-800158,Priya Nair,Yes,2,Replacement part,2024-11-14,A-10973,Caster failure confirmed from photos,Caster / Wheel,Standard Office Chair,PO-70529,account sent photos with claim
Closed,231960,GAME-LG-BLU,2024-10-28,,NorthMart Store #0989,2,WAR-800153,Luis Romero,Yes,2,Denied,2024-11-14,A-10804,Normal wear; no manufacturing defect found,Gas Lift,Large Gaming Chair,NOR-84167,account sent photos with claim
Closed,244260,PART-FOLD-HINGE,2024-10-27,,Golden State Design Studio,3,WAR-800258,Owen Brooks,Yes,2,Denied,2024-11-04,A-10676,Outside warranty coverage,Damaged on Arrival,Folding Chair Hinge Set,PO-61952,issue reported by store manager
Closed,231354,OFF-STD-GRY,2024-10-27,248192,Parkside School Supply,4,WAR-800298,Marcus Chen,Yes,3,Replacement part,2024-11-30,A-10285,Issue confirmed under normal use,Premature Material Deterioration,Standard Office Chair,PO-46974,claim opened by account service
Denied,246801,PART-FOLD-FOOT,2024-10-27,,Redwood Procurement,1,WAR-800474,Owen Brooks,Yes,3,Denied,2024-11-30,A-11231,Outside warranty coverage,Premature Material Deterioration,Folding Chair Foot Cap Set,PO-62631,photos reviewed by quality
Closed,242441,GAME-LG-BLU,2024-10-27,241709,Riverstone Home Store #4245,5,WAR-800567,Priya Nair,Yes,4,Replacement part,2024-11-30,A-10077,Issue confirmed under normal use,Base / Leg / Armrest,Large Gaming Chair,RIV-36041,issue reported by store manager
Closed,247047,FOLD-MET-STD,2024-10-23,,GreenLine Living Store #4445,2,WAR-800587,Elena Ruiz,Yes,1,Replacement part,2024-10-30,A-10041,Structural failure confirmed under normal use,Frame / Structural Failure,Basic Metal Folding Chair,GRE-79602,account sent photos with claim
Closed,235283,FOLD-CUSH,2024-10-21,,Lakeside Operations,2,WAR-800431,Marcus Chen,Yes,2,Denied,2024-11-17,A-10937,Damage consistent with misuse / overload,Frame / Structural Failure,Metal Folding Chair with Cushion,PO-24138,issue reported by store manager
Closed,241756,YARD-STD-NVY,2024-10-19,,Summit Home Store #9444,10,WAR-800560,Jordan Kim,Yes,4,Replacement part,2024-11-20,A-10278,Missing/incorrect hardware confirmed,Missing / Incorrect Parts,Standard Yard Chair,SUM-61838,claim opened by account service
Closed,244441,GAME-LG-OTT-RED,2024-10-15,,Canyon Property Group,3,WAR-800115,Jordan Kim,Yes,1,Replacement part,2024-11-13,A-10097,Mechanism failure confirmed,Tilt / Recline Mechanism,Large Gaming Chair + Ottoman,PO-41878,issue reported by store manager
Closed,244986,YARD-HD-WHT,2024-10-10,,Summit Home Store #8380,2,WAR-800542,Luis Romero,Yes,2,Credit,2024-11-03,A-10132,Crack pattern consistent with material defect,Plastic Shell Crack,Heavy Duty Yard Chair,SUM-51955,photos reviewed by quality
Closed,246130,OFF-STD-GRY,2024-10-08,242495,Clearwater Hospitality Group,5,WAR-800209,Leah Winters,Yes,3,Replacement part,2024-10-19,A-10290,Caster failure confirmed from photos,Caster / Wheel,Standard Office Chair,PO-36583,issue reported by store manager
Closed,233564,YARD-STD-BLK,2024-10-07,,Silver Lake Purchasing Group,3,WAR-800243,Luis Romero,Yes,2,Replacement part,2024-10-21,A-10715,Missing/incorrect hardware confirmed,Missing / Incorrect Parts,Standard Yard Chair,233564,photos reviewed by quality
Closed,240680,OFF-STD-OTT-GRY,2024-09-27,,Elmwood Church Supply,2,WAR-800229,Owen Brooks,Yes,2,Denied,2024-10-16,A-10169,Outside warranty coverage,Cushion / Foam Failure,Standard Office Chair + Ottoman,PO-38179,claim opened by account service
Closed,241847,GAME-LG-OTT-BLU,2024-09-23,245055,Heritage Procurement,3,WAR-800326,Samuel Ortiz,Yes,1,Replacement part,2024-10-17,A-10943,Issue confirmed under normal use,Ottoman Issue,Large Gaming Chair + Ottoman,PO-95835,account sent photos with claim
Closed,230630,OFF-STD-BLK,2024-09-22,,Willow Creek Procurement,2,WAR-800048,Priya Nair,Yes,3,Denied,2024-10-01,A-10182,Outside warranty coverage,Damaged on Arrival,Standard Office Chair,PO-82468,claim opened by account service
Closed,240800,OFF-LG-BLK,2024-09-21,241821,Twin Rivers Workplace Group,2,WAR-800364,Marcus Chen,Yes,1,Full chair replacement,2024-10-13,A-10628,Structural failure confirmed under normal use,Frame / Structural Failure,Large Office Chair,PO-26106,issue reported by store manager
Closed,239502,YARD-STD-WHT,2024-09-16,,Riverstone Home Store #1826,3,WAR-800129,Luis Romero,Yes,3,Denied,2024-10-20,A-10606,Issue could not be verified from supplied evidence,Plastic Shell Crack,Standard Yard Chair,RIV-37632,claim opened by account service
Closed,237958,GAME-LG-BLU,2024-09-14,,Aspen Event Services,5,WAR-800232,Carla Mendes,Yes,1,Denied,2024-10-04,A-10562,Normal wear; no manufacturing defect found,Tilt / Recline Mechanism,Large Gaming Chair,PO-89413,photos reviewed by quality
Closed,247642,FOLD-CUSH,2024-09-11,,Granite Training Center,3,WAR-800507,Carla Mendes,Yes,1,Full chair replacement,2024-10-11,A-10811,Missing/incorrect hardware confirmed,Missing / Incorrect Parts,Metal Folding Chair with Cushion,PO-18444,issue reported by store manager
Closed,232128,GAME-LG-OTT-RED,2024-09-08,,Harborview Workspace Solutions,1,WAR-800159,Leah Winters,Yes,2,Denied,2024-10-08,A-10661,Normal wear; no manufacturing defect found,Cushion / Foam Failure,Large Gaming Chair + Ottoman,PO-72015,account sent photos with claim
Closed,247668,GAME-LG-BLU,2024-09-07,,Oak & Pine Venue Services,6,WAR-800103,Marcus Chen,Yes,1,Replacement part,2024-09-19,A-10057,Gas lift failure consistent with component defect,Gas Lift,Large Gaming Chair,247668,claim opened by account service
Closed,244347,OFF-STD-BLK,2024-08-30,,Highland Operations,3,WAR-800240,Carla Mendes,Yes,2,Denied,2024-09-08,A-10198,Issue could not be verified from supplied evidence,Upholstery / Seam Failure,Standard Office Chair,PO-56640,account sent photos with claim
Closed,234515,GAME-STD-RED,2024-08-28,248791,Bluewater Community Center,7,WAR-800088,Carla Mendes,Yes,2,Replacement part,2024-10-02,A-10783,Mechanism failure confirmed,Tilt / Recline Mechanism,Gaming Chair,PO-90678,claim opened by account service
Closed,236556,PART-YARD-FOOT,2024-08-27,245746,Fairview Conference Services,2,WAR-800071,Elena Ruiz,Yes,3,Replacement part,2024-09-04,A-10625,Missing/incorrect hardware confirmed,Missing / Incorrect Parts,Yard Chair Foot Cap Set,236556,issue reported by store manager
Closed,236813,FOLD-XL-CUSH,2024-08-25,,Clearwater Meeting Solutions,2,WAR-800476,Owen Brooks,Yes,1,Replacement part,2024-09-08,A-11070,Missing/incorrect hardware confirmed,Missing / Incorrect Parts,Extra Large Cushioned Folding Chair,236813,account sent photos with claim
Closed,237683,PART-OFF-GAS,2024-08-25,246478,Heritage Campus Services,5,WAR-800566,Owen Brooks,Yes,4,Replacement part,2024-09-14,A-11241,Missing/incorrect hardware confirmed,Missing / Incorrect Parts,Office Chair Gas Lift,237683,photos reviewed by quality
Closed,248377,GAME-STD-OTT-RED,2024-08-24,249632,Crescent Community Center,1,WAR-800041,Carla Mendes,Yes,2,Replacement part,2024-09-18,A-10414,Mechanism failure confirmed,Tilt / Recline Mechanism,Gaming Chair + Ottoman,PO-99910,photos reviewed by quality
Closed,246368,FOLD-MET-STD,2024-08-24,246289,Cornerstone Home Store #2596,1,WAR-800261,Marcus Chen,Yes,1,Replacement part,2024-09-13,A-11186,Issue confirmed under normal use,Other,Basic Metal Folding Chair,COR-97546,issue reported by store manager
Closed,239463,OFF-STD-OTT-BLK,2024-08-24,,Canyon Facilities,5,WAR-800465,Priya Nair,Yes,2,Replacement part,2024-09-13,A-10947,Gas lift failure consistent with component defect,Gas Lift,Standard Office Chair + Ottoman,PO-90089,issue reported by store manager
Closed,249499,GAME-STD-BLU,2024-08-21,244495,Lena Long,3,WAR-800499,Devon Hale,Yes,1,Replacement part,2024-09-07,A-11161,Gas lift failure consistent with component defect,Gas Lift,Gaming Chair,249499,photos reviewed by quality
Closed,244163,GAME-LG-OTT-RED,2024-08-18,,GreenLine Living Store #4090,2,WAR-800402,Marcus Chen,Yes,1,Replacement part,2024-08-31,A-10183,Shipping damage confirmed from photos,Damaged on Arrival,Large Gaming Chair + Ottoman,BLANKET-5169,account sent photos with claim
Closed,249054,OFF-LG-OTT-BLK,2024-08-16,246568,Lena Miller,1,WAR-800522,Devon Hale,Yes,1,Full chair replacement,2024-09-15,A-11077,Issue confirmed under normal use,Cushion / Foam Failure,Large Office Chair + Ottoman,249054,claim opened by account service
Closed,243139,GAME-LG-BLU,2024-08-11,,Copper Hill Operations,2,WAR-800277,Luis Romero,Yes,1,Denied,2024-08-24,A-10838,Outside warranty coverage,Caster / Wheel,Large Gaming Chair,PO-41100,account sent photos with claim
Closed,246368,GAME-STD-OTT-BLU,2024-08-11,,Cornerstone Home Store #2596,2,WAR-800528,Marcus Chen,Yes,3,Full chair replacement,2024-09-02,A-11186,Issue confirmed under normal use,Cushion / Foam Failure,Gaming Chair + Ottoman,COR-97546,claim opened by account service
Closed,241707,GAME-LG-OTT-RED,2024-08-10,,Juniper Education Services,4,WAR-800007,Marcus Chen,Yes,4,Full chair replacement,2024-09-03,A-10928,Issue confirmed under normal use,Fastener / Hardware,Large Gaming Chair + Ottoman,241707,account sent photos with claim
Closed,249898,FOLD-CUSH,2024-08-09,,Golden State Facility Services,3,WAR-800472,Priya Nair,Yes,1,Denied,2024-08-16,A-10283,Damage consistent with misuse / overload,Weld / Joint Failure,Metal Folding Chair with Cushion,PO-55664,claim opened by account service
Closed,241661,FOLD-XL-CUSH,2024-08-06,,Ironwood Operations,3,WAR-800216,Luis Romero,Yes,1,Denied,2024-08-13,A-10207,Outside warranty coverage,Missing / Incorrect Parts,Extra Large Cushioned Folding Chair,PO-41418,claim opened by account service
Closed,235556,FOLD-CUSH,2024-08-05,246276,Fairview Office Supply,1,WAR-800266,Priya Nair,Yes,1,Full chair replacement,2024-08-30,A-11139,Shipping damage confirmed from photos,Damaged on Arrival,Metal Folding Chair with Cushion,PO-17958,issue reported by store manager
Closed,238798,OFF-LG-OTT-GRY,2024-07-30,,Pioneer Community Center,1,WAR-800301,Priya Nair,Yes,5,Denied,2024-08-24,A-10119,Normal wear; no manufacturing defect found,Ottoman Issue,Large Office Chair + Ottoman,PO-94397,claim opened by account service
Closed,231047,GAME-STD-OTT-BLU,2024-07-30,,Parkside Campus Services,3,WAR-800491,Priya Nair,Yes,1,Full chair replacement,2024-08-06,A-10017,Issue confirmed under normal use,Base / Leg / Armrest,Gaming Chair + Ottoman,231047,account sent photos with claim
Closed,249393,YARD-HD-GRN,2024-07-27,,Prairie Home Market Store #4411,2,WAR-800576,Leah Winters,Yes,3,Full chair replacement,2024-08-28,A-11060,Shipping damage confirmed from photos,Damaged on Arrival,Heavy Duty Yard Chair,PRA-51915,photos reviewed by quality
Closed,236250,YARD-HD-NVY,2024-07-18,,MetroHouse Store #0658,1,WAR-800189,Marcus Chen,Yes,1,Denied,2024-08-08,A-11209,Outside warranty coverage,Missing / Incorrect Parts,Heavy Duty Yard Chair,MET-98198,photos reviewed by quality
Approved,243398,FOLD-MET-STD,2024-07-13,241979,Bluewater Operations,2,WAR-800080,Jordan Kim,No,3,Replacement part,,A-10501,Issue confirmed under normal use,Other,Basic Metal Folding Chair,PO-18572,claim opened by account service
Closed,248273,PART-FOLD-FOOT,2024-07-13,,Elmwood Commercial Interiors,3,WAR-800208,Luis Romero,Yes,1,Credit,2024-08-01,A-10780,Issue confirmed under normal use,Premature Material Deterioration,Folding Chair Foot Cap Set,248273,account sent photos with claim
Closed,241737,YARD-STD-BLK,2024-07-06,,Riverstone Home Store #1473,2,WAR-800237,Samuel Ortiz,No,2,Denied,2024-08-03,A-10164,Outside warranty coverage,Plastic Shell Crack,Standard Yard Chair,RIV-53151,waiting on account photos
Closed,234104,FOLD-CUSH,2024-07-02,,Evergreen Business Furnishings,3,WAR-800176,Priya Nair,Yes,3,Credit,2024-07-20,A-11025,Issue confirmed under normal use,Premature Material Deterioration,Metal Folding Chair with Cushion,PO-18642,photos reviewed by quality
Approved,237115,OFF-STD-OTT-BLK,2024-06-30,,Crescent Event Group,9,WAR-800204,Marcus Chen,Yes,4,Replacement part,,A-11074,Caster failure confirmed from photos,Caster / Wheel,Standard Office Chair + Ottoman,PO-58795,photos reviewed by quality
Approved,231005,YARD-STD-BLK,2024-06-22,249033,WestBridge Home Store #3165,2,WAR-800125,Owen Brooks,Yes,1,Replacement part,,A-10806,Issue confirmed under normal use,Premature Material Deterioration,Standard Yard Chair,WES-61431,claim opened by account service
Closed,233294,YARD-STD-NVY,2024-06-21,,Atlas Home Goods Store #4813,1,WAR-800006,Leah Winters,No,1,Denied,2024-07-15,A-10296,Normal wear; no manufacturing defect found,Missing / Incorrect Parts,Standard Yard Chair,ATL-78922,issue reported by store manager
Closed,235109,YARD-STD-NVY,2024-06-19,,NorthMart Store #0989,6,WAR-800218,Luis Romero,No,1,Denied,2024-07-12,A-10804,Issue could not be verified from supplied evidence,Plastic Shell Crack,Standard Yard Chair,NOR-24858,issue reported by store manager
Closed,235556,PART-YARD-HDW,2024-06-18,,Fairview Office Supply,1,WAR-800350,Priya Nair,Yes,2,Denied,2024-07-23,A-11139,Normal wear; no manufacturing defect found,Damaged on Arrival,Yard Chair Hardware Kit,PO-17958,account sent photos with claim
Closed,234156,FOLD-MET-STD,2024-06-06,,BluePeak Home Store #7612,1,WAR-800028,Leah Winters,Yes,3,Credit,2024-07-08,A-10081,Issue confirmed under normal use,Premature Material Deterioration,Basic Metal Folding Chair,BLU-81273,claim opened by account service
Approved,233436,GAME-LG-OTT-BLU,2024-06-04,240161,Nina Reed,1,WAR-800492,Devon Hale,Yes,1,Full chair replacement,,A-11033,Structural failure confirmed under normal use,Frame / Structural Failure,Large Gaming Chair + Ottoman,233436,photos reviewed by quality
Closed,235062,YARD-STD-BLK,2024-06-03,248762,Pacific Home Store #7194,2,WAR-800131,Carla Mendes,Yes,1,Full chair replacement,2024-06-15,A-10021,Crack pattern consistent with material defect,Plastic Shell Crack,Standard Yard Chair,PAC-18668,issue reported by store manager
Closed,246814,OFF-LG-GRY,2024-06-01,,Atlas Home Goods Store #5809,9,WAR-800144,Carla Mendes,Yes,3,Replacement part,2024-06-12,A-10843,Issue confirmed under normal use,Other,Large Office Chair,ATL-57862,issue reported by store manager
Closed,233499,OFF-TASK-OLD,2024-05-30,242408,Evergreen Business Furnishings,2,WAR-800109,Marcus Chen,Yes,1,Full chair replacement,2024-06-20,A-11025,Issue confirmed under normal use,Premature Material Deterioration,Standard Office Chair,233499,issue reported by store manager
Closed,237613,YARD-STD-WHT,2024-05-30,244309,Bluewater Training Center,3,WAR-800561,Elena Ruiz,Yes,1,Replacement part,2024-06-21,A-10822,Issue confirmed under normal use,Premature Material Deterioration,Standard Yard Chair,PO-90991,claim opened by account service
Closed,237078,YARD-STD-WHT,2024-05-28,,Heritage Procurement,5,WAR-800305,Carla Mendes,Yes,2,Denied,2024-06-25,A-10943,Issue could not be verified from supplied evidence,Missing / Incorrect Parts,Standard Yard Chair,PO-83511,account sent photos with claim
Closed,234437,GAME-STD-OTT-RED,2024-05-25,,Oak & Pine Hospitality Group,2,WAR-800447,Elena Ruiz,Yes,5,Denied,2024-06-25,A-11200,Outside warranty coverage,Tilt / Recline Mechanism,Gaming Chair + Ottoman,234437,issue reported by store manager
Closed,233237,GAME-STD-RED,2024-05-22,245102,Golden State Procurement,4,WAR-800314,Carla Mendes,Yes,1,Replacement part,2024-06-18,A-10634,Mechanism failure confirmed,Tilt / Recline Mechanism,Gaming Chair,233237,photos reviewed by quality
Closed,239315,GAME-STD-RED,2024-05-19,,Pioneer Community Center,4,WAR-800593,Priya Nair,Yes,3,Replacement part,2024-06-07,A-10119,Caster failure confirmed from photos,Caster / Wheel,Gaming Chair,PO-40330,photos reviewed by quality
Closed,230969,GAME-STD-OTT-RED,2024-05-11,246940,Northline Campus Services,4,WAR-800067,Carla Mendes,Yes,1,Replacement part,2024-06-01,A-10742,Gas lift failure consistent with component defect,Gas Lift,Gaming Chair + Ottoman,230969,claim opened by account service
Closed,230291,OFF-LG-BLK,2024-05-09,241859,Golden State Conference Services,5,WAR-800233,Owen Brooks,Yes,1,Full chair replacement,2024-05-19,A-10246,Issue confirmed under normal use,Cushion / Foam Failure,Large Office Chair,PO-96122,photos reviewed by quality
Closed,235217,GAME-STD-BLU,2024-05-05,249227,Westlake Community Center,2,WAR-800251,Samuel Ortiz,Yes,3,Full chair replacement,2024-06-08,A-10158,Gas lift failure consistent with component defect,Gas Lift,Gaming Chair,235217,account sent photos with claim
Closed,232310,OFF-LG-OTT-GRY,2024-05-02,241440,Brookfield Operations,4,WAR-800540,Priya Nair,Yes,1,Full chair replacement,2024-05-23,A-11205,Structural failure confirmed under normal use,Frame / Structural Failure,Large Office Chair + Ottoman,PO-40111,photos reviewed by quality
Closed,233785,FOLD-MET-STD,2024-05-02,,Cedar & Main Store #7208,2,WAR-800568,Nora Patel,Yes,1,Full chair replacement,2024-05-28,A-10153,Structural failure confirmed under normal use,Frame / Structural Failure,Basic Metal Folding Chair,CED-67275,photos reviewed by quality
Closed,233449,FOLD-XL-CUSH,2024-04-30,,Copper Hill Education Services,2,WAR-800177,Carla Mendes,Yes,3,Credit,2024-05-26,A-11232,Shipping damage confirmed from photos,Damaged on Arrival,Extra Large Cushioned Folding Chair,PO-88439,account sent photos with claim
Closed,234515,FOLD-CUSH,2024-04-30,243240,Bluewater Community Center,4,WAR-800246,Carla Mendes,Yes,4,Full chair replacement,2024-05-28,A-10783,Weld failure consistent with manufacturing defect,Weld / Joint Failure,Metal Folding Chair with Cushion,PO-90678,claim opened by account service
Closed,233520,YARD-HD-WHT,2024-04-21,,Clearwater Commercial Interiors,2,WAR-800424,Priya Nair,Yes,2,Denied,2024-05-17,A-10767,Damage consistent with misuse / overload,Other,Heavy Duty Yard Chair,BLANKET-9612,claim opened by account service
Closed,239087,GAME-STD-RED,2024-04-20,247557,Prairie Home Market Store #5730,7,WAR-800213,Priya Nair,Yes,4,Replacement part,2024-05-02,A-11088,Issue confirmed under normal use,Premature Material Deterioration,Gaming Chair,PRA-71038,issue reported by store manager
Closed,237413,GAME-LG-RED,2024-04-16,249485,Jonah Foster,1,WAR-800065,Devon Hale,Yes,1,Full chair replacement,2024-05-09,A-10487,Shipping damage confirmed from photos,Damaged on Arrival,Large Gaming Chair,237413,issue reported by store manager
Closed,234215,FOLD-MET-STD,2024-04-12,,Riverview Office Supply,2,WAR-800149,Samuel Ortiz,Yes,4,Denied,2024-05-17,A-10630,Damage consistent with misuse / overload,Fastener / Hardware,Basic Metal Folding Chair,PO-41224,photos reviewed by quality
Closed,234210,YARD-STD-WHT,2024-04-12,,Canyon Business Furnishings,2,WAR-800574,Luis Romero,Yes,2,Credit,2024-05-12,A-11050,Crack pattern consistent with material defect,Plastic Shell Crack,Standard Yard Chair,PO-23214,issue reported by store manager
Closed,233436,GAME-LG-OTT-BLU,2024-04-12,,Nina Reed,1,WAR-800583,Devon Hale,Yes,1,Credit,2024-04-23,A-11033,Issue confirmed under normal use,Premature Material Deterioration,Large Gaming Chair + Ottoman,233436,account sent photos with claim
Closed,230768,FOLD-XL-CUSH,2024-04-06,,BluePeak Home Store #4758,3,WAR-800254,Owen Brooks,Yes,2,Denied,2024-05-03,A-10044,Outside warranty coverage,Premature Material Deterioration,Extra Large Cushioned Folding Chair,BLU-61259,issue reported by store manager
Closed,230526,YARD-HD-NVY,2024-04-04,246582,Summit Home Store #2391,3,WAR-800415,Luis Romero,Yes,1,Full chair replacement,2024-04-22,A-10766,Shipping damage confirmed from photos,Damaged on Arrival,Heavy Duty Yard Chair,SUM-17376,photos reviewed by quality
Denied,234008,FOLD-MET-STD,2024-04-02,,Pacific Home Store #4886,3,WAR-800391,Marcus Chen,Yes,1,Denied,2024-04-20,A-10365,Issue could not be verified from supplied evidence,Damaged on Arrival,Basic Metal Folding Chair,PAC-70562,claim opened by account service
Closed,246084,FOLD-MET-STD,2024-03-30,,Urban Nest Store #5202,2,WAR-800580,Marcus Chen,Yes,2,Denied,2024-04-11,A-11116,Outside warranty coverage,Weld / Joint Failure,Basic Metal Folding Chair,URB-44189,photos reviewed by quality
Approved,230969,GAME-LG-OTT-BLU,2024-03-27,245392,Northline Campus Services,7,WAR-800585,Carla Mendes,No,3,Full chair replacement,,A-10742,Issue confirmed under normal use,Cushion / Foam Failure,Large Gaming Chair + Ottoman,230969,waiting on account photos
Closed,230969,GAME-STD-OTT-RED,2024-03-23,,Northline Campus Services,2,WAR-800157,Carla Mendes,Yes,1,Denied,2024-04-09,A-10742,Normal wear; no manufacturing defect found,Tilt / Recline Mechanism,Gaming Chair + Ottoman,230969,photos reviewed by quality
Closed,230581,OFF-STD-OTT-GRY,2024-03-19,248380,BluePeak Home Store #9183,5,WAR-800050,Elena Ruiz,Yes,1,Replacement part,2024-03-26,A-10454,Gas lift failure consistent with component defect,Gas Lift,Standard Office Chair + Ottoman,BLU-12928,issue reported by store manager
Closed,231960,OFF-LG-OTT-BLK,2024-03-14,241952,NorthMart Store #0989,3,WAR-800228,Luis Romero,No,1,Replacement part,2024-04-16,A-10804,Gas lift failure consistent with component defect,Gas Lift,Large Office Chair + Ottoman,NOR-84167,waiting on account photos
Closed,231013,YARD-HD-GRN,2024-03-06,240322,Hearthside Market Store #3346,2,WAR-800348,Priya Nair,Yes,1,Full chair replacement,2024-04-09,A-10427,Shipping damage confirmed from photos,Damaged on Arrival,Heavy Duty Yard Chair,BLANKET-6257,issue reported by store manager
Closed,239453,OFF-STD-BLK,2024-03-05,245421,NorthMart Store #9907,3,WAR-800098,Carla Mendes,Yes,1,Full chair replacement,2024-03-20,A-10168,Gas lift failure consistent with component defect,Gas Lift,Standard Office Chair,NOR-17305,issue reported by store manager
Closed,231530,GAME-STD-OTT-BLU,2024-03-04,,Ironwood Event Group,5,WAR-800203,Marcus Chen,Yes,2,Replacement part,2024-03-22,A-10455,Caster failure confirmed from photos,Caster / Wheel,Gaming Chair + Ottoman,PO-12920,claim opened by account service
Closed,236835,YARD-HD-NVY,2024-02-26,244941,Copper Hill Property Group,1,WAR-800174,Carla Mendes,Yes,2,Full chair replacement,2024-03-29,A-11202,Crack pattern consistent with material defect,Plastic Shell Crack,Heavy Duty Yard Chair,236835,photos reviewed by quality
Closed,233595,OFF-STD-BLK,2024-02-25,249374,Copper Hill Office Supply,2,WAR-800268,Owen Brooks,No,1,Full chair replacement,2024-03-15,A-10449,Structural failure confirmed under normal use,Frame / Structural Failure,Standard Office Chair,PO-73248,issue reported by store manager
Approved,235733,OFF-LG-BLK,2024-02-24,240200,HomeHarbor Store #5638,6,WAR-800010,Priya Nair,Yes,1,Replacement part,,A-10940,Issue confirmed under normal use,Base / Leg / Armrest,Large Office Chair,HOM-53288,claim opened by account service
Closed,234930,OFF-STD-GRY,2024-02-24,,Chloe Santos,1,WAR-800075,Devon Hale,No,1,Credit,2024-03-10,A-10853,Issue confirmed under normal use,Premature Material Deterioration,Standard Office Chair,234930,waiting on account photos
Closed,236293,OFF-STD-OTT-BLK,2024-02-18,,Riverview School Supply,3,WAR-800504,Owen Brooks,Yes,1,Replacement part,2024-02-28,A-10938,Gas lift failure consistent with component defect,Gas Lift,Standard Office Chair + Ottoman,PO-80559,photos reviewed by quality
Closed,226246,OFF-LG-OTT-BLK,2024-02-05,,Copper Hill Event Services,10,WAR-800584,Nora Patel,Yes,2,Denied,2024-02-18,A-10426,Damage consistent with misuse / overload,Ottoman Issue,Large Office Chair + Ottoman,PO-79406,account sent photos with claim
Approved,230832,FOLD-CUSH,2024-02-02,,Redwood Procurement,2,WAR-800389,Owen Brooks,Yes,2,Replacement part,,A-11231,Issue confirmed under normal use,Premature Material Deterioration,Metal Folding Chair with Cushion,PO-15637,claim opened by account service
Closed,230377,FOLD-MET-STD,2024-01-31,,Clearwater Commercial Interiors,1,WAR-800244,Priya Nair,Yes,2,Denied,2024-03-03,A-10767,Damage consistent with misuse / overload,Damaged on Arrival,Basic Metal Folding Chair,PO-73518,photos reviewed by quality
Closed,235479,PART-FOLD-HINGE,2024-01-29,246831,Redwood Event Services,2,WAR-800577,Marcus Chen,Yes,2,Replacement part,2024-02-27,A-11115,Missing/incorrect hardware confirmed,Missing / Incorrect Parts,Folding Chair Hinge Set,PO-94336,account sent photos with claim
Closed,239350,YARD-STD-NVY,2024-01-26,,Pioneer Community Center,2,WAR-800294,Priya Nair,Yes,1,Full chair replacement,2024-02-14,A-10119,Crack pattern consistent with material defect,Plastic Shell Crack,Standard Yard Chair,PO-52944,photos reviewed by quality
Closed,235298,OFF-LG-GRY,2024-01-25,242690,Aspen Workplace Group,1,WAR-800335,Elena Ruiz,Yes,1,Replacement part,2024-02-22,A-11174,Mechanism failure confirmed,Tilt / Recline Mechanism,Large Office Chair,PO-69134,claim opened by account service
Closed,238308,FOLD-MET-STD,2024-01-23,,Juniper Meeting Solutions,3,WAR-800440,Priya Nair,Yes,2,Credit,2024-02-02,A-10499,Weld failure consistent with manufacturing defect,Weld / Joint Failure,Basic Metal Folding Chair,PO-75696,claim opened by account service
Closed,232739,OFF-STD-BLK,2024-01-21,,Caleb Davis,1,WAR-800288,Devon Hale,Yes,1,Denied,2024-02-02,A-11112,Outside warranty coverage,Cushion / Foam Failure,Standard Office Chair,232739,photos reviewed by quality
Closed,236349,OFF-LG-OTT-GRY,2024-01-20,247272,Hillcrest Office Supply,3,WAR-800407,Owen Brooks,Yes,1,Replacement part,2024-02-05,A-10022,Caster failure confirmed from photos,Caster / Wheel,Large Office Chair + Ottoman,PO-54968,issue reported by store manager
Closed,236801,FOLD-XL-CUSH,2024-01-16,241677,Riverstone Home Store #8237,2,WAR-800531,Carla Mendes,Yes,3,Replacement part,2024-01-23,A-11044,Issue confirmed under normal use,Cushion / Foam Failure,Extra Large Cushioned Folding Chair,RIV-11786,account sent photos with claim
Closed,232042,YARD-STD-WHT,2024-01-14,247563,BluePeak Home Store #5207,5,WAR-800245,Priya Nair,Yes,1,Full chair replacement,2024-01-23,A-10669,Missing/incorrect hardware confirmed,Missing / Incorrect Parts,Standard Yard Chair,BLU-76668,account sent photos with claim
Closed,238537,YARD-STD-NVY,2024-01-11,,Atlas Home Goods Store #4813,1,WAR-800271,Priya Nair,Yes,2,Replacement part,2024-02-09,A-10296,Issue confirmed under normal use,Premature Material Deterioration,Standard Yard Chair,ATL-78385,account sent photos with claim
Closed,237113,FOLD-XL-CUSH,2024-01-11,,Golden State Facility Services,7,WAR-800289,Priya Nair,Yes,1,Full chair replacement,2024-02-02,A-10283,Weld failure consistent with manufacturing defect,Weld / Joint Failure,Extra Large Cushioned Folding Chair,PO-78632,claim opened by account service
Closed,235342,OFF-STD-OTT-BLK,2024-01-08,246738,Riverstone Home Store #8738,5,WAR-800432,Priya Nair,Yes,3,Replacement part,2024-02-05,A-10797,Mechanism failure confirmed,Tilt / Recline Mechanism,Standard Office Chair + Ottoman,RIV-23140,claim opened by account service
Closed,237561,GAME-LG-OTT-RED,2023-12-25,233235,Summit Ridge Office Interiors,4,WAR-800225,Luis Romero,Yes,4,Replacement part,2024-01-02,A-10085,Issue confirmed under normal use,Base / Leg / Armrest,Large Gaming Chair + Ottoman,237561,photos reviewed by quality
Closed,232831,GAME-STD-OTT-RED,2023-12-24,,Urban Nest Store #0369,2,WAR-800408,Elena Ruiz,Yes,1,Denied,2024-01-11,A-11106,Outside warranty coverage,Missing / Incorrect Parts,Gaming Chair + Ottoman,URB-34430,photos reviewed by quality
Closed,239701,OFF-STD-GRY,2023-12-20,,PrimeHouse Store #1172,1,WAR-800081,Marcus Chen,Yes,1,Denied,2024-01-07,A-10451,Issue could not be verified from supplied evidence,Upholstery / Seam Failure,Standard Office Chair,PRI-34096,issue reported by store manager
Closed,234203,GAME-STD-OTT-RED,2023-12-19,,Evergreen Business Furnishings,4,WAR-800514,Marcus Chen,No,1,Replacement part,2024-01-01,A-11025,Gas lift failure consistent with component defect,Gas Lift,Gaming Chair + Ottoman,PO-68294,waiting on account photos
Closed,232223,PART-YARD-HDW,2023-12-18,,Urban Nest Store #0818,2,WAR-800509,Priya Nair,Yes,1,Credit,2024-01-07,A-10230,Shipping damage confirmed from photos,Damaged on Arrival,Yard Chair Hardware Kit,URB-99982,photos reviewed by quality
Closed,233237,GAME-STD-RED,2023-12-16,,Golden State Procurement,2,WAR-800395,Carla Mendes,Yes,1,Denied,2024-01-08,A-10634,Issue could not be verified from supplied evidence,Missing / Incorrect Parts,Gaming Chair,233237,photos reviewed by quality
Closed,230453,OFF-STD-OTT-GRY,2023-12-11,,Copper Hill Meeting Solutions,3,WAR-800455,Carla Mendes,Yes,2,Denied,2024-01-03,A-10046,Normal wear; no manufacturing defect found,Tilt / Recline Mechanism,Standard Office Chair + Ottoman,PO-99944,claim opened by account service
Closed,235629,PART-FOLD-CUSH,2023-12-07,,Parkside Community Center,1,WAR-800515,Luis Romero,Yes,3,Credit,2023-12-29,A-10079,Issue confirmed under normal use,Premature Material Deterioration,Folding Chair Cushion Pad,PO-77474,claim opened by account service
Closed,234741,OFF-TASK-OLD,2023-12-04,,Summit Ridge Community Center,3,WAR-800586,Carla Mendes,Yes,2,Denied,2023-12-21,A-11057,Issue could not be verified from supplied evidence,Caster / Wheel,Standard Office Chair,PO-39114,issue reported by store manager
Closed,225965,GAME-STD-OTT-BLU,2023-12-03,237621,Willow Creek Commercial Interiors,3,WAR-800411,Elena Ruiz,Yes,3,Replacement part,2023-12-25,A-10176,Caster failure confirmed from photos,Caster / Wheel,Gaming Chair + Ottoman,225965,claim opened by account service
Closed,231695,GAME-LG-BLU,2023-11-21,,NorthMart Store #5381,3,WAR-800373,Elena Ruiz,Yes,4,Denied,2023-12-18,A-10262,Outside warranty coverage,Upholstery / Seam Failure,Large Gaming Chair,NOR-74093,account sent photos with claim
Closed,238316,FOLD-XL-CUSH,2023-11-01,,Hillcrest Office Interiors,6,WAR-800156,Marcus Chen,Yes,2,Denied,2023-11-08,A-10726,Issue could not be verified from supplied evidence,Frame / Structural Failure,Extra Large Cushioned Folding Chair,PO-79102,photos reviewed by quality
Approved,220127,PART-FOLD-CUSH,2023-11-01,,Northline Church Supply,5,WAR-800227,Marcus Chen,Yes,2,Replacement part,,A-10149,Shipping damage confirmed from photos,Damaged on Arrival,Folding Chair Cushion Pad,220127,claim opened by account service
Closed,237467,YARD-STD-BLK,2023-11-01,,Cedar & Main Store #0035,8,WAR-800525,Owen Brooks,No,2,Replacement part,2023-11-13,A-10270,Missing/incorrect hardware confirmed,Missing / Incorrect Parts,Standard Yard Chair,CED-88506,claim opened by account service
Closed,234609,GAME-STD-OTT-RED,2023-10-31,,Evergreen Procurement,2,WAR-800047,Priya Nair,Yes,3,Denied,2023-11-26,A-10381,Outside warranty coverage,Caster / Wheel,Gaming Chair + Ottoman,PO-46759,account sent photos with claim
Closed,230101,FOLD-CUSH,2023-10-30,239543,MetroHouse Store #8747,2,WAR-800138,Marcus Chen,Yes,2,Full chair replacement,2023-11-08,A-10604,Issue confirmed under normal use,Cushion / Foam Failure,Metal Folding Chair with Cushion,MET-25419,claim opened by account service
Closed,238875,YARD-STD-WHT,2023-10-27,233167,BluePeak Home Store #7612,4,WAR-800120,Marcus Chen,Yes,1,Full chair replacement,2023-11-13,A-10081,Crack pattern consistent with material defect,Plastic Shell Crack,Standard Yard Chair,BLU-70790,photos reviewed by quality
Closed,237373,YARD-STD-GRN,2023-10-23,234783,Cornerstone Home Store #7901,2,WAR-800072,Priya Nair,Yes,2,Full chair replacement,2023-11-02,A-10900,Shipping damage confirmed from photos,Damaged on Arrival,Standard Yard Chair,COR-44769,claim opened by account service
Closed,224730,PART-OFF-CAST,2023-10-14,,Cedar & Main Store #7208,2,WAR-800127,Elena Ruiz,Yes,2,Credit,2023-11-18,A-10153,Issue confirmed under normal use,Premature Material Deterioration,Office Chair Caster Set,CED-54414,issue reported by store manager
Closed,233190,OFF-STD-OTT-BLK,2023-10-12,235313,Urban Nest Store #5202,2,WAR-800172,Marcus Chen,Yes,3,Replacement part,2023-11-14,A-11116,Shipping damage confirmed from photos,Damaged on Arrival,Standard Office Chair + Ottoman,URB-17559,account sent photos with claim
Denied,239617,FOLD-MET-STD,2023-09-23,,Cornerstone Home Store #7901,7,WAR-800594,Priya Nair,Yes,2,Denied,2023-10-16,A-10900,Normal wear; no manufacturing defect found,Fastener / Hardware,Basic Metal Folding Chair,COR-24479,photos reviewed by quality
Closed,225593,YARD-STD-BLK,2023-09-22,231431,Hillcrest Office Interiors,2,WAR-800324,Nora Patel,Yes,1,Replacement part,2023-10-11,A-10726,Structural failure confirmed under normal use,Frame / Structural Failure,Standard Yard Chair,225593,claim opened by account service
Closed,234882,YARD-HD-WHT,2023-09-19,237421,Bluewater Community Center,2,WAR-800012,Luis Romero,Yes,2,Full chair replacement,2023-10-11,A-10783,Crack pattern consistent with material defect,Plastic Shell Crack,Heavy Duty Yard Chair,PO-96834,issue reported by store manager
Closed,232573,YARD-STD-BLK,2023-09-12,,Atlas Home Goods Store #5809,11,WAR-800199,Luis Romero,Yes,2,Full chair replacement,2023-10-07,A-10843,Structural failure confirmed under normal use,Frame / Structural Failure,Standard Yard Chair,ATL-11926,account sent photos with claim
Closed,236887,YARD-STD-WHT,2023-09-05,,Summit Home Store #3436,2,WAR-800087,Elena Ruiz,Yes,1,Denied,2023-09-16,A-10799,Issue could not be verified from supplied evidence,Fastener / Hardware,Standard Yard Chair,SUM-33652,claim opened by account service
Closed,238659,YARD-STD-GRN,2023-09-05,,BluePeak Home Store #4157,5,WAR-800280,Leah Winters,Yes,4,Denied,2023-09-19,A-10776,Normal wear; no manufacturing defect found,Plastic Shell Crack,Standard Yard Chair,BLU-36699,photos reviewed by quality
Closed,227413,OFF-STD-OTT-BLK,2023-09-04,,Granite Property Group,3,WAR-800533,Marcus Chen,Yes,2,Replacement part,2023-09-12,A-10273,Mechanism failure confirmed,Tilt / Recline Mechanism,Standard Office Chair + Ottoman,227413,issue reported by store manager
Closed,231166,YARD-STD-NVY,2023-09-02,,NorthMart Store #0046,1,WAR-800197,Elena Ruiz,Yes,3,Replacement part,2023-09-26,A-10774,Missing/incorrect hardware confirmed,Missing / Incorrect Parts,Standard Yard Chair,NOR-56387,issue reported by store manager
Closed,230662,OFF-STD-OTT-GRY,2023-09-02,231029,BluePeak Home Store #1115,1,WAR-800371,Elena Ruiz,Yes,1,Replacement part,2023-10-02,A-10387,Issue confirmed under normal use,Premature Material Deterioration,Standard Office Chair + Ottoman,BLU-84450,account sent photos with claim
Closed,222260,PART-OFF-GAS,2023-09-02,,Atlas Home Goods Store #2321,6,WAR-800486,Marcus Chen,Yes,2,Replacement part,2023-09-16,A-10544,Issue confirmed under normal use,Other,Office Chair Gas Lift,ATL-60500,claim opened by account service
Approved,238091,GAME-LG-OTT-BLU,2023-08-30,237940,Fox Hollow Conference Services,5,WAR-800479,Elena Ruiz,Yes,4,Full chair replacement,,A-10395,Issue confirmed under normal use,Base / Leg / Armrest,Large Gaming Chair + Ottoman,PO-20995,issue reported by store manager
Closed,238473,YARD-HD-BLK,2023-08-29,,Pacific Home Store #3972,2,WAR-800270,Elena Ruiz,Yes,5,Credit,2023-09-27,A-10847,Crack pattern consistent with material defect,Plastic Shell Crack,Heavy Duty Yard Chair,PAC-66494,account sent photos with claim
Approved,237439,GAME-STD-RED,2023-08-25,,Riverstone Home Store #1473,2,WAR-800429,Samuel Ortiz,Yes,3,Replacement part,,A-10164,Gas lift failure consistent with component defect,Gas Lift,Gaming Chair,RIV-32500,account sent photos with claim
Closed,220861,GAME-LG-OTT-BLU,2023-08-23,235253,Harborview Event Group,3,WAR-800526,Marcus Chen,Yes,3,Replacement part,2023-09-02,A-10329,Issue confirmed under normal use,Ottoman Issue,Large Gaming Chair + Ottoman,PO-34963,photos reviewed by quality
Closed,239617,FOLD-MET-STD,2023-08-19,239940,Cornerstone Home Store #7901,2,WAR-800449,Priya Nair,No,2,Replacement part,2023-09-01,A-10900,Issue confirmed under normal use,Fastener / Hardware,Basic Metal Folding Chair,COR-24479,claim opened by account service
Closed,238875,YARD-STD-BLK,2023-08-07,237261,BluePeak Home Store #7612,3,WAR-800052,Marcus Chen,No,2,Full chair replacement,2023-09-10,A-10081,Shipping damage confirmed from photos,Damaged on Arrival,Standard Yard Chair,BLU-70790,claim opened by account service
Closed,223164,FOLD-CUSH,2023-08-04,231179,Atlas Home Goods Store #9000,3,WAR-800299,Elena Ruiz,Yes,2,Full chair replacement,2023-08-26,A-11197,Issue confirmed under normal use,Premature Material Deterioration,Metal Folding Chair with Cushion,ATL-88973,account sent photos with claim
Closed,230024,YARD-STD-BLK,2023-08-02,,Summit Ridge Office Interiors,2,WAR-800485,Luis Romero,Yes,1,Denied,2023-08-28,A-10085,Normal wear; no manufacturing defect found,Frame / Structural Failure,Standard Yard Chair,PO-88886,photos reviewed by quality
Closed,232392,FOLD-XL-CUSH,2023-07-28,238502,Parkside Campus Services,4,WAR-800272,Priya Nair,Yes,2,Full chair replacement,2023-08-31,A-10017,Structural failure confirmed under normal use,Frame / Structural Failure,Extra Large Cushioned Folding Chair,PO-41836,photos reviewed by quality
Closed,224020,GAME-LG-RED,2023-07-27,235053,Copper Hill Operations,1,WAR-800355,Leah Winters,Yes,5,Full chair replacement,2023-08-07,A-10838,Issue confirmed under normal use,Cushion / Foam Failure,Large Gaming Chair,PO-15227,issue reported by store manager
Closed,239047,OFF-LG-OTT-BLK,2023-07-25,235473,Maple Grove Workspace Solutions,8,WAR-800234,Marcus Chen,Yes,2,Replacement part,2023-08-07,A-10317,Shipping damage confirmed from photos,Damaged on Arrival,Large Office Chair + Ottoman,PO-68803,photos reviewed by quality
Closed,239574,GAME-LG-OTT-RED,2023-07-24,,Atlas Home Goods Store #5269,2,WAR-800242,Elena Ruiz,Yes,1,Denied,2023-08-21,A-10476,Issue could not be verified from supplied evidence,Missing / Incorrect Parts,Large Gaming Chair + Ottoman,ATL-91640,account sent photos with claim
Closed,227221,GAME-STD-OTT-BLU,2023-07-14,,Heritage Conference Services,2,WAR-800226,Elena Ruiz,Yes,1,Replacement part,2023-08-13,A-10826,Caster failure confirmed from photos,Caster / Wheel,Gaming Chair + Ottoman,227221,photos reviewed by quality
Approved,221148,OFF-STD-GRY,2023-07-14,238345,Riverstone Home Store #5724,1,WAR-800419,Marcus Chen,Yes,2,Replacement part,,A-10970,Gas lift failure consistent with component defect,Gas Lift,Standard Office Chair,RIV-36806,photos reviewed by quality
Closed,234635,OFF-LG-BLK,2023-07-06,,Seaside Operations,1,WAR-800155,Owen Brooks,Yes,4,Denied,2023-07-23,A-10126,Normal wear; no manufacturing defect found,Tilt / Recline Mechanism,Large Office Chair,PO-41613,photos reviewed by quality
Closed,234320,GAME-STD-RED,2023-07-02,,Maple Grove Event Services,2,WAR-800066,Luis Romero,Yes,5,Denied,2023-07-18,A-10984,Normal wear; no manufacturing defect found,Cushion / Foam Failure,Gaming Chair,PO-34337,issue reported by store manager
Closed,220435,GAME-STD-OTT-BLU,2023-06-30,,Prairie Home Market Store #6903,3,WAR-800093,Nora Patel,Yes,3,Full chair replacement,2023-07-08,A-10877,Issue confirmed under normal use,Cushion / Foam Failure,Gaming Chair + Ottoman,PRA-74559,account sent photos with claim
Closed,235521,FOLD-XL-CUSH,2023-06-28,,Lakeside Hospitality Group,6,WAR-800397,Nora Patel,Yes,3,Full chair replacement,2023-07-19,A-11095,Weld failure consistent with manufacturing defect,Weld / Joint Failure,Extra Large Cushioned Folding Chair,PO-51057,issue reported by store manager
Closed,228219,YARD-HD-BLK,2023-06-27,,Seaside Event Group,3,WAR-800106,Owen Brooks,Yes,2,Credit,2023-07-05,A-10111,Crack pattern consistent with material defect,Plastic Shell Crack,Heavy Duty Yard Chair,PO-97602,photos reviewed by quality
Closed,222075,PART-OFF-BASE,2023-06-25,,Bluewater Purchasing Group,3,WAR-800478,Priya Nair,Yes,3,Credit,2023-07-15,A-10749,Issue confirmed under normal use,Premature Material Deterioration,Office Chair Base,PO-39754,photos reviewed by quality
Closed,221705,GAME-STD-OTT-RED,2023-06-24,,Hearthside Market Store #5797,1,WAR-800360,Owen Brooks,Yes,2,Denied,2023-07-15,A-11117,Issue could not be verified from supplied evidence,Tilt / Recline Mechanism,Gaming Chair + Ottoman,HEA-25840,issue reported by store manager
Closed,224979,FOLD-MET-STD,2023-06-23,,Riverstone Home Store #3817,4,WAR-800170,Luis Romero,Yes,2,Replacement part,2023-07-07,A-10608,Issue confirmed under normal use,Fastener / Hardware,Basic Metal Folding Chair,RIV-39282,account sent photos with claim
Approved,225593,YARD-STD-BLK,2023-06-23,233134,Hillcrest Office Interiors,3,WAR-800382,Nora Patel,Yes,1,Replacement part,,A-10726,Crack pattern consistent with material defect,Plastic Shell Crack,Standard Yard Chair,225593,photos reviewed by quality
Closed,218304,YARD-HD-GRN,2023-06-22,238341,WestBridge Home Store #5030,4,WAR-800053,Priya Nair,No,1,Full chair replacement,2023-07-10,A-10419,Crack pattern consistent with material defect,Plastic Shell Crack,Heavy Duty Yard Chair,WES-69520,waiting on account photos
Closed,236582,FOLD-XL-CUSH,2023-06-21,,Riverstone Home Store #7889,3,WAR-800263,Luis Romero,Yes,1,Credit,2023-07-11,A-10412,Issue confirmed under normal use,Other,Extra Large Cushioned Folding Chair,RIV-40631,account sent photos with claim
Closed,239990,FOLD-CUSH,2023-06-17,233360,Urban Nest Store #0026,7,WAR-800417,Elena Ruiz,Yes,1,Replacement part,2023-07-18,A-10687,Shipping damage confirmed from photos,Damaged on Arrival,Metal Folding Chair with Cushion,URB-34271,photos reviewed by quality
Closed,226415,YARD-HD-BLK,2023-06-15,,HomeHarbor Store #8147,1,WAR-800409,Marcus Chen,Yes,1,Full chair replacement,2023-07-17,A-11039,Structural failure confirmed under normal use,Frame / Structural Failure,Heavy Duty Yard Chair,HOM-46227,account sent photos with claim
Closed,222712,YARD-HD-NVY,2023-06-12,232486,Meridian Office Supply,1,WAR-800410,Owen Brooks,Yes,3,Replacement part,2023-07-05,A-10448,Shipping damage confirmed from photos,Damaged on Arrival,Heavy Duty Yard Chair,222712,issue reported by store manager
Closed,223054,YARD-HD-WHT,2023-06-11,,Hearthside Market Store #7043,5,WAR-800369,Owen Brooks,Yes,4,Denied,2023-07-06,A-11041,Damage consistent with misuse / overload,Damaged on Arrival,Heavy Duty Yard Chair,HEA-32810,claim opened by account service
Closed,234728,GAME-LG-RED,2023-06-08,,Twin Rivers Office Supply,1,WAR-800201,Elena Ruiz,Yes,3,Denied,2023-07-05,A-10884,Normal wear; no manufacturing defect found,Other,Large Gaming Chair,PO-58746,issue reported by store manager
Closed,229034,GAME-LG-OTT-BLU,2023-06-07,237916,Canyon Meeting Solutions,5,WAR-800390,Samuel Ortiz,Yes,1,Full chair replacement,2023-07-10,A-10529,Issue confirmed under normal use,Cushion / Foam Failure,Large Gaming Chair + Ottoman,PO-16086,photos reviewed by quality
Approved,220391,YARD-STD-BLK,2023-05-30,,Urban Nest Store #2493,4,WAR-800366,Luis Romero,Yes,1,Full chair replacement,,A-10969,Crack pattern consistent with material defect,Plastic Shell Crack,Standard Yard Chair,URB-69336,issue reported by store manager
Closed,229423,FOLD-MET-STD,2023-05-29,235661,Summit Home Store #3599,3,WAR-800247,Marcus Chen,Yes,1,Replacement part,2023-06-05,A-10996,Structural failure confirmed under normal use,Frame / Structural Failure,Basic Metal Folding Chair,SUM-42554,issue reported by store manager
Closed,224493,YARD-STD-NVY,2023-05-28,233097,Parkside Event Group,6,WAR-800279,Nora Patel,Yes,3,Replacement part,2023-06-15,A-10013,Missing/incorrect hardware confirmed,Missing / Incorrect Parts,Standard Yard Chair,PO-38777,photos reviewed by quality
Closed,239881,FOLD-MET-STD,2023-05-24,236101,Westlake Purchasing Group,1,WAR-800253,Luis Romero,Yes,3,Full chair replacement,2023-06-22,A-10489,Weld failure consistent with manufacturing defect,Weld / Joint Failure,Basic Metal Folding Chair,PO-14209,issue reported by store manager
Closed,220307,GAME-LG-OTT-BLU,2023-05-18,231660,Bluewater Workspace Solutions,4,WAR-800264,Nora Patel,Yes,1,Replacement part,2023-05-25,A-10103,Issue confirmed under normal use,Fastener / Hardware,Large Gaming Chair + Ottoman,PO-50017,issue reported by store manager
Closed,228003,OFF-STD-BLK,2023-05-17,,BluePeak Home Store #4758,1,WAR-800283,Luis Romero,No,4,Credit,2023-05-29,A-10044,Issue confirmed under normal use,Upholstery / Seam Failure,Standard Office Chair,BLU-44495,claim opened by account service
Closed,228256,YARD-STD-BLK,2023-05-02,,NorthMart Store #3262,1,WAR-800343,Priya Nair,Yes,3,Denied,2023-05-14,A-10816,Issue could not be verified from supplied evidence,Fastener / Hardware,Standard Yard Chair,NOR-54332,issue reported by store manager
Closed,226506,OFF-LG-OTT-GRY,2023-05-01,231281,Aspen Community Center,1,WAR-800552,Marcus Chen,Yes,3,Replacement part,2023-05-18,A-10253,Gas lift failure consistent with component defect,Gas Lift,Large Office Chair + Ottoman,226506,issue reported by store manager
Closed,226288,FOLD-XL-CUSH,2023-04-22,,Granite Office Interiors,2,WAR-800454,Luis Romero,No,2,Credit,2023-05-16,A-11131,Issue confirmed under normal use,Premature Material Deterioration,Extra Large Cushioned Folding Chair,226288,waiting on account photos
Closed,227743,OFF-LG-BLK,2023-04-11,,Amelia Foster,1,WAR-800358,Devon Hale,Yes,1,Denied,2023-05-08,A-10568,Damage consistent with misuse / overload,Gas Lift,Large Office Chair,227743,issue reported by store manager
Closed,228917,YARD-HD-GRN,2023-04-06,,Silver Lake Purchasing Group,2,WAR-800582,Luis Romero,Yes,4,Denied,2023-04-22,A-10715,Outside warranty coverage,Premature Material Deterioration,Heavy Duty Yard Chair,PO-91869,issue reported by store manager
Closed,227660,FOLD-MET-STD,2023-03-25,,Fox Hollow Conference Services,2,WAR-800345,Elena Ruiz,Yes,1,Full chair replacement,2023-04-24,A-10395,Issue confirmed under normal use,Fastener / Hardware,Basic Metal Folding Chair,PO-88397,photos reviewed by quality
Closed,224786,GAME-LG-RED,2023-03-18,234756,Urban Nest Store #0639,1,WAR-800439,Priya Nair,Yes,1,Replacement part,2023-04-06,A-10696,Mechanism failure confirmed,Tilt / Recline Mechanism,Large Gaming Chair,URB-62942,claim opened by account service
Closed,226167,OFF-LG-OTT-GRY,2023-03-14,233655,Fairview School Supply,2,WAR-800078,Marcus Chen,Yes,4,Replacement part,2023-04-14,A-10109,Issue confirmed under normal use,Ottoman Issue,Large Office Chair + Ottoman,226167,photos reviewed by quality
Closed,225124,GAME-LG-OTT-RED,2023-03-11,,Golden State Workspace Solutions,4,WAR-800309,Leah Winters,Yes,1,Replacement part,2023-03-22,A-10266,Gas lift failure consistent with component defect,Gas Lift,Large Gaming Chair + Ottoman,PO-67223,claim opened by account service
Closed,215012,PART-FOLD-CUSH,2023-03-08,239663,NorthMart Store #2249,2,WAR-800058,Leah Winters,Yes,2,Replacement part,2023-03-18,A-10392,Shipping damage confirmed from photos,Damaged on Arrival,Folding Chair Cushion Pad,NOR-40836,issue reported by store manager
Closed,222696,FOLD-MET-STD,2023-02-23,,Cedar Ridge Procurement,1,WAR-800285,Owen Brooks,Yes,3,Replacement part,2023-03-23,A-10550,Issue confirmed under normal use,Fastener / Hardware,Basic Metal Folding Chair,PO-27560,photos reviewed by quality
Closed,221114,PART-OFF-ARM,2023-02-14,236055,Seaside Office Supply,4,WAR-800310,Marcus Chen,Yes,1,Replacement part,2023-02-21,A-11045,Missing/incorrect hardware confirmed,Missing / Incorrect Parts,Office Chair Armrest Set,PO-49424,photos reviewed by quality
Closed,227144,OFF-STD-OTT-BLK,2023-02-07,232690,Aspen Workplace Group,5,WAR-800372,Owen Brooks,Yes,2,Replacement part,2023-02-18,A-11174,Issue confirmed under normal use,Fastener / Hardware,Standard Office Chair + Ottoman,PO-18314,issue reported by store manager
Closed,220329,OFF-STD-GRY,2023-02-05,,Hillcrest Workspace Solutions,1,WAR-800104,Luis Romero,Yes,1,Replacement part,2023-03-07,A-10695,Gas lift failure consistent with component defect,Gas Lift,Standard Office Chair,220329,photos reviewed by quality
Closed,225631,OFF-STD-OTT-BLK,2023-02-03,238236,Leo Foster,2,WAR-800130,Devon Hale,Yes,1,Full chair replacement,2023-02-23,A-11056,Gas lift failure consistent with component defect,Gas Lift,Standard Office Chair + Ottoman,225631,account sent photos with claim
Approved,221926,YARD-HD-BLK,2023-01-28,,BluePeak Home Store #7164,4,WAR-800520,Luis Romero,No,3,Credit,,A-11154,Crack pattern consistent with material defect,Plastic Shell Crack,Heavy Duty Yard Chair,BLU-48756,waiting on account photos
Closed,220436,YARD-HD-WHT,2023-01-27,232584,BluePeak Home Store #4157,4,WAR-800383,Luis Romero,Yes,3,Full chair replacement,2023-02-23,A-10776,Crack pattern consistent with material defect,Plastic Shell Crack,Heavy Duty Yard Chair,BLU-37252,claim opened by account service
Closed,223976,YARD-STD-BLK,2023-01-22,,MetroHouse Store #6360,3,WAR-800184,Marcus Chen,Yes,1,Denied,2023-02-21,A-10212,Damage consistent with misuse / overload,Frame / Structural Failure,Standard Yard Chair,MET-15272,claim opened by account service
Closed,225795,FOLD-MET-STD,2023-01-20,,Urban Nest Store #2372,1,WAR-800315,Luis Romero,Yes,2,Denied,2023-02-04,A-10430,Outside warranty coverage,Frame / Structural Failure,Basic Metal Folding Chair,URB-20440,account sent photos with claim
Closed,227422,YARD-HD-GRN,2023-01-19,,Riverstone Home Store #4100,1,WAR-800426,Priya Nair,Yes,2,Credit,2023-02-10,A-10318,Crack pattern consistent with material defect,Plastic Shell Crack,Heavy Duty Yard Chair,RIV-60407,photos reviewed by quality
Closed,222692,OFF-STD-BLK,2023-01-18,232759,Summit Home Store #3436,2,WAR-800575,Leah Winters,Yes,1,Full chair replacement,2023-02-09,A-10799,Issue confirmed under normal use,Cushion / Foam Failure,Standard Office Chair,SUM-99636,photos reviewed by quality
Closed,219105,GAME-STD-OTT-BLU,2023-01-16,232635,WestBridge Home Store #4529,1,WAR-800437,Nora Patel,No,1,Replacement part,2023-01-30,A-10954,Issue confirmed under normal use,Fastener / Hardware,Gaming Chair + Ottoman,WES-99555,claim opened by account service
Approved,223162,GAME-STD-BLU,2023-01-13,,NorthMart Store #1765,1,WAR-800185,Elena Ruiz,No,3,Full chair replacement,,A-10222,Issue confirmed under normal use,Upholstery / Seam Failure,Gaming Chair,NOR-85633,waiting on account photos
Closed,219175,OFF-LG-GRY,2023-01-12,232006,Granite Hospitality Group,1,WAR-800352,Priya Nair,Yes,1,Replacement part,2023-02-12,A-10401,Missing/incorrect hardware confirmed,Missing / Incorrect Parts,Large Office Chair,PO-71480,account sent photos with claim
Closed,227816,YARD-STD-GRN,2023-01-04,232526,Urban Nest Store #3934,3,WAR-800546,Leah Winters,Yes,1,Full chair replacement,2023-01-17,A-10384,Crack pattern consistent with material defect,Plastic Shell Crack,Standard Yard Chair,URB-94847,photos reviewed by quality
Approved,220465,PART-OFF-BASE,2022-12-26,,Hearthside Market Store #1501,4,WAR-800333,Marcus Chen,Yes,1,Credit,,A-10492,Issue confirmed under normal use,Premature Material Deterioration,Office Chair Base,HEA-98153,claim opened by account service
Closed,221967,FOLD-MET-STD,2022-12-17,,PrimeHouse Store #7834,4,WAR-800367,Priya Nair,Yes,3,Denied,2022-12-25,A-10961,Outside warranty coverage,Cushion / Foam Failure,Basic Metal Folding Chair,PRI-38532,account sent photos with claim
Closed,226556,OFF-STD-OTT-BLK,2022-12-09,,Bluewater Facilities,1,WAR-800404,Marcus Chen,Yes,1,Replacement part,2022-12-25,A-10193,Mechanism failure confirmed,Tilt / Recline Mechanism,Standard Office Chair + Ottoman,226556,claim opened by account service
Closed,225689,GAME-STD-RED,2022-12-05,,Silver Lake Facility Services,2,WAR-800287,Nora Patel,Yes,3,Credit,2023-01-03,A-10560,Issue confirmed under normal use,Premature Material Deterioration,Gaming Chair,225689,account sent photos with claim
Approved,224323,GAME-LG-BLU,2022-12-04,227172,Heritage Procurement,3,WAR-800379,Nora Patel,Yes,1,Replacement part,,A-10943,Mechanism failure confirmed,Tilt / Recline Mechanism,Large Gaming Chair,PO-90776,account sent photos with claim
Closed,227765,OFF-LG-GRY,2022-11-29,,Granite Corporate Services,4,WAR-800377,Marcus Chen,Yes,4,Full chair replacement,2022-12-22,A-11220,Structural failure confirmed under normal use,Frame / Structural Failure,Large Office Chair,227765,issue reported by store manager
Closed,227193,OFF-LG-BLK,2022-11-25,,Evergreen Operations,2,WAR-800220,Owen Brooks,Yes,4,Replacement part,2022-12-10,A-10473,Issue confirmed under normal use,Fastener / Hardware,Large Office Chair,PO-47627,photos reviewed by quality
Approved,228780,YARD-STD-BLK,2022-11-25,220230,MetroHouse Store #7127,6,WAR-800387,Leah Winters,No,4,Replacement part,,A-11002,Missing/incorrect hardware confirmed,Missing / Incorrect Parts,Standard Yard Chair,MET-93810,waiting on account photos
Closed,214451,YARD-STD-GRN,2022-11-24,,Harborview Facilities,4,WAR-800164,Samuel Ortiz,Yes,1,Full chair replacement,2022-12-01,A-10328,Issue confirmed under normal use,Other,Standard Yard Chair,PO-79102,photos reviewed by quality
Closed,217756,YARD-HD-WHT,2022-11-22,,GreenLine Living Store #4090,1,WAR-800113,Marcus Chen,Yes,3,Full chair replacement,2022-12-13,A-10183,Shipping damage confirmed from photos,Damaged on Arrival,Heavy Duty Yard Chair,BLANKET-5169,photos reviewed by quality
Closed,218101,FOLD-PAD-OLD,2022-11-18,228377,Riverstone Home Store #7901,7,WAR-800490,Priya Nair,No,2,Full chair replacement,2022-11-30,A-10500,Issue confirmed under normal use,Cushion / Foam Failure,Metal Folding Chair with Cushion,RIV-20406,claim opened by account service
Closed,210454,FOLD-XL-CUSH,2022-11-16,,Silver Lake Purchasing Group,2,WAR-800322,Samuel Ortiz,Yes,2,Full chair replacement,2022-12-11,A-10715,Shipping damage confirmed from photos,Damaged on Arrival,Extra Large Cushioned Folding Chair,PO-43103,account sent photos with claim
Closed,227074,GAME-LG-BLU,2022-11-15,229809,Heritage Procurement,1,WAR-800401,Priya Nair,Yes,2,Replacement part,2022-12-12,A-10943,Caster failure confirmed from photos,Caster / Wheel,Large Gaming Chair,PO-35477,photos reviewed by quality
Closed,220601,FOLD-MET-STD,2022-11-13,225926,Atlas Home Goods Store #2321,2,WAR-800008,Owen Brooks,Yes,1,Full chair replacement,2022-12-15,A-10544,Structural failure confirmed under normal use,Frame / Structural Failure,Basic Metal Folding Chair,ATL-68986,issue reported by store manager
Closed,217480,YARD-HD-WHT,2022-11-09,221074,Cornerstone Home Store #6997,5,WAR-800291,Marcus Chen,Yes,2,Replacement part,2022-12-09,A-10688,Crack pattern consistent with material defect,Plastic Shell Crack,Heavy Duty Yard Chair,COR-59177,photos reviewed by quality
Closed,224210,OFF-LG-OTT-BLK,2022-11-03,,GreenLine Living #0800,1,WAR-800034,Marcus Chen,Yes,5,Denied,2022-12-02,A-11250,Outside warranty coverage,Upholstery / Seam Failure,Large Office Chair + Ottoman,GRE-78140,claim opened by account service
Closed,217354,YARD-HD-WHT,2022-10-27,,Summit Home Store #2560,4,WAR-800215,Elena Ruiz,Yes,2,Denied,2022-11-29,A-10123,Outside warranty coverage,Frame / Structural Failure,Heavy Duty Yard Chair,SUM-44014,account sent photos with claim
Closed,227623,OFF-STD-GRY,2022-10-23,222946,Elmwood Business Furnishings,3,WAR-800547,Owen Brooks,Yes,2,Full chair replacement,2022-11-13,A-10088,Shipping damage confirmed from photos,Damaged on Arrival,Standard Office Chair,PO-20656,issue reported by store manager
Closed,213173,OFF-LG-GRY,2022-10-22,,Silver Lake Corporate Services,2,WAR-800337,Marcus Chen,Yes,2,Denied,2022-11-19,A-10130,Issue could not be verified from supplied evidence,Damaged on Arrival,Large Office Chair,PO-10582,photos reviewed by quality
Closed,227642,GAME-LG-BLU,2022-10-21,229840,Evergreen Community Center,6,WAR-800453,Samuel Ortiz,No,2,Replacement part,2022-11-10,A-10871,Mechanism failure confirmed,Tilt / Recline Mechanism,Large Gaming Chair,BLANKET-1181,waiting on account photos
Approved,225673,OFF-STD-OTT-BLK,2022-10-19,,Riverstone Home Store #0639,3,WAR-800513,Priya Nair,Yes,3,Full chair replacement,,A-10029,Structural failure confirmed under normal use,Frame / Structural Failure,Standard Office Chair + Ottoman,RIV-38885,claim opened by account service
Closed,215978,FOLD-MET-STD,2022-10-15,225276,Northline Meeting Solutions,4,WAR-800339,Luis Romero,Yes,1,Replacement part,2022-11-18,A-11105,Structural failure confirmed under normal use,Frame / Structural Failure,Basic Metal Folding Chair,PO-41756,issue reported by store manager
Closed,223162,FOLD-XL-CUSH,2022-10-07,,NorthMart Store #1765,1,WAR-800112,Elena Ruiz,Yes,1,Full chair replacement,2022-10-14,A-10222,Shipping damage confirmed from photos,Damaged on Arrival,Extra Large Cushioned Folding Chair,NOR-85633,issue reported by store manager
Closed,223645,FOLD-CUSH,2022-09-30,,Meridian Procurement,3,WAR-800488,Priya Nair,No,1,Credit,2022-11-01,A-10277,Issue confirmed under normal use,Other,Metal Folding Chair with Cushion,PO-11128,claim opened by account service
Closed,228821,FOLD-MET-STD,2022-09-27,224981,Seaside Meeting Solutions,2,WAR-800018,Marcus Chen,Yes,2,Replacement part,2022-10-05,A-10221,Structural failure confirmed under normal use,Frame / Structural Failure,Basic Metal Folding Chair,PO-66039,photos reviewed by quality
Closed,226242,YARD-HD-BLK,2022-09-24,,Cedar Ridge School Supply,3,WAR-800518,Priya Nair,No,1,Full chair replacement,2022-10-08,A-10284,Issue confirmed under normal use,Premature Material Deterioration,Heavy Duty Yard Chair,PO-28918,claim opened by account service
Closed,226179,GAME-STD-OTT-RED,2022-09-22,221556,Ryan Bailey,1,WAR-800532,Devon Hale,Yes,1,Replacement part,2022-10-14,A-10506,Issue confirmed under normal use,Base / Leg / Armrest,Gaming Chair + Ottoman,226179,account sent photos with claim
Closed,214834,FOLD-CUSH,2022-09-20,,Urban Nest Store #9394,1,WAR-800381,Nora Patel,Yes,2,Denied,2022-09-28,A-10964,Issue could not be verified from supplied evidence,Weld / Joint Failure,Metal Folding Chair with Cushion,URB-85628,account sent photos with claim
Closed,224950,FOLD-XL-CUSH,2022-09-19,,Atlas Home Goods Store #5809,7,WAR-800549,Elena Ruiz,Yes,1,Denied,2022-10-01,A-10843,Damage consistent with misuse / overload,Cushion / Foam Failure,Extra Large Cushioned Folding Chair,ATL-82875,claim opened by account service
Denied,224251,GAME-LG-OTT-RED,2022-09-17,,BluePeak Home Store #8693,3,WAR-800123,Elena Ruiz,Yes,3,Denied,2022-10-13,A-11169,Issue could not be verified from supplied evidence,Base / Leg / Armrest,Large Gaming Chair + Ottoman,BLU-62836,claim opened by account service
Closed,227430,GAME-STD-BLU,2022-09-16,,Fairview Office Supply,2,WAR-800021,Samuel Ortiz,No,1,Denied,2022-10-05,A-11139,Outside warranty coverage,Base / Leg / Armrest,Gaming Chair,227430,issue reported by store manager
Closed,224575,GAME-LG-OTT-RED,2022-09-15,228186,Highland Operations,1,WAR-800023,Marcus Chen,Yes,2,Replacement part,2022-10-20,A-10198,Issue confirmed under normal use,Cushion / Foam Failure,Large Gaming Chair + Ottoman,PO-96591,account sent photos with claim
Closed,219224,YARD-STD-BLK,2022-09-12,,GreenLine Living Store #3435,2,WAR-800221,Marcus Chen,Yes,3,Credit,2022-10-10,A-10256,Issue confirmed under normal use,Premature Material Deterioration,Standard Yard Chair,GRE-97173,claim opened by account service
Closed,221598,FOLD-XL-CUSH,2022-09-08,221701,Cedar & Main Store #0035,2,WAR-800210,Samuel Ortiz,Yes,1,Replacement part,2022-10-09,A-10270,Weld failure consistent with manufacturing defect,Weld / Joint Failure,Extra Large Cushioned Folding Chair,CED-94273,issue reported by store manager
Closed,222696,OFF-LG-OTT-GRY,2022-09-06,,Cedar Ridge Procurement,5,WAR-800013,Owen Brooks,Yes,4,Replacement part,2022-10-08,A-10550,Gas lift failure consistent with component defect,Gas Lift,Large Office Chair + Ottoman,PO-27560,photos reviewed by quality
Closed,227894,YARD-HD-GRN,2022-09-03,,Prairie Home Market Store #8328,3,WAR-800380,Luis Romero,Yes,2,Denied,2022-09-12,A-10258,Normal wear; no manufacturing defect found,Damaged on Arrival,Heavy Duty Yard Chair,PRA-61827,claim opened by account service
Closed,222713,FOLD-MET-STD,2022-08-30,,Harborview Workspace Solutions,3,WAR-800140,Luis Romero,Yes,2,Full chair replacement,2022-10-03,A-10661,Weld failure consistent with manufacturing defect,Weld / Joint Failure,Basic Metal Folding Chair,PO-94957,account sent photos with claim
Closed,220996,OFF-LG-OTT-BLK,2022-08-28,224498,Willow Creek Procurement,2,WAR-800599,Marcus Chen,Yes,1,Replacement part,2022-09-10,A-10182,Issue confirmed under normal use,Premature Material Deterioration,Large Office Chair + Ottoman,PO-66405,account sent photos with claim
Closed,224376,GAME-LG-BLU,2022-08-22,,NorthMart Store #4896,2,WAR-800307,Priya Nair,No,3,Denied,2022-09-25,A-10960,Damage consistent with misuse / overload,Cushion / Foam Failure,Large Gaming Chair,NOR-84967,claim opened by account service
Denied,228330,OFF-STD-OTT-GRY,2022-08-21,,Bluewater Hospitality Group,2,WAR-800312,Priya Nair,No,2,Denied,2022-09-17,A-10691,Damage consistent with misuse / overload,Base / Leg / Armrest,Standard Office Chair + Ottoman,PO-80934,claim opened by account service
Closed,211160,PART-FOLD-HINGE,2022-08-16,,Riverstone Home Store #7889,4,WAR-800386,Marcus Chen,Yes,2,Credit,2022-08-23,A-10412,Issue confirmed under normal use,Other,Folding Chair Hinge Set,RIV-54606,account sent photos with claim
Closed,221432,FOLD-XL-CUSH,2022-08-14,229719,Riverstone Home Store #6544,3,WAR-800536,Priya Nair,Yes,2,Full chair replacement,2022-08-25,A-10587,Missing/incorrect hardware confirmed,Missing / Incorrect Parts,Extra Large Cushioned Folding Chair,RIV-50758,account sent photos with claim
Closed,225649,GAME-STD-OTT-RED,2022-08-13,,Cornerstone Home Store #7901,1,WAR-800011,Priya Nair,Yes,1,Denied,2022-08-25,A-10900,Damage consistent with misuse / overload,Other,Gaming Chair + Ottoman,COR-65721,photos reviewed by quality
Closed,227958,YARD-STD-NVY,2022-08-12,229677,BluePeak Home Store #4157,6,WAR-800600,Owen Brooks,No,2,Replacement part,2022-08-28,A-10776,Missing/incorrect hardware confirmed,Missing / Incorrect Parts,Standard Yard Chair,BLU-20948,issue reported by store manager
Closed,218783,YARD-STD-NVY,2022-08-03,,GreenLine Living Store #4445,1,WAR-800069,Elena Ruiz,Yes,3,Credit,2022-09-06,A-10041,Issue confirmed under normal use,Other,Standard Yard Chair,GRE-82124,issue reported by store manager
Closed,218517,GAME-STD-OTT-BLU,2022-07-31,,Heritage Conference Services,2,WAR-800207,Marcus Chen,Yes,2,Denied,2022-08-19,A-10826,Damage consistent with misuse / overload,Gas Lift,Gaming Chair + Ottoman,218517,claim opened by account service
Closed,227398,OFF-STD-OTT-GRY,2022-07-29,220512,Cedar Ridge Facilities,7,WAR-800152,Samuel Ortiz,Yes,2,Replacement part,2022-08-27,A-10773,Gas lift failure consistent with component defect,Gas Lift,Standard Office Chair + Ottoman,227398,photos reviewed by quality
Closed,212435,FOLD-XL-CUSH,2022-07-28,,Harborview Workspace Solutions,1,WAR-800444,Luis Romero,Yes,4,Credit,2022-08-28,A-10661,Structural failure confirmed under normal use,Frame / Structural Failure,Extra Large Cushioned Folding Chair,PO-89674,issue reported by store manager
Closed,216779,GAME-STD-BLU,2022-07-27,,NorthMart Store #2543,2,WAR-800003,Marcus Chen,Yes,3,Denied,2022-08-04,A-10528,Outside warranty coverage,Tilt / Recline Mechanism,Gaming Chair,NOR-73473,account sent photos with claim
Closed,225655,FOLD-CUSH,2022-07-23,226102,Urban Nest Store #1705,1,WAR-800325,Elena Ruiz,Yes,2,Replacement part,2022-08-13,A-10792,Issue confirmed under normal use,Cushion / Foam Failure,Metal Folding Chair with Cushion,URB-97968,claim opened by account service
Closed,211832,YARD-HD-GRN,2022-07-20,,Canyon Design Studio,2,WAR-800076,Elena Ruiz,Yes,2,Replacement part,2022-08-19,A-11166,Missing/incorrect hardware confirmed,Missing / Incorrect Parts,Heavy Duty Yard Chair,PO-35777,claim opened by account service
Closed,225283,OFF-STD-OTT-BLK,2022-07-13,,NorthMart Store #5021,2,WAR-800255,Marcus Chen,Yes,3,Denied,2022-08-17,A-10301,Normal wear; no manufacturing defect found,Fastener / Hardware,Standard Office Chair + Ottoman,NOR-95643,claim opened by account service
Closed,213425,FOLD-XL-CUSH,2022-07-11,,NorthMart Store #2249,1,WAR-800529,Priya Nair,Yes,2,Full chair replacement,2022-08-01,A-10392,Structural failure confirmed under normal use,Frame / Structural Failure,Extra Large Cushioned Folding Chair,NOR-35239,issue reported by store manager
Closed,221891,YARD-HD-WHT,2022-07-09,226981,Willow Creek Procurement,3,WAR-800578,Leah Winters,Yes,2,Replacement part,2022-07-24,A-10182,Shipping damage confirmed from photos,Damaged on Arrival,Heavy Duty Yard Chair,PO-81255,photos reviewed by quality
Closed,220865,FOLD-XL-CUSH,2022-07-02,229631,MetroHouse Store #7127,2,WAR-800595,Marcus Chen,Yes,2,Full chair replacement,2022-07-26,A-11002,Issue confirmed under normal use,Fastener / Hardware,Extra Large Cushioned Folding Chair,MET-70919,photos reviewed by quality
Closed,216430,FOLD-MET-STD,2022-06-22,222995,MetroHouse Store #3516,2,WAR-800110,Marcus Chen,Yes,2,Replacement part,2022-07-05,A-10216,Issue confirmed under normal use,Fastener / Hardware,Basic Metal Folding Chair,BLANKET-7696,account sent photos with claim
Approved,229086,FOLD-PAD-OLD,2022-06-22,,Atlas Home Goods Store #6224,1,WAR-800458,Owen Brooks,Yes,1,Credit,,A-10064,Structural failure confirmed under normal use,Frame / Structural Failure,Metal Folding Chair with Cushion,ATL-64994,claim opened by account service
Closed,210245,GAME-LG-BLU,2022-06-21,228572,Lena Nguyen,1,WAR-800413,Devon Hale,Yes,1,Full chair replacement,2022-07-04,A-11108,Structural failure confirmed under normal use,Frame / Structural Failure,Large Gaming Chair,210245,account sent photos with claim
Closed,210856,YARD-STD-WHT,2022-06-18,220082,Cedar & Main Store #0035,2,WAR-800538,Priya Nair,Yes,1,Replacement part,2022-07-07,A-10270,Issue confirmed under normal use,Other,Standard Yard Chair,CED-41433,claim opened by account service
Closed,224193,OFF-LG-OTT-BLK,2022-06-08,,Cascade Facilities,4,WAR-800239,Nora Patel,Yes,1,Denied,2022-06-16,A-11125,Outside warranty coverage,Gas Lift,Large Office Chair + Ottoman,PO-84107,account sent photos with claim
Closed,228691,GAME-LG-OTT-BLU,2022-05-21,,HomeHarbor Store #0464,2,WAR-800374,Luis Romero,Yes,2,Denied,2022-06-24,A-11228,Damage consistent with misuse / overload,Caster / Wheel,Large Gaming Chair + Ottoman,HOM-48005,claim opened by account service
Closed,216721,GAME-STD-OTT-RED,2022-05-21,221377,Cedar & Main Store #3964,1,WAR-800446,Luis Romero,Yes,1,Replacement part,2022-05-29,A-10120,Issue confirmed under normal use,Base / Leg / Armrest,Gaming Chair + Ottoman,CED-59070,photos reviewed by quality
Closed,212868,YARD-HD-WHT,2022-05-12,,Cornerstone Home Store #8404,2,WAR-800148,Leah Winters,No,1,Denied,2022-06-04,A-10837,Outside warranty coverage,Fastener / Hardware,Heavy Duty Yard Chair,COR-23120,claim opened by account service
Closed,217681,OFF-LG-OTT-BLK,2022-05-03,225340,Northline Office Interiors,4,WAR-800450,Nora Patel,Yes,3,Replacement part,2022-05-31,A-11208,Gas lift failure consistent with component defect,Gas Lift,Large Office Chair + Ottoman,217681,issue reported by store manager
Approved,228488,GAME-STD-RED,2022-04-24,,Urban Nest Store #7850,2,WAR-800063,Luis Romero,Yes,3,Replacement part,,A-10257,Caster failure confirmed from photos,Caster / Wheel,Gaming Chair,URB-55341,account sent photos with claim
Closed,227797,GAME-LG-BLU,2022-04-17,226395,Leo Foster,1,WAR-800126,Devon Hale,Yes,1,Replacement part,2022-04-25,A-11056,Missing/incorrect hardware confirmed,Missing / Incorrect Parts,Large Gaming Chair,227797,claim opened by account service
Closed,224559,GAME-STD-RED,2022-04-12,228197,Urban Nest Store #6207,6,WAR-800463,Marcus Chen,Yes,1,Replacement part,2022-05-08,A-10810,Issue confirmed under normal use,Fastener / Hardware,Gaming Chair,URB-68911,account sent photos with claim
Closed,212838,OFF-STD-OTT-GRY,2022-04-08,,Summit Ridge School Supply,10,WAR-800565,Luis Romero,Yes,1,Replacement part,2022-04-22,A-10605,Mechanism failure confirmed,Tilt / Recline Mechanism,Standard Office Chair + Ottoman,212838,claim opened by account service
Closed,224708,OFF-LG-GRY,2022-04-04,225244,Elise Nguyen,2,WAR-800001,Nora Patel,Yes,1,Full chair replacement,2022-04-24,A-11173,Caster failure confirmed from photos,Caster / Wheel,Large Office Chair,224708,photos reviewed by quality
Approved,217817,GAME-STD-OTT-BLU,2022-04-02,,Northline Meeting Solutions,6,WAR-800428,Marcus Chen,Yes,1,Credit,,A-11105,Issue confirmed under normal use,Premature Material Deterioration,Gaming Chair + Ottoman,PO-91700,claim opened by account service
Closed,214586,OFF-LG-OTT-BLK,2022-03-11,,MetroHouse Store #2116,2,WAR-800517,Nora Patel,Yes,2,Replacement part,2022-03-26,A-10982,Structural failure confirmed under normal use,Frame / Structural Failure,Large Office Chair + Ottoman,MET-59604,account sent photos with claim
Closed,215271,PART-OFF-ARM,2022-02-19,,Harborview Workspace Solutions,2,WAR-800436,Luis Romero,No,2,Denied,2022-03-08,A-10661,Damage consistent with misuse / overload,Premature Material Deterioration,Office Chair Armrest Set,PO-17564,waiting on account photos
Closed,216486,GAME-STD-RED,2022-01-10,,Twin Rivers Conference Services,1,WAR-800441,Priya Nair,Yes,1,Denied,2022-02-08,A-10552,Issue could not be verified from supplied evidence,Damaged on Arrival,Gaming Chair,PO-72025,photos reviewed by quality
